{"type":"FeatureCollection","generated":"2026-09-09T10:33:29Z","sources_failed":[],"attribution":"Data: Environment and Climate Change Canada \u00b7 Fisheries and Oceans Canada (CHS) \u00b7 Ottawa River Regulation Planning Board \u00b7 Hydro-Qu\u00e9bec \u00b7 Qu\u00e9bec MSP/MELCCFP. Provisional data.","features":[{"type":"Feature","geometry":{"type":"Point","coordinates":[-121.80345,56.52789]},"properties":{"id":"07FA008","name":"Cameron River At Upper Halfway Road","prov":"BC","kind":"river","level":44.596,"time":"2026-09-09T09:35:00Z","src":"eccc"}},{"type":"Feature","geometry":{"type":"Point","coordinates":[-120.27957,50.14325]},"properties":{"id":"08LG069","name":"Douglas Lake At Spaxomin","prov":"BC","kind":"lake","level":1.397,"time":"2026-09-09T09:45:00Z","src":"eccc"}},{"type":"Feature","geometry":{"type":"Point","coordinates":[-116.43504,49.73727]},"properties":{"id":"08NG077","name":"St. Mary River Below Morris Creek","prov":"BC","kind":"river","level":1.424,"discharge":2.05,"time":"2026-09-09T09:35:00Z","src":"eccc","class":"normal","classBy":"level","p50":1.426}},{"type":"Feature","geometry":{"type":"Point","coordinates":[-125.26758,50.03364]},"properties":{"id":"08HD022","name":"Campbell River At Campbell River Lodge","prov":"BC","kind":"river","level":0.83,"time":"2026-09-09T10:15:00Z","src":"eccc","class":"very-high","classBy":"level","p50":0.22}},{"type":"Feature","geometry":{"type":"Point","coordinates":[-124.99577,49.69225]},"properties":{"id":"08HB083","name":"Courtenay River At 5Th Avenue Bridge","prov":"BC","kind":"river","level":2.225,"time":"2026-09-09T10:05:00Z","src":"eccc","class":"very-high","classBy":"level","p50":1.484}},{"type":"Feature","geometry":{"type":"Point","coordinates":[-119.50206,49.07784]},"properties":{"id":"08NM200","name":"Inkaneep Creek Near The Mouth","prov":"BC","kind":"river","level":1.176,"discharge":0.05,"time":"2026-09-09T10:05:00Z","src":"eccc","class":"very-low","classBy":"level","p50":1.314}},{"type":"Feature","geometry":{"type":"Point","coordinates":[-117.5648,49.46008]},"properties":{"id":"08NJ013","name":"Slocan River Near Crescent Valley","prov":"BC","kind":"river","level":0.803,"discharge":31.9,"time":"2026-09-09T10:15:00Z","src":"eccc","class":"normal","classBy":"level","p50":0.822}},{"type":"Feature","geometry":{"type":"Point","coordinates":[-116.93032,49.65404]},"properties":{"id":"08NH064","name":"Kootenay Lake At Queens Bay","prov":"BC","kind":"reservoir","level":531.348,"time":"2026-09-09T10:15:00Z","src":"eccc","class":"low","classBy":"level","p50":531.617,"resName":"Kootenay Lake (Corra Linn Dam)","resOperator":"FortisBC / IJC-regulated","fslM":531.97}},{"type":"Feature","geometry":{"type":"Point","coordinates":[-122.92511,50.91353]},"properties":{"id":"08ME030","name":"Gun Creek Above Carpenter Lake","prov":"BC","kind":"river","level":4.457,"discharge":12.6,"time":"2026-09-09T09:40:00Z","src":"eccc"}},{"type":"Feature","geometry":{"type":"Point","coordinates":[-124.23337,55.20253]},"properties":{"id":"07ED001","name":"Nation River Near Fort St. James","prov":"BC","kind":"river","level":0.881,"discharge":21.9,"time":"2026-09-09T09:40:00Z","src":"eccc","class":"normal","classBy":"discharge","p50":18.2}},{"type":"Feature","geometry":{"type":"Point","coordinates":[-124.91736,49.66389]},"properties":{"id":"08HB087","name":"Comox Harbour At Goose Spit","prov":"BC","kind":"river","level":5.188,"time":"2026-09-09T09:35:00Z","src":"eccc","class":"very-high","classBy":"level","p50":4.453}},{"type":"Feature","geometry":{"type":"Point","coordinates":[-125.28692,50.03736]},"properties":{"id":"08HD035","name":"Campbell River Near Campbell River Cableway","prov":"BC","kind":"river","level":3.909,"discharge":32.2,"time":"2026-09-09T10:15:00Z","src":"eccc","class":"low","classBy":"level","p50":3.938}},{"type":"Feature","geometry":{"type":"Point","coordinates":[-118.69519,49.04742]},"properties":{"id":"08NN029","name":"Boundary Creek Near Boundary Falls","prov":"BC","kind":"river","level":1.296,"discharge":0.139,"time":"2026-09-09T09:40:00Z","src":"eccc"}},{"type":"Feature","geometry":{"type":"Point","coordinates":[-120.91086,50.60783]},"properties":{"id":"08LG056","name":"Guichon Creek Above Tunkwa Lake Diversion","prov":"BC","kind":"river","level":0.175,"discharge":0.032,"time":"2026-09-09T09:35:00Z","src":"eccc","class":"very-low","classBy":"level","p50":0.227}},{"type":"Feature","geometry":{"type":"Point","coordinates":[-121.76747,52.9149]},"properties":{"id":"08KE024","name":"Little Swift River At The Mouth","prov":"BC","kind":"river","level":1.091,"discharge":0.49,"time":"2026-09-09T09:40:00Z","src":"eccc","class":"normal","classBy":"level","p50":1.091}},{"type":"Feature","geometry":{"type":"Point","coordinates":[-128.40826,54.63726]},"properties":{"id":"08EF001","name":"Skeena River At Usk","prov":"BC","kind":"river","level":5.45,"discharge":626.0,"time":"2026-09-09T09:35:00Z","src":"eccc","class":"very-high","classBy":"level","p50":3.391}},{"type":"Feature","geometry":{"type":"Point","coordinates":[-122.8494,50.8454]},"properties":{"id":"08ME029","name":"Bridge River Below Lajoie Dam","prov":"BC","kind":"river","level":2.549,"discharge":70.0,"time":"2026-09-09T10:20:00Z","src":"eccc","class":"normal","classBy":"level","p50":2.51}},{"type":"Feature","geometry":{"type":"Point","coordinates":[-125.09166,49.64214]},"properties":{"id":"08HB082","name":"Comox Lake Near Courtenay","prov":"BC","kind":"lake","level":132.516,"time":"2026-09-09T10:15:00Z","src":"eccc","class":"low","classBy":"level","p50":132.982}},{"type":"Feature","geometry":{"type":"Point","coordinates":[-119.27442,50.22992]},"properties":{"id":"08NM143","name":"Kalamalka Lake At Vernon Pumphouse","prov":"BC","kind":"lake","level":4.73,"time":"2026-09-09T10:20:00Z","src":"eccc","class":"low","classBy":"level","p50":5.326}},{"type":"Feature","geometry":{"type":"Point","coordinates":[-121.85344,50.61367]},"properties":{"id":"08MF040","name":"Fraser River Above Texas Creek","prov":"BC","kind":"river","level":1.748,"discharge":1320.0,"time":"2026-09-09T09:35:00Z","src":"eccc","class":"normal","classBy":"level","p50":1.655}},{"type":"Feature","geometry":{"type":"Point","coordinates":[-128.68325,54.13583]},"properties":{"id":"08FF003","name":"Little Wedeene River Below Bowbyes Creek","prov":"BC","kind":"river","level":0.851,"discharge":4.97,"time":"2026-09-09T09:45:00Z","src":"eccc","class":"normal","classBy":"level","p50":0.897}},{"type":"Feature","geometry":{"type":"Point","coordinates":[-130.97757,58.01327]},"properties":{"id":"08CE005","name":"Tahltan River At The Mouth","prov":"BC","kind":"river","level":3.934,"discharge":14.7,"time":"2026-09-09T09:40:00Z","src":"eccc"}},{"type":"Feature","geometry":{"type":"Point","coordinates":[-121.22233,56.67764]},"properties":{"id":"07FC003","name":"Blueberry River Below Aitken Creek","prov":"BC","kind":"river","level":1.923,"discharge":1.04,"time":"2026-09-09T09:45:00Z","src":"eccc","class":"normal","classBy":"level","p50":1.934}},{"type":"Feature","geometry":{"type":"Point","coordinates":[-120.97598,50.89807]},"properties":{"id":"08LF027","name":"Deadman River Above Criss Creek","prov":"BC","kind":"river","level":0.25,"discharge":0.468,"time":"2026-09-09T09:35:00Z","src":"eccc","class":"very-low","classBy":"level","p50":0.689}},{"type":"Feature","geometry":{"type":"Point","coordinates":[-121.71873,57.28707]},"properties":{"id":"07FC008","name":"Beatton River At Tommy Lakes Road","prov":"BC","kind":"river","level":95.235,"discharge":1.12,"time":"2026-09-09T09:35:00Z","src":"eccc"}},{"type":"Feature","geometry":{"type":"Point","coordinates":[-126.67767,55.97614]},"properties":{"id":"08JD006","name":"Driftwood River Above Kastberg Creek","prov":"BC","kind":"river","level":1.603,"discharge":3.81,"time":"2026-09-09T09:40:00Z","src":"eccc","class":"normal","classBy":"level","p50":1.549}},{"type":"Feature","geometry":{"type":"Point","coordinates":[-116.94856,50.25541]},"properties":{"id":"08NH127","name":"Duncan Reservoir At Duncan Dam","prov":"BC","kind":"lake","level":575.014,"time":"2026-09-09T10:15:00Z","src":"eccc","class":"normal","classBy":"level","p50":574.576}},{"type":"Feature","geometry":{"type":"Point","coordinates":[-123.93603,56.52411]},"properties":{"id":"07EB002","name":"Ospika River Above Aley Creek","prov":"BC","kind":"river","level":1.599,"discharge":27.0,"time":"2026-09-09T09:35:00Z","src":"eccc","class":"normal","classBy":"level","p50":1.498}},{"type":"Feature","geometry":{"type":"Point","coordinates":[-119.68153,50.8191]},"properties":{"id":"08LE112","name":"Chase Creek Above The Mouth","prov":"BC","kind":"river","level":0.442,"discharge":0.057,"time":"2026-09-09T09:45:00Z","src":"eccc","class":"very-low","classBy":"level","p50":0.573}},{"type":"Feature","geometry":{"type":"Point","coordinates":[-122.50944,52.97389]},"properties":{"id":"08KE016","name":"Baker Creek At Quesnel","prov":"BC","kind":"river","level":1.507,"discharge":0.591,"time":"2026-09-09T09:40:00Z","src":"eccc","class":"normal","classBy":"level","p50":1.514}},{"type":"Feature","geometry":{"type":"Point","coordinates":[-122.79251,49.48794]},"properties":{"id":"08MH141","name":"Coquitlam River Above Coquitlam Lake","prov":"BC","kind":"river","level":1.622,"discharge":0.608,"time":"2026-09-09T10:15:00Z","src":"eccc","class":"low","classBy":"level","p50":1.695}},{"type":"Feature","geometry":{"type":"Point","coordinates":[-117.29429,49.04714]},"properties":{"id":"08NE074","name":"Salmo River Near Salmo","prov":"BC","kind":"river","level":0.52,"discharge":4.54,"time":"2026-09-09T10:15:00Z","src":"eccc","class":"normal","classBy":"level","p50":0.527}},{"type":"Feature","geometry":{"type":"Point","coordinates":[-117.79785,50.23744]},"properties":{"id":"08NE104","name":"Arrow Reservoir At Nakusp","prov":"BC","kind":"lake","level":435.294,"time":"2026-09-09T09:35:00Z","src":"eccc","class":"normal","classBy":"level","p50":436.07}},{"type":"Feature","geometry":{"type":"Point","coordinates":[-119.52803,49.25684]},"properties":{"id":"08NM247","name":"Okanagan River Below Mcintyre Dam","prov":"BC","kind":"river","level":1.242,"discharge":7.2,"time":"2026-09-09T09:45:00Z","src":"eccc","class":"very-low","classBy":"level","p50":1.316}},{"type":"Feature","geometry":{"type":"Point","coordinates":[-118.07808,50.79475]},"properties":{"id":"08NE123","name":"Cranberry Creek Above B.C. Hydro Intake","prov":"BC","kind":"river","level":24.272,"discharge":1.34,"time":"2026-09-09T10:10:00Z","src":"eccc","class":"low","classBy":"level","p50":24.352}},{"type":"Feature","geometry":{"type":"Point","coordinates":[-122.7815,49.26524]},"properties":{"id":"08MH002","name":"Coquitlam River At Port Coquitlam","prov":"BC","kind":"river","level":7.727,"discharge":2.46,"time":"2026-09-09T10:15:00Z","src":"eccc","class":"low","classBy":"level","p50":7.789}},{"type":"Feature","geometry":{"type":"Point","coordinates":[-123.63336,55.42722]},"properties":{"id":"07ED003","name":"Nation River Near The Mouth","prov":"BC","kind":"river","level":0.343,"discharge":31.4,"time":"2026-09-09T09:40:00Z","src":"eccc","class":"normal","classBy":"level","p50":0.34}},{"type":"Feature","geometry":{"type":"Point","coordinates":[-127.62075,55.29611]},"properties":{"id":"08EE025","name":"Two Mile Creek In District Lot 4834","prov":"BC","kind":"river","level":0.319,"discharge":0.134,"time":"2026-09-09T10:20:00Z","src":"eccc","class":"low","classBy":"level","p50":0.333}},{"type":"Feature","geometry":{"type":"Point","coordinates":[-120.249,53.30925]},"properties":{"id":"08KA001","name":"Dore River Near Mcbride","prov":"BC","kind":"river","level":1.328,"discharge":13.8,"time":"2026-09-09T09:40:00Z","src":"eccc","class":"normal","classBy":"level","p50":1.348}},{"type":"Feature","geometry":{"type":"Point","coordinates":[-124.80192,56.12694]},"properties":{"id":"07EC004","name":"Osilinka River Near End Lake","prov":"BC","kind":"river","level":2.578,"discharge":32.3,"time":"2026-09-09T09:40:00Z","src":"eccc","class":"normal","classBy":"level","p50":2.349}},{"type":"Feature","geometry":{"type":"Point","coordinates":[-122.82466,49.2178]},"properties":{"id":"08MH126","name":"Fraser River At Port Mann Pumping Station","prov":"BC","kind":"river","level":3.49,"time":"2026-09-09T09:40:00Z","src":"eccc","class":"very-high","classBy":"level","p50":3.085}},{"type":"Feature","geometry":{"type":"Point","coordinates":[-119.06136,49.88675]},"properties":{"id":"08NM172","name":"Pearson Creek Near The Mouth","prov":"BC","kind":"river","level":1.29,"discharge":0.061,"time":"2026-09-09T09:40:00Z","src":"eccc","class":"very-low","classBy":"discharge","p50":0.22}},{"type":"Feature","geometry":{"type":"Point","coordinates":[-120.51881,49.45767]},"properties":{"id":"08NL024","name":"Tulameen River At Princeton","prov":"BC","kind":"river","level":0.167,"discharge":1.34,"time":"2026-09-09T10:20:00Z","src":"eccc","class":"low","classBy":"level","p50":0.383}},{"type":"Feature","geometry":{"type":"Point","coordinates":[-129.16442,56.02726]},"properties":{"id":"08DA013","name":"Meziadin River Above Lax An Zok","prov":"BC","kind":"river","level":3.393,"time":"2026-09-09T09:35:00Z","src":"eccc"}},{"type":"Feature","geometry":{"type":"Point","coordinates":[-123.20349,50.82094]},"properties":{"id":"08ME028","name":"Bridge River Above Downton Lake","prov":"BC","kind":"river","level":1.323,"discharge":58.6,"time":"2026-09-09T09:35:00Z","src":"eccc","class":"normal","classBy":"level","p50":1.301}},{"type":"Feature","geometry":{"type":"Point","coordinates":[-119.26689,50.23847]},"properties":{"id":"08NM065","name":"Vernon Creek At Outlet Of Kalamalka Lake","prov":"BC","kind":"river","level":0.299,"time":"2026-09-09T10:05:00Z","src":"eccc","class":"very-low","classBy":"level","p50":0.717}},{"type":"Feature","geometry":{"type":"Point","coordinates":[-121.36678,56.0925]},"properties":{"id":"07FB008","name":"Moberly River Near Fort St. John","prov":"BC","kind":"river","level":1.772,"discharge":4.0,"time":"2026-09-09T10:15:00Z","src":"eccc","class":"high","classBy":"level","p50":1.531}},{"type":"Feature","geometry":{"type":"Point","coordinates":[-123.11095,49.35795]},"properties":{"id":"08GA031","name":"Capilano River At Canyon","prov":"BC","kind":"river","level":0.528,"discharge":0.539,"time":"2026-09-09T10:15:00Z","src":"eccc","class":"low","classBy":"discharge","p50":2.38}},{"type":"Feature","geometry":{"type":"Point","coordinates":[-124.98411,49.36992]},"properties":{"id":"08HB023","name":"Ash River Below Moran Creek","prov":"BC","kind":"river","level":0.528,"discharge":4.31,"time":"2026-09-09T10:15:00Z","src":"eccc","class":"very-low","classBy":"level","p50":0.661}},{"type":"Feature","geometry":{"type":"Point","coordinates":[-125.23197,49.91158]},"properties":{"id":"08HD023","name":"Little Oyster River At Yorke Road","prov":"BC","kind":"river","level":0.427,"time":"2026-09-09T09:40:00Z","src":"eccc","class":"very-low","classBy":"level","p50":0.557}},{"type":"Feature","geometry":{"type":"Point","coordinates":[-118.81861,50.30278]},"properties":{"id":"08LC003","name":"Shuswap River Near Lumby","prov":"BC","kind":"river","level":3.543,"discharge":21.8,"time":"2026-09-09T09:40:00Z","src":"eccc","class":"low","classBy":"level","p50":3.627}},{"type":"Feature","geometry":{"type":"Point","coordinates":[-122.89583,50.39933]},"properties":{"id":"08MG028","name":"Ryan River Near Pemberton Meadows","prov":"BC","kind":"river","level":18.234,"discharge":25.7,"time":"2026-09-09T09:35:00Z","src":"eccc"}},{"type":"Feature","geometry":{"type":"Point","coordinates":[-125.77117,52.88947]},"properties":{"id":"08FC003","name":"Dean River Below Tanswanket Creek","prov":"BC","kind":"river","level":0.97,"discharge":4.52,"time":"2026-09-09T09:40:00Z","src":"eccc","class":"normal","classBy":"level","p50":0.93}},{"type":"Feature","geometry":{"type":"Point","coordinates":[-119.38486,52.73153]},"properties":{"id":"08NC004","name":"Canoe River Below Kimmel Creek","prov":"BC","kind":"river","level":2.41,"discharge":22.2,"time":"2026-09-09T09:35:00Z","src":"eccc","class":"normal","classBy":"level","p50":2.276}},{"type":"Feature","geometry":{"type":"Point","coordinates":[-122.80465,50.31554]},"properties":{"id":"08MG025","name":"Pemberton Creek Near Pemberton","prov":"BC","kind":"river","level":1.958,"discharge":1.03,"time":"2026-09-09T09:35:00Z","src":"eccc","class":"low","classBy":"level","p50":1.996}},{"type":"Feature","geometry":{"type":"Point","coordinates":[-123.08083,51.92061]},"properties":{"id":"08MB012","name":"Chilcotin River Near Hanceville","prov":"BC","kind":"river","level":3.212,"discharge":181.0,"time":"2026-09-09T09:45:00Z","src":"eccc","class":"very-high","classBy":"discharge","p50":133.0}},{"type":"Feature","geometry":{"type":"Point","coordinates":[-100.60386,54.22331]},"properties":{"id":"05KK002","name":"Cormorant Lake At Cormorant","prov":"MB","kind":"lake","level":256.415,"time":"2026-09-09T09:35:00Z","src":"eccc","class":"normal","classBy":"level","p50":256.404}},{"type":"Feature","geometry":{"type":"Point","coordinates":[-95.73925,56.95292]},"properties":{"id":"06FC001","name":"Little Churchill River Above Recluse Lake","prov":"MB","kind":"river","level":29.098,"discharge":40.4,"time":"2026-09-09T09:35:00Z","src":"eccc","class":"normal","classBy":"level","p50":29.174}},{"type":"Feature","geometry":{"type":"Point","coordinates":[-101.14161,52.25969]},"properties":{"id":"05LE004","name":"Woody River Near Bowsman","prov":"MB","kind":"river","level":298.576,"discharge":14.5,"time":"2026-09-09T09:45:00Z","src":"eccc","class":"very-high","classBy":"level","p50":297.904}},{"type":"Feature","geometry":{"type":"Point","coordinates":[-95.95683,49.93878]},"properties":{"id":"05PH003","name":"Whitemouth River Near Whitemouth","prov":"MB","kind":"river","level":268.118,"discharge":4.92,"time":"2026-09-09T09:35:00Z","src":"eccc","class":"normal","classBy":"level","p50":268.069}},{"type":"Feature","geometry":{"type":"Point","coordinates":[-100.01653,51.28247]},"properties":{"id":"05LJ010","name":"Valley River Near Dauphin","prov":"MB","kind":"river","level":267.18,"discharge":4.49,"time":"2026-09-09T09:45:00Z","src":"eccc","class":"very-high","classBy":"level","p50":266.648}},{"type":"Feature","geometry":{"type":"Point","coordinates":[-100.57194,56.23303]},"properties":{"id":"06EB002","name":"Granville Lake At Granville Lake","prov":"MB","kind":"lake","level":259.998,"time":"2026-09-09T09:35:00Z","src":"eccc","class":"normal","classBy":"level","p50":259.999}},{"type":"Feature","geometry":{"type":"Point","coordinates":[-95.12,54.85639]},"properties":{"id":"04AA004","name":"Hayes River Below Trout Falls","prov":"MB","kind":"river","discharge":90.6,"time":"2026-09-09T09:35:00Z","src":"eccc","class":"high","classBy":"discharge","p50":44.3}},{"type":"Feature","geometry":{"type":"Point","coordinates":[-97.52494,57.30206]},"properties":{"id":"06FA001","name":"Gauer River Below Thorsteinson Lake","prov":"MB","kind":"river","level":29.172,"discharge":41.0,"time":"2026-09-09T09:45:00Z","src":"eccc","class":"normal","classBy":"level","p50":29.2}},{"type":"Feature","geometry":{"type":"Point","coordinates":[-98.49192,55.9085]},"properties":{"id":"05TG006","name":"Sapochi River Near Nelson House","prov":"MB","kind":"river","level":9.121,"discharge":2.18,"time":"2026-09-09T09:35:00Z","src":"eccc","class":"normal","classBy":"level","p50":9.008}},{"type":"Feature","geometry":{"type":"Point","coordinates":[-101.39778,49.84175]},"properties":{"id":"05NG024","name":"Pipestone Creek Near The Saskatchewan Boundary","prov":"MB","kind":"river","level":0.901,"discharge":0.648,"time":"2026-09-09T09:35:00Z","src":"eccc","class":"normal","classBy":"level","p50":0.804}},{"type":"Feature","geometry":{"type":"Point","coordinates":[-100.03602,56.46822]},"properties":{"id":"06EB004","name":"Churchill River Above Leaf Rapids","prov":"MB","kind":"river","level":259.243,"discharge":781.0,"time":"2026-09-09T09:35:00Z","src":"eccc","class":"normal","classBy":"level","p50":259.585}},{"type":"Feature","geometry":{"type":"Point","coordinates":[-96.05688,50.25772]},"properties":{"id":"05PF062","name":"Winnipeg River At Lac Du Bonnet","prov":"MB","kind":"river","level":254.855,"time":"2026-09-09T09:35:00Z","src":"eccc","class":"normal","classBy":"level","p50":254.866}},{"type":"Feature","geometry":{"type":"Point","coordinates":[-100.99805,49.26257]},"properties":{"id":"05NF008","name":"Graham Creek Near Melita","prov":"MB","kind":"river","level":429.099,"discharge":0.016,"time":"2026-09-09T09:40:00Z","src":"eccc","class":"very-high","classBy":"level","p50":428.426}},{"type":"Feature","geometry":{"type":"Point","coordinates":[-94.19806,58.01353]},"properties":{"id":"06FD002","name":"Deer River North Of Belcher","prov":"MB","kind":"river","level":30.566,"discharge":9.94,"time":"2026-09-09T09:35:00Z","src":"eccc","class":"low","classBy":"level","p50":30.826}},{"type":"Feature","geometry":{"type":"Point","coordinates":[-95.24761,54.94486]},"properties":{"id":"04AA003","name":"Back Lake Near Oxford House","prov":"MB","kind":"lake","level":187.456,"time":"2026-09-09T09:35:00Z","src":"eccc","class":"high","classBy":"level","p50":187.225}},{"type":"Feature","geometry":{"type":"Point","coordinates":[-98.88152,55.78307]},"properties":{"id":"05TF001","name":"Footprint Lake At Nelson House","prov":"MB","kind":"lake","level":243.186,"time":"2026-09-09T09:35:00Z","src":"eccc","class":"normal","classBy":"level","p50":242.502}},{"type":"Feature","geometry":{"type":"Point","coordinates":[-98.32811,49.50253]},"properties":{"id":"05OF009","name":"Roseisle Creek Near Roseisle","prov":"MB","kind":"river","level":0.601,"discharge":0.149,"time":"2026-09-09T09:40:00Z","src":"eccc","class":"high","classBy":"level","p50":0.495}},{"type":"Feature","geometry":{"type":"Point","coordinates":[-95.46033,52.03589]},"properties":{"id":"05RD006","name":"Family Lake At Little Grand Rapids","prov":"MB","kind":"lake","level":304.517,"time":"2026-09-09T09:45:00Z","src":"eccc","class":"normal","classBy":"level","p50":304.466}},{"type":"Feature","geometry":{"type":"Point","coordinates":[-96.98764,49.69494]},"properties":{"id":"05OE011","name":"Seine River Diversion Near Ile Des Chenes","prov":"MB","kind":"river","level":232.43,"discharge":0.241,"time":"2026-09-09T09:35:00Z","src":"eccc","class":"normal","classBy":"level","p50":232.431}},{"type":"Feature","geometry":{"type":"Point","coordinates":[-111.18759,54.46749]},"properties":{"id":"06AB001","name":"Sand River Near The Mouth","prov":"AB","kind":"river","level":1.474,"discharge":28.8,"time":"2026-09-09T09:35:00Z","src":"eccc","class":"very-high","classBy":"level","p50":0.979}},{"type":"Feature","geometry":{"type":"Point","coordinates":[-110.67754,50.04209]},"properties":{"id":"05AJ001","name":"South Saskatchewan River At Medicine Hat","prov":"AB","kind":"river","level":2.435,"discharge":163.0,"time":"2026-09-09T10:00:00Z","src":"eccc","class":"high","classBy":"level","p50":2.155}},{"type":"Feature","geometry":{"type":"Point","coordinates":[-116.2503,58.13742]},"properties":{"id":"07JD004","name":"Teepee Creek Near La Crete","prov":"AB","kind":"river","level":1.115,"discharge":0.0,"time":"2026-09-09T09:45:00Z","src":"eccc","class":"normal","classBy":"level","p50":0.995}},{"type":"Feature","geometry":{"type":"Point","coordinates":[-115.00436,53.60025]},"properties":{"id":"07BB002","name":"Pembina River Near Entwistle","prov":"AB","kind":"river","level":2.502,"discharge":58.0,"time":"2026-09-09T09:40:00Z","src":"eccc","class":"very-high","classBy":"level","p50":0.91}},{"type":"Feature","geometry":{"type":"Point","coordinates":[-114.77175,55.30566]},"properties":{"id":"07BJ006","name":"Lesser Slave Lake At Slave Lake","prov":"AB","kind":"lake","level":576.917,"time":"2026-09-09T10:15:00Z","src":"eccc","class":"high","classBy":"level","p50":576.512}},{"type":"Feature","geometry":{"type":"Point","coordinates":[-112.31609,49.78561]},"properties":{"id":"05AG026","name":"Bountiful Coulee Inflow Near Cranford","prov":"AB","kind":"river","level":1.925,"discharge":0.021,"time":"2026-09-09T09:40:00Z","src":"eccc","class":"very-high","classBy":"level","p50":0.197}},{"type":"Feature","geometry":{"type":"Point","coordinates":[-118.49092,58.59156]},"properties":{"id":"07OA001","name":"Sousa Creek Near High Level","prov":"AB","kind":"river","level":3.08,"discharge":0.004,"time":"2026-09-09T09:45:00Z","src":"eccc","class":"very-high","classBy":"level","p50":1.145}},{"type":"Feature","geometry":{"type":"Point","coordinates":[-110.17192,54.46622]},"properties":{"id":"06AF002","name":"Cold Lake At Cold Lake","prov":"AB","kind":"lake","level":535.122,"time":"2026-09-09T10:15:00Z","src":"eccc","class":"normal","classBy":"level","p50":534.991}},{"type":"Feature","geometry":{"type":"Point","coordinates":[-111.12242,58.71328]},"properties":{"id":"07MD001","name":"Lake Athabasca At Fort Chipewyan","prov":"AB","kind":"lake","level":5.603,"time":"2026-09-09T09:35:00Z","src":"eccc"}},{"type":"Feature","geometry":{"type":"Point","coordinates":[-110.21728,54.35516]},"properties":{"id":"06AD006","name":"Beaver River At Cold Lake Reserve","prov":"AB","kind":"river","level":7.792,"discharge":48.1,"time":"2026-09-09T09:45:00Z","src":"eccc","class":"very-high","classBy":"level","p50":6.562}},{"type":"Feature","geometry":{"type":"Point","coordinates":[-116.36081,52.76396]},"properties":{"id":"05DD004","name":"Brown Creek At Forestry Road","prov":"AB","kind":"river","level":0.451,"discharge":0.861,"time":"2026-09-09T09:40:00Z","src":"eccc","class":"low","classBy":"level","p50":0.509}},{"type":"Feature","geometry":{"type":"Point","coordinates":[-110.00503,49.64886]},"properties":{"id":"11AB117","name":"Battle Creek At Alberta Boundary","prov":"AB","kind":"river","level":0.758,"discharge":0.451,"time":"2026-09-09T09:35:00Z","src":"eccc","class":"normal","classBy":"level","p50":0.706}},{"type":"Feature","geometry":{"type":"Point","coordinates":[-114.75796,53.31548]},"properties":{"id":"05DE010","name":"North Saskatchewan River At Highway No. 759","prov":"AB","kind":"river","level":87.513,"discharge":147.0,"time":"2026-09-09T09:40:00Z","src":"eccc","class":"very-low","classBy":"level","p50":87.771}},{"type":"Feature","geometry":{"type":"Point","coordinates":[-113.4313,50.82596]},"properties":{"id":"05BM021","name":"Bow River Development Main Canal Below Headgates","prov":"AB","kind":"river","level":905.933,"discharge":-691.0,"time":"2026-09-09T09:40:00Z","src":"eccc","class":"very-low","classBy":"level","p50":906.56}},{"type":"Feature","geometry":{"type":"Point","coordinates":[-111.69689,58.62783]},"properties":{"id":"07KF002","name":"Lake Claire Near Outlet To Prairie River","prov":"AB","kind":"lake","level":6.025,"time":"2026-09-09T09:35:00Z","src":"eccc"}},{"type":"Feature","geometry":{"type":"Point","coordinates":[-116.70331,53.56652]},"properties":{"id":"07AF010","name":"Sundance Creek Near Bickerdike","prov":"AB","kind":"river","level":1.014,"discharge":0.759,"time":"2026-09-09T09:40:00Z","src":"eccc","class":"normal","classBy":"level","p50":0.97}},{"type":"Feature","geometry":{"type":"Point","coordinates":[-113.48478,49.43336]},"properties":{"id":"05AD028","name":"Waterton River Near Glenwood","prov":"AB","kind":"river","level":0.916,"discharge":3.42,"time":"2026-09-09T09:40:00Z","src":"eccc","class":"normal","classBy":"level","p50":0.862}},{"type":"Feature","geometry":{"type":"Point","coordinates":[-116.10274,55.6082]},"properties":{"id":"07BF009","name":"Salt Creek Near Grouard","prov":"AB","kind":"river","level":2.064,"discharge":0.21,"time":"2026-09-09T09:40:00Z","src":"eccc","class":"very-high","classBy":"level","p50":1.583}},{"type":"Feature","geometry":{"type":"Point","coordinates":[-112.51667,50.74583]},"properties":{"id":"05BM020","name":"Eastern Irrigation District Main Branch Canal Near Headgate","prov":"AB","kind":"river","level":94.975,"time":"2026-09-09T10:05:00Z","src":"eccc","class":"high","classBy":"level","p50":94.921}},{"type":"Feature","geometry":{"type":"Point","coordinates":[-111.57,57.19128]},"properties":{"id":"07DA008","name":"Muskeg River Near Fort Mackay","prov":"AB","kind":"river","level":1.457,"discharge":1.09,"time":"2026-09-09T09:35:00Z","src":"eccc","class":"high","classBy":"level","p50":1.333}},{"type":"Feature","geometry":{"type":"Point","coordinates":[-117.47917,57.94829]},"properties":{"id":"07JF005","name":"Boyer River At Paddle Prairie","prov":"AB","kind":"river","level":0.823,"discharge":0.0,"time":"2026-09-09T10:15:00Z","src":"eccc","class":"normal","classBy":"level","p50":0.988}},{"type":"Feature","geometry":{"type":"Point","coordinates":[-113.84663,50.1291]},"properties":{"id":"05AB041","name":"Willow Creek At Oxly Ranch","prov":"AB","kind":"river","level":1.297,"discharge":2.64,"time":"2026-09-09T09:45:00Z","src":"eccc","class":"very-high","classBy":"level","p50":1.075}},{"type":"Feature","geometry":{"type":"Point","coordinates":[-113.92132,55.91665]},"properties":{"id":"07JA003","name":"Willow River Near Wabasca","prov":"AB","kind":"river","level":1.683,"discharge":2.02,"time":"2026-09-09T09:40:00Z","src":"eccc","class":"low","classBy":"level","p50":1.974}},{"type":"Feature","geometry":{"type":"Point","coordinates":[-114.05517,55.31972]},"properties":{"id":"07BK008","name":"Fawcett Lake Near Smith","prov":"AB","kind":"lake","level":611.483,"time":"2026-09-09T09:45:00Z","src":"eccc","class":"normal","classBy":"level","p50":611.418}},{"type":"Feature","geometry":{"type":"Point","coordinates":[-117.48854,56.89502]},"properties":{"id":"07HC002","name":"Buchanan Creek Near Manning","prov":"AB","kind":"river","level":2.413,"discharge":0.619,"time":"2026-09-09T09:40:00Z","src":"eccc","class":"normal","classBy":"level","p50":2.392}},{"type":"Feature","geometry":{"type":"Point","coordinates":[-115.09664,57.07305]},"properties":{"id":"07JC001","name":"Lafond Creek Near Red Earth Creek","prov":"AB","kind":"river","level":1.332,"discharge":0.189,"time":"2026-09-09T09:40:00Z","src":"eccc","class":"normal","classBy":"level","p50":1.392}},{"type":"Feature","geometry":{"type":"Point","coordinates":[-115.74881,58.19289]},"properties":{"id":"07JD003","name":"Jackpine Creek At Highway No. 88","prov":"AB","kind":"river","level":1.851,"discharge":0.127,"time":"2026-09-09T09:45:00Z","src":"eccc","class":"normal","classBy":"level","p50":2.015}},{"type":"Feature","geometry":{"type":"Point","coordinates":[-113.19804,55.21084]},"properties":{"id":"07CB001","name":"Calling Lake At Ranger Station","prov":"AB","kind":"lake","level":594.541,"time":"2026-09-09T09:45:00Z","src":"eccc","class":"very-high","classBy":"level","p50":594.1}},{"type":"Feature","geometry":{"type":"Point","coordinates":[-117.9856,55.91459]},"properties":{"id":"07FD934","name":"Peace River Near Elk Island Park","prov":"AB","kind":"river","level":330.043,"time":"2026-09-09T09:45:00Z","src":"eccc","class":"high","classBy":"level","p50":329.344}},{"type":"Feature","geometry":{"type":"Point","coordinates":[-110.25759,50.16348]},"properties":{"id":"05AH047","name":"Sam Lake Tributary Near Schuler","prov":"AB","kind":"lake","level":0.766,"discharge":0.0,"time":"2026-09-09T09:40:00Z","src":"eccc","class":"normal","classBy":"discharge","p50":0.0}},{"type":"Feature","geometry":{"type":"Point","coordinates":[-110.86361,52.47236]},"properties":{"id":"05FD007","name":"Shorncliffe Lake Near Czar","prov":"AB","kind":"lake","level":673.255,"time":"2026-09-09T09:35:00Z","src":"eccc","class":"low","classBy":"level","p50":673.539}},{"type":"Feature","geometry":{"type":"Point","coordinates":[-112.76305,50.83462]},"properties":{"id":"05BM008","name":"Crowfoot Creek Near Cluny","prov":"AB","kind":"river","level":0.992,"discharge":1.29,"time":"2026-09-09T09:45:00Z","src":"eccc","class":"low","classBy":"level","p50":1.06}},{"type":"Feature","geometry":{"type":"Point","coordinates":[-111.20253,57.65117]},"properties":{"id":"07DC001","name":"Firebag River Near The Mouth","prov":"AB","kind":"river","level":0.936,"discharge":20.2,"time":"2026-09-09T09:35:00Z","src":"eccc","class":"normal","classBy":"level","p50":0.931}},{"type":"Feature","geometry":{"type":"Point","coordinates":[-113.795,52.357]},"properties":{"id":"05CC001","name":"Blindman River Near Blackfalds","prov":"AB","kind":"river","level":1.048,"discharge":0.375,"time":"2026-09-09T09:40:00Z","src":"eccc","class":"high","classBy":"level","p50":0.595}},{"type":"Feature","geometry":{"type":"Point","coordinates":[-112.82741,49.56554]},"properties":{"id":"05AE016","name":"Pothole Creek At Russell'S Ranch","prov":"AB","kind":"river","level":0.799,"discharge":1.77,"time":"2026-09-09T09:40:00Z","src":"eccc","class":"very-high","classBy":"level","p50":0.546}},{"type":"Feature","geometry":{"type":"Point","coordinates":[-114.92918,52.27386]},"properties":{"id":"05DB002","name":"Prairie Creek Near Rocky Mountain House","prov":"AB","kind":"river","level":0.335,"discharge":1.76,"time":"2026-09-09T09:40:00Z","src":"eccc","class":"low","classBy":"level","p50":0.385}},{"type":"Feature","geometry":{"type":"Point","coordinates":[-119.43725,55.18927]},"properties":{"id":"07GD001","name":"Beaverlodge River Near Beaverlodge","prov":"AB","kind":"river","level":0.974,"discharge":0.006,"time":"2026-09-09T09:45:00Z","src":"eccc","class":"normal","classBy":"level","p50":0.958}},{"type":"Feature","geometry":{"type":"Point","coordinates":[-114.75611,55.30494]},"properties":{"id":"07BK001","name":"Lesser Slave River At Slave Lake","prov":"AB","kind":"river","level":576.56,"discharge":61.3,"time":"2026-09-09T09:45:00Z","src":"eccc","class":"normal","classBy":"level","p50":576.397}},{"type":"Feature","geometry":{"type":"Point","coordinates":[-116.55625,52.88158]},"properties":{"id":"05DD007","name":"Brazeau River Below Cardinal River","prov":"AB","kind":"river","level":4.672,"discharge":39.7,"time":"2026-09-09T09:40:00Z","src":"eccc","class":"very-high","classBy":"level","p50":0.735}},{"type":"Feature","geometry":{"type":"Point","coordinates":[-121.11997,49.54189]},"properties":{"id":"08MF062","name":"Coquihalla River Below Needle Creek","prov":"BC","kind":"river","level":1.818,"discharge":0.413,"time":"2026-09-09T09:35:00Z","src":"eccc","class":"very-low","classBy":"level","p50":2.02}},{"type":"Feature","geometry":{"type":"Point","coordinates":[-124.06153,48.8244]},"properties":{"id":"08HA009","name":"Cowichan Lake Near Lake Cowichan","prov":"BC","kind":"lake","level":0.661,"time":"2026-09-09T10:15:00Z","src":"eccc","class":"normal","classBy":"level","p50":0.786}},{"type":"Feature","geometry":{"type":"Point","coordinates":[-122.69147,57.23822]},"properties":{"id":"10CB001","name":"Sikanni Chief River Near Fort Nelson","prov":"BC","kind":"river","level":1.285,"discharge":20.7,"time":"2026-09-09T09:40:00Z","src":"eccc","class":"normal","classBy":"level","p50":1.232}},{"type":"Feature","geometry":{"type":"Point","coordinates":[-118.20053,51.14661]},"properties":{"id":"08ND026","name":"Revelstoke Reservoir At Martha Creek","prov":"BC","kind":"reservoir","level":26.949,"time":"2026-09-09T09:40:00Z","src":"eccc","class":"normal","classBy":"level","p50":26.923,"resName":"Lake Revelstoke (Revelstoke Dam)","resOperator":"BC Hydro","capacityKm3":1.52,"fslM":573.0}},{"type":"Feature","geometry":{"type":"Point","coordinates":[-124.27836,49.87803]},"properties":{"id":"08GB014","name":"Horseshoe River Above Lois Lake","prov":"BC","kind":"river","level":2.224,"discharge":0.721,"time":"2026-09-09T09:45:00Z","src":"eccc","class":"normal","classBy":"level","p50":2.251}},{"type":"Feature","geometry":{"type":"Point","coordinates":[-122.07085,49.14398]},"properties":{"id":"08MF038","name":"Fraser River At Cannor","prov":"BC","kind":"river","level":2.221,"time":"2026-09-09T09:45:00Z","src":"eccc"}},{"type":"Feature","geometry":{"type":"Point","coordinates":[-122.94881,50.12025]},"properties":{"id":"08MG026","name":"Fitzsimmons Creek Below Blackcomb Creek","prov":"BC","kind":"river","level":5.688,"discharge":2.68,"time":"2026-09-09T10:20:00Z","src":"eccc","class":"high","classBy":"level","p50":5.481}},{"type":"Feature","geometry":{"type":"Point","coordinates":[-120.69986,56.27844]},"properties":{"id":"07FC001","name":"Beatton River Near Fort St. John","prov":"BC","kind":"river","level":2.129,"discharge":11.1,"time":"2026-09-09T09:40:00Z","src":"eccc","class":"normal","classBy":"level","p50":2.03}},{"type":"Feature","geometry":{"type":"Point","coordinates":[-122.57975,49.239]},"properties":{"id":"08MH005","name":"Alouette River Near Haney","prov":"BC","kind":"river","level":0.762,"discharge":2.98,"time":"2026-09-09T10:15:00Z","src":"eccc","class":"normal","classBy":"level","p50":0.756}},{"type":"Feature","geometry":{"type":"Point","coordinates":[-121.69975,49.07172]},"properties":{"id":"08MH056","name":"Slesse Creek Near Vedder Crossing","prov":"BC","kind":"river","level":0.247,"discharge":1.38,"time":"2026-09-09T09:40:00Z","src":"eccc","class":"very-low","classBy":"level","p50":0.648}},{"type":"Feature","geometry":{"type":"Point","coordinates":[-126.89997,54.61861]},"properties":{"id":"08EE004","name":"Bulkley River At Quick","prov":"BC","kind":"river","level":0.526,"discharge":104.0,"time":"2026-09-09T09:40:00Z","src":"eccc","class":"normal","classBy":"level","p50":0.418}},{"type":"Feature","geometry":{"type":"Point","coordinates":[-118.97506,49.16981]},"properties":{"id":"08NN003","name":"West Kettle River At Westbridge","prov":"BC","kind":"river","level":0.598,"discharge":0.758,"time":"2026-09-09T09:45:00Z","src":"eccc","class":"low","classBy":"level","p50":0.667}},{"type":"Feature","geometry":{"type":"Point","coordinates":[-125.03419,49.68803]},"properties":{"id":"08HB006","name":"Puntledge River At Courtenay","prov":"BC","kind":"river","level":19.914,"discharge":11.4,"time":"2026-09-09T10:20:00Z","src":"eccc","class":"low","classBy":"level","p50":20.009}},{"type":"Feature","geometry":{"type":"Point","coordinates":[-125.01147,49.70586]},"properties":{"id":"08HB011","name":"Tsolum River Near Courtenay","prov":"BC","kind":"river","level":0.587,"discharge":0.5,"time":"2026-09-09T10:20:00Z","src":"eccc","class":"normal","classBy":"level","p50":0.62}},{"type":"Feature","geometry":{"type":"Point","coordinates":[-122.35453,56.45986]},"properties":{"id":"07FA005","name":"Graham River Above Colt Creek","prov":"BC","kind":"river","level":0.034,"discharge":19.5,"time":"2026-09-09T10:15:00Z","src":"eccc","class":"high","classBy":"level","p50":-0.112}},{"type":"Feature","geometry":{"type":"Point","coordinates":[-125.06925,49.69283]},"properties":{"id":"08HB025","name":"Browns River Near Courtenay","prov":"BC","kind":"river","level":5.866,"discharge":0.274,"time":"2026-09-09T10:15:00Z","src":"eccc","class":"normal","classBy":"level","p50":5.798}},{"type":"Feature","geometry":{"type":"Point","coordinates":[-115.10522,49.29042]},"properties":{"id":"08NK031","name":"Elk River At Elko Dam Forebay","prov":"BC","kind":"river","level":9.082,"time":"2026-09-09T10:20:00Z","src":"eccc"}},{"type":"Feature","geometry":{"type":"Point","coordinates":[-123.14648,49.68982]},"properties":{"id":"08GA076","name":"Stawamus River At Highway No. 99","prov":"BC","kind":"river","level":1.593,"discharge":0.469,"time":"2026-09-09T09:35:00Z","src":"eccc","class":"high","classBy":"level","p50":1.508}},{"type":"Feature","geometry":{"type":"Point","coordinates":[-117.24235,49.59031]},"properties":{"id":"08NJ026","name":"Duhamel Creek Above Diversions","prov":"BC","kind":"river","level":0.641,"discharge":0.366,"time":"2026-09-09T09:40:00Z","src":"eccc","class":"normal","classBy":"level","p50":0.653}},{"type":"Feature","geometry":{"type":"Point","coordinates":[-123.03656,54.9985]},"properties":{"id":"07EE010","name":"Pack River At Outlet Of Mcleod Lake","prov":"BC","kind":"river","level":0.46,"discharge":10.6,"time":"2026-09-09T09:50:00Z","src":"eccc","class":"normal","classBy":"level","p50":0.54}},{"type":"Feature","geometry":{"type":"Point","coordinates":[-122.2323,49.00249]},"properties":{"id":"08MH029","name":"Sumas River Near Huntingdon","prov":"BC","kind":"river","level":1.069,"discharge":1.64,"time":"2026-09-09T09:35:00Z","src":"eccc","class":"high","classBy":"level","p50":0.71}},{"type":"Feature","geometry":{"type":"Point","coordinates":[-125.24992,57.12622]},"properties":{"id":"07EA005","name":"Finlay River Above Akie River","prov":"BC","kind":"river","level":0.911,"discharge":198.0,"time":"2026-09-09T09:40:00Z","src":"eccc","class":"normal","classBy":"level","p50":0.968}},{"type":"Feature","geometry":{"type":"Point","coordinates":[-125.50964,49.92984]},"properties":{"id":"08HD021","name":"Quinsam River At Argonaut Bridge","prov":"BC","kind":"river","level":0.456,"discharge":0.569,"time":"2026-09-09T10:15:00Z","src":"eccc","class":"very-low","classBy":"level","p50":0.518}},{"type":"Feature","geometry":{"type":"Point","coordinates":[-122.24322,56.50894]},"properties":{"id":"07FA003","name":"Halfway River Above Graham River","prov":"BC","kind":"river","level":3.888,"discharge":26.4,"time":"2026-09-09T10:15:00Z","src":"eccc","class":"normal","classBy":"level","p50":3.868}},{"type":"Feature","geometry":{"type":"Point","coordinates":[-122.7792,49.35574]},"properties":{"id":"08MH149","name":"Coquitlam Lake Forebay","prov":"BC","kind":"reservoir","level":46.482,"time":"2026-09-09T10:05:00Z","src":"eccc","class":"normal","classBy":"level","p50":46.261,"resName":"Coquitlam Lake Reservoir","resOperator":"BC Hydro / Metro Vancouver","capacityKm3":0.21}},{"type":"Feature","geometry":{"type":"Point","coordinates":[-119.2771,50.26975]},"properties":{"id":"08NM123","name":"B.X. Creek Below Swan Lake Control Dam","prov":"BC","kind":"river","level":4.033,"time":"2026-09-09T10:00:00Z","src":"eccc"}},{"type":"Feature","geometry":{"type":"Point","coordinates":[-115.10361,49.28806]},"properties":{"id":"08NK030","name":"Elk River Below Elko Dam Diversion","prov":"BC","kind":"river","level":2.078,"time":"2026-09-09T10:05:00Z","src":"eccc","class":"very-high","classBy":"level","p50":1.789}},{"type":"Feature","geometry":{"type":"Point","coordinates":[-120.87361,50.75208]},"properties":{"id":"08LF033","name":"Thompson River Near Savona","prov":"BC","kind":"river","level":11.0,"discharge":459.0,"time":"2026-09-09T09:40:00Z","src":"eccc","class":"normal","classBy":"level","p50":10.867}},{"type":"Feature","geometry":{"type":"Point","coordinates":[-123.23486,53.96044]},"properties":{"id":"08JC002","name":"Nechako River At Isle Pierre","prov":"BC","kind":"river","level":1.829,"discharge":185.0,"time":"2026-09-09T09:40:00Z","src":"eccc","class":"normal","classBy":"level","p50":1.784}},{"type":"Feature","geometry":{"type":"Point","coordinates":[-122.77685,49.38099]},"properties":{"id":"08MH166","name":"Cedar Creek Above The Mouth","prov":"BC","kind":"river","level":1.282,"discharge":0.135,"time":"2026-09-09T10:10:00Z","src":"eccc","class":"very-low","classBy":"level","p50":1.551}},{"type":"Feature","geometry":{"type":"Point","coordinates":[-120.85919,50.49272]},"properties":{"id":"08LG009","name":"Witches Brook Near Merritt","prov":"BC","kind":"river","level":1.01,"discharge":0.038,"time":"2026-09-09T09:35:00Z","src":"eccc","class":"high","classBy":"discharge","p50":0.008}},{"type":"Feature","geometry":{"type":"Point","coordinates":[-126.71941,54.39938]},"properties":{"id":"08EE003","name":"Bulkley River Near Houston","prov":"BC","kind":"river","level":0.447,"discharge":1.1,"time":"2026-09-09T09:40:00Z","src":"eccc","class":"normal","classBy":"level","p50":0.389}},{"type":"Feature","geometry":{"type":"Point","coordinates":[-126.00586,52.36008]},"properties":{"id":"08FB006","name":"Atnarko River Near The Mouth","prov":"BC","kind":"river","level":1.053,"discharge":14.7,"time":"2026-09-09T09:40:00Z","src":"eccc","class":"normal","classBy":"level","p50":1.01}},{"type":"Feature","geometry":{"type":"Point","coordinates":[-121.40844,52.31572]},"properties":{"id":"08KH019","name":"Moffat Creek Near Horsefly","prov":"BC","kind":"river","level":2.19,"discharge":0.584,"time":"2026-09-09T09:35:00Z","src":"eccc","class":"very-high","classBy":"level","p50":1.225}},{"type":"Feature","geometry":{"type":"Point","coordinates":[-124.64389,50.86167]},"properties":{"id":"08GD010","name":"Southgate River Above Elliot Creek","prov":"BC","kind":"river","level":10.146,"discharge":204.0,"time":"2026-09-09T09:40:00Z","src":"eccc"}},{"type":"Feature","geometry":{"type":"Point","coordinates":[-118.96124,50.25247]},"properties":{"id":"08LC042","name":"Bessette Creek Above Lumby Lagoon Outfall","prov":"BC","kind":"river","level":0.126,"discharge":0.337,"time":"2026-09-09T10:20:00Z","src":"eccc","class":"very-low","classBy":"level","p50":0.212}},{"type":"Feature","geometry":{"type":"Point","coordinates":[-122.91306,55.08194]},"properties":{"id":"07EE007","name":"Parsnip River Above Misinchinka River","prov":"BC","kind":"river","level":1.128,"discharge":43.4,"time":"2026-09-09T09:35:00Z","src":"eccc","class":"normal","classBy":"level","p50":1.197}},{"type":"Feature","geometry":{"type":"Point","coordinates":[-121.9042,49.28501]},"properties":{"id":"08MG022","name":"Harrison River Below Morris Creek","prov":"BC","kind":"river","level":9.124,"time":"2026-09-09T09:40:00Z","src":"eccc","class":"normal","classBy":"level","p50":9.199}},{"type":"Feature","geometry":{"type":"Point","coordinates":[-126.71279,52.36849]},"properties":{"id":"08FB012","name":"Bella Coola River Below Thorsen Creek","prov":"BC","kind":"river","level":7.867,"time":"2026-09-09T09:35:00Z","src":"eccc"}},{"type":"Feature","geometry":{"type":"Point","coordinates":[-123.42042,49.78719]},"properties":{"id":"08GB013","name":"Clowhom River Near Clowhom Lake","prov":"BC","kind":"river","level":2.71,"discharge":4.05,"time":"2026-09-09T10:05:00Z","src":"eccc","class":"very-low","classBy":"level","p50":3.017}},{"type":"Feature","geometry":{"type":"Point","coordinates":[-121.96953,50.67111]},"properties":{"id":"08ME003","name":"Seton River Near Lillooet","prov":"BC","kind":"river","level":1.463,"discharge":39.2,"time":"2026-09-09T10:20:00Z","src":"eccc","class":"high","classBy":"level","p50":1.165}},{"type":"Feature","geometry":{"type":"Point","coordinates":[-114.83336,49.89149]},"properties":{"id":"08NK022","name":"Line Creek At The Mouth","prov":"BC","kind":"river","level":0.689,"discharge":1.55,"time":"2026-09-09T09:40:00Z","src":"eccc","class":"high","classBy":"level","p50":0.656}},{"type":"Feature","geometry":{"type":"Point","coordinates":[-120.24046,51.04093]},"properties":{"id":"08LB064","name":"North Thompson River At Mclure","prov":"BC","kind":"river","level":1.258,"discharge":256.0,"time":"2026-09-09T09:35:00Z","src":"eccc","class":"normal","classBy":"level","p50":1.383}},{"type":"Feature","geometry":{"type":"Point","coordinates":[-117.26128,49.50195]},"properties":{"id":"08NJ130","name":"Anderson Creek Near Nelson","prov":"BC","kind":"river","level":0.035,"discharge":0.014,"time":"2026-09-09T06:45:00Z","src":"eccc","class":"normal","classBy":"level","p50":0.037}},{"type":"Feature","geometry":{"type":"Point","coordinates":[-119.58041,49.34205]},"properties":{"id":"08NM002","name":"Okanagan River At Okanagan Falls","prov":"BC","kind":"river","level":1.414,"discharge":8.25,"time":"2026-09-09T10:20:00Z","src":"eccc","class":"very-low","classBy":"level","p50":1.46}},{"type":"Feature","geometry":{"type":"Point","coordinates":[-121.62853,56.25075]},"properties":{"id":"07FA006","name":"Halfway River Near Farrell Creek","prov":"BC","kind":"river","level":0.311,"discharge":56.9,"time":"2026-09-09T10:15:00Z","src":"eccc","class":"normal","classBy":"level","p50":0.545}},{"type":"Feature","geometry":{"type":"Point","coordinates":[-115.63534,49.61203]},"properties":{"id":"08NG065","name":"Kootenay River At Fort Steele","prov":"BC","kind":"river","level":0.985,"discharge":105.0,"time":"2026-09-09T09:40:00Z","src":"eccc","class":"normal","classBy":"level","p50":1.085}},{"type":"Feature","geometry":{"type":"Point","coordinates":[-125.52055,49.93]},"properties":{"id":"08HD034","name":"Quinsam River Diversion Headpond","prov":"BC","kind":"river","level":301.029,"time":"2026-09-09T09:35:00Z","src":"eccc","class":"very-low","classBy":"level","p50":305.087}},{"type":"Feature","geometry":{"type":"Point","coordinates":[-119.32139,49.24928]},"properties":{"id":"08NM171","name":"Vaseux Creek Above Solco Creek","prov":"BC","kind":"river","level":0.92,"discharge":0.068,"time":"2026-09-09T09:40:00Z","src":"eccc","class":"very-low","classBy":"level","p50":0.988}},{"type":"Feature","geometry":{"type":"Point","coordinates":[-120.2735,55.19281]},"properties":{"id":"07FD019","name":"Kiskatinaw River Below Borden Creek","prov":"BC","kind":"river","level":7.982,"discharge":0.185,"time":"2026-09-09T09:35:00Z","src":"eccc"}},{"type":"Feature","geometry":{"type":"Point","coordinates":[-120.36412,50.68752]},"properties":{"id":"08LF023","name":"Thompson River At Kamloops","prov":"BC","kind":"river","level":2.798,"time":"2026-09-09T09:45:00Z","src":"eccc","class":"very-low","classBy":"level","p50":4.417}},{"type":"Feature","geometry":{"type":"Point","coordinates":[-120.28364,50.13989]},"properties":{"id":"08LG028","name":"Nicola River At Outlet Of Douglas Lake","prov":"BC","kind":"river","discharge":0.004,"time":"2026-09-09T09:45:00Z","src":"eccc","class":"very-low","classBy":"discharge","p50":0.16}},{"type":"Feature","geometry":{"type":"Point","coordinates":[-120.8145,56.19933]},"properties":{"id":"07FA004","name":"Peace River Above Pine River","prov":"BC","kind":"river","level":1.722,"discharge":1350.0,"time":"2026-09-09T10:15:00Z","src":"eccc","class":"high","classBy":"level","p50":1.196}},{"type":"Feature","geometry":{"type":"Point","coordinates":[-117.04803,50.6375]},"properties":{"id":"08NH119","name":"Duncan River Below B.B. Creek","prov":"BC","kind":"river","level":1.644,"discharge":44.8,"time":"2026-09-09T10:05:00Z","src":"eccc","class":"normal","classBy":"level","p50":1.73}},{"type":"Feature","geometry":{"type":"Point","coordinates":[-118.53826,50.35767]},"properties":{"id":"08LC041","name":"Sugar Lake Reservoir At The Outlet","prov":"BC","kind":"lake","level":9.052,"time":"2026-09-09T10:15:00Z","src":"eccc","class":"low","classBy":"level","p50":9.537}},{"type":"Feature","geometry":{"type":"Point","coordinates":[-120.67242,56.13939]},"properties":{"id":"07FD002","name":"Peace River Near Taylor","prov":"BC","kind":"river","level":2.99,"discharge":1430.0,"time":"2026-09-09T10:10:00Z","src":"eccc","class":"high","classBy":"level","p50":2.734}},{"type":"Feature","geometry":{"type":"Point","coordinates":[-120.12278,51.135]},"properties":{"id":"08LB072","name":"Louis Creek At The Mouth","prov":"BC","kind":"river","level":3.545,"discharge":0.303,"time":"2026-09-09T09:35:00Z","src":"eccc","class":"very-low","classBy":"discharge","p50":0.96}},{"type":"Feature","geometry":{"type":"Point","coordinates":[-121.21156,55.71844]},"properties":{"id":"07FB001","name":"Pine River At East Pine","prov":"BC","kind":"river","level":1.635,"discharge":62.1,"time":"2026-09-09T10:15:00Z","src":"eccc","class":"normal","classBy":"level","p50":1.733}},{"type":"Feature","geometry":{"type":"Point","coordinates":[-115.99778,49.3995]},"properties":{"id":"08NH139","name":"Moyie River Above Noke Creek","prov":"BC","kind":"river","level":1.813,"discharge":0.27,"time":"2026-09-09T09:35:00Z","src":"eccc","class":"high","classBy":"level","p50":1.731}},{"type":"Feature","geometry":{"type":"Point","coordinates":[-123.63122,51.379]},"properties":{"id":"08MA003","name":"Taseko River At Outlet Of Taseko Lakes","prov":"BC","kind":"river","level":2.272,"discharge":69.4,"time":"2026-09-09T09:45:00Z","src":"eccc","class":"high","classBy":"level","p50":1.972}},{"type":"Feature","geometry":{"type":"Point","coordinates":[-119.82579,49.2589]},"properties":{"id":"08NL045","name":"Keremeos Creek Below Willis Intake","prov":"BC","kind":"river","level":0.579,"discharge":0.128,"time":"2026-09-09T09:35:00Z","src":"eccc","class":"very-low","classBy":"level","p50":0.683}},{"type":"Feature","geometry":{"type":"Point","coordinates":[-66.68289,45.67378]},"properties":{"id":"01AM001","name":"North Branch Oromocto River At Tracy","prov":"NB","kind":"river","level":0.38,"discharge":0.275,"time":"2026-09-09T10:05:00Z","src":"eccc","class":"low","classBy":"level","p50":0.463}},{"type":"Feature","geometry":{"type":"Point","coordinates":[-66.88708,47.83247]},"properties":{"id":"01BE001","name":"Upsalquitch River At Upsalquitch","prov":"NB","kind":"river","level":0.762,"discharge":6.65,"time":"2026-09-09T10:05:00Z","src":"eccc","class":"low","classBy":"level","p50":0.856}},{"type":"Feature","geometry":{"type":"Point","coordinates":[-66.65161,45.96619]},"properties":{"id":"01AK003","name":"Saint John River At Fredericton","prov":"NB","kind":"river","level":1.427,"time":"2026-09-09T10:00:00Z","src":"eccc","class":"normal","classBy":"level","p50":1.188}},{"type":"Feature","geometry":{"type":"Point","coordinates":[-65.72275,46.29072]},"properties":{"id":"01AN002","name":"Salmon River At Castaway","prov":"NB","kind":"river","level":10.121,"discharge":2.78,"time":"2026-09-09T10:05:00Z","src":"eccc","class":"normal","classBy":"level","p50":10.135}},{"type":"Feature","geometry":{"type":"Point","coordinates":[-65.36639,46.07236]},"properties":{"id":"01AP002","name":"Canaan River At East Canaan","prov":"NB","kind":"river","level":0.39,"discharge":2.91,"time":"2026-09-09T10:05:00Z","src":"eccc","class":"normal","classBy":"level","p50":0.349}},{"type":"Feature","geometry":{"type":"Point","coordinates":[-67.48308,47.66708]},"properties":{"id":"01BC001","name":"Restigouche River Below Kedgwick River","prov":"NB","kind":"river","level":0.662,"discharge":10.6,"time":"2026-09-09T10:00:00Z","src":"eccc","class":"low","classBy":"level","p50":0.782}},{"type":"Feature","geometry":{"type":"Point","coordinates":[-111.8,49.91889]},"properties":{"id":"05AG006","name":"Oldman River Near The Mouth","prov":"AB","kind":"river","level":2.823,"discharge":80.9,"time":"2026-09-09T09:35:00Z","src":"eccc","class":"high","classBy":"level","p50":2.429}},{"type":"Feature","geometry":{"type":"Point","coordinates":[-111.98857,54.77229]},"properties":{"id":"07CA004","name":"Lac La Biche At Lac La Biche","prov":"AB","kind":"lake","level":544.47,"time":"2026-09-09T09:40:00Z","src":"eccc","class":"very-high","classBy":"level","p50":543.478}},{"type":"Feature","geometry":{"type":"Point","coordinates":[-113.59089,53.41263]},"properties":{"id":"05DF006","name":"Whitemud Creek Near Ellerslie","prov":"AB","kind":"river","level":1.15,"discharge":0.455,"time":"2026-09-09T09:40:00Z","src":"eccc","class":"high","classBy":"level","p50":0.89}},{"type":"Feature","geometry":{"type":"Point","coordinates":[-118.91626,55.3745]},"properties":{"id":"07GE003","name":"Grande Prairie Creek Near Sexsmith","prov":"AB","kind":"river","level":0.654,"discharge":0.0,"time":"2026-09-09T09:40:00Z","src":"eccc","class":"normal","classBy":"level","p50":0.443}},{"type":"Feature","geometry":{"type":"Point","coordinates":[-117.12989,56.05564]},"properties":{"id":"07HA003","name":"Heart River Near Nampa","prov":"AB","kind":"river","level":1.549,"discharge":16.3,"time":"2026-09-09T09:40:00Z","src":"eccc","class":"very-high","classBy":"level","p50":0.861}},{"type":"Feature","geometry":{"type":"Point","coordinates":[-111.63142,51.23974]},"properties":{"id":"05CH011","name":"Berry Creek Reservoir Outlet","prov":"AB","kind":"river","level":0.992,"discharge":0.435,"time":"2026-09-09T09:40:00Z","src":"eccc","class":"normal","classBy":"level","p50":0.893}},{"type":"Feature","geometry":{"type":"Point","coordinates":[-114.67097,51.51147]},"properties":{"id":"05CB002","name":"Little Red Deer River Near Water Valley","prov":"AB","kind":"river","level":0.569,"discharge":0.779,"time":"2026-09-09T09:40:00Z","src":"eccc","class":"normal","classBy":"level","p50":0.597}},{"type":"Feature","geometry":{"type":"Point","coordinates":[-115.24038,56.54702]},"properties":{"id":"07JC002","name":"Redearth Creek Near Red Earth Creek","prov":"AB","kind":"river","level":1.014,"discharge":2.75,"time":"2026-09-09T09:40:00Z","src":"eccc","class":"high","classBy":"level","p50":0.71}},{"type":"Feature","geometry":{"type":"Point","coordinates":[-113.21913,53.0031]},"properties":{"id":"05FA016","name":"Coal Lake Reservoir Near Wetaskiwin","prov":"AB","kind":"lake","level":702.785,"time":"2026-09-09T09:40:00Z","src":"eccc","class":"high","classBy":"level","p50":702.677}},{"type":"Feature","geometry":{"type":"Point","coordinates":[-113.07468,51.56563]},"properties":{"id":"05CE007","name":"Threehills Creek Near Carbon","prov":"AB","kind":"river","level":1.372,"discharge":0.003,"time":"2026-09-09T09:35:00Z","src":"eccc","class":"very-high","classBy":"level","p50":0.483}},{"type":"Feature","geometry":{"type":"Point","coordinates":[-113.55406,49.33607]},"properties":{"id":"05AD021","name":"Belly - St. Mary Diversion Canal","prov":"AB","kind":"river","level":2.004,"discharge":16.4,"time":"2026-09-09T10:00:00Z","src":"eccc","class":"normal","classBy":"level","p50":1.967}},{"type":"Feature","geometry":{"type":"Point","coordinates":[-111.21281,58.92964]},"properties":{"id":"07NA008","name":"Riviere Des Rochers West Of Little Rapids","prov":"AB","kind":"river","level":3.83,"time":"2026-09-09T09:35:00Z","src":"eccc"}},{"type":"Feature","geometry":{"type":"Point","coordinates":[-111.988,57.22093]},"properties":{"id":"07DA039","name":"Ells River Above Joslyn Creek Diversion","prov":"AB","kind":"river","level":97.725,"discharge":5.69,"time":"2026-09-09T09:35:00Z","src":"eccc","class":"normal","classBy":"level","p50":97.664}},{"type":"Feature","geometry":{"type":"Point","coordinates":[-115.99929,52.28296]},"properties":{"id":"05DC011","name":"North Ram River At Forestry Road","prov":"AB","kind":"river","level":0.791,"discharge":1.13,"time":"2026-09-09T09:40:00Z","src":"eccc","class":"very-low","classBy":"level","p50":0.857}},{"type":"Feature","geometry":{"type":"Point","coordinates":[-113.78805,50.12778]},"properties":{"id":"05AB042","name":"Pine Coulee Diversion Canal Below Head Gates","prov":"AB","kind":"river","level":7.587,"discharge":0.352,"time":"2026-09-09T09:45:00Z","src":"eccc","class":"very-high","classBy":"discharge","p50":0.0}},{"type":"Feature","geometry":{"type":"Point","coordinates":[-114.28147,53.91104]},"properties":{"id":"07BB007","name":"Lac La Nonne At Lac La Nonne","prov":"AB","kind":"lake","level":663.848,"time":"2026-09-09T09:40:00Z","src":"eccc","class":"very-high","classBy":"level","p50":663.562}},{"type":"Feature","geometry":{"type":"Point","coordinates":[-113.74902,50.12167]},"properties":{"id":"05AB044","name":"Pine Coulee Reservoir Near Stavely","prov":"AB","kind":"lake","level":1051.228,"time":"2026-09-09T09:45:00Z","src":"eccc","class":"normal","classBy":"level","p50":1050.307}},{"type":"Feature","geometry":{"type":"Point","coordinates":[-110.57151,54.50017]},"properties":{"id":"06AC002","name":"Moore Lake Near Cold Lake","prov":"AB","kind":"lake","level":549.476,"time":"2026-09-09T09:40:00Z","src":"eccc","class":"very-high","classBy":"level","p50":549.163}},{"type":"Feature","geometry":{"type":"Point","coordinates":[-117.66096,56.51094]},"properties":{"id":"07HA005","name":"Whitemud River Near Dixonville","prov":"AB","kind":"river","level":1.089,"discharge":1.04,"time":"2026-09-09T09:40:00Z","src":"eccc","class":"normal","classBy":"level","p50":1.032}},{"type":"Feature","geometry":{"type":"Point","coordinates":[-113.51651,53.41455]},"properties":{"id":"05DF003","name":"Blackmud Creek Near Ellerslie","prov":"AB","kind":"river","level":0.78,"discharge":0.793,"time":"2026-09-09T09:40:00Z","src":"eccc","class":"normal","classBy":"level","p50":0.688}},{"type":"Feature","geometry":{"type":"Point","coordinates":[-113.55414,50.25185]},"properties":{"id":"05AC031","name":"Mosquito Creek Near The Mouth","prov":"AB","kind":"river","level":0.675,"discharge":1.44,"time":"2026-09-09T09:45:00Z","src":"eccc","class":"very-high","classBy":"level","p50":0.432}},{"type":"Feature","geometry":{"type":"Point","coordinates":[-111.25522,56.68525]},"properties":{"id":"07CD001","name":"Clearwater River At Draper","prov":"AB","kind":"river","level":2.383,"discharge":124.0,"time":"2026-09-09T09:35:00Z","src":"eccc","class":"normal","classBy":"level","p50":2.215}},{"type":"Feature","geometry":{"type":"Point","coordinates":[-113.68603,49.97735]},"properties":{"id":"05AB005","name":"Trout Creek Near Granum","prov":"AB","kind":"river","level":0.56,"discharge":0.476,"time":"2026-09-09T09:40:00Z","src":"eccc","class":"high","classBy":"level","p50":0.433}},{"type":"Feature","geometry":{"type":"Point","coordinates":[-114.56089,53.51658]},"properties":{"id":"05DE002","name":"Wabamun Lake At Sundance Power Station","prov":"AB","kind":"lake","level":724.302,"time":"2026-09-09T09:45:00Z","src":"eccc","class":"normal","classBy":"level","p50":724.354}},{"type":"Feature","geometry":{"type":"Point","coordinates":[-112.10495,50.21665]},"properties":{"id":"05BN006","name":"New West Coulee Near The Mouth","prov":"AB","kind":"river","level":0.479,"discharge":1.47,"time":"2026-09-09T09:40:00Z","src":"eccc","class":"high","classBy":"level","p50":0.408}},{"type":"Feature","geometry":{"type":"Point","coordinates":[-113.56856,51.99747]},"properties":{"id":"05CE018","name":"Threehills Creek Below Ray Creek","prov":"AB","kind":"river","level":0.367,"discharge":0.0,"time":"2026-09-09T09:35:00Z","src":"eccc","class":"low","classBy":"level","p50":0.623}},{"type":"Feature","geometry":{"type":"Point","coordinates":[-112.08397,51.66211]},"properties":{"id":"05CG004","name":"Bullpound Creek Near Watts","prov":"AB","kind":"river","level":0.662,"time":"2026-09-09T09:40:00Z","src":"eccc","class":"high","classBy":"level","p50":0.442}},{"type":"Feature","geometry":{"type":"Point","coordinates":[-118.4617,55.22475]},"properties":{"id":"07GE002","name":"Kleskun Hills Main Drain Near Grande Prairie","prov":"AB","kind":"river","level":0.534,"discharge":0.0,"time":"2026-09-09T09:40:00Z","src":"eccc","class":"normal","classBy":"level","p50":0.496}},{"type":"Feature","geometry":{"type":"Point","coordinates":[-112.0398,53.49118]},"properties":{"id":"05EE009","name":"Vermilion River At Vegreville","prov":"AB","kind":"river","level":1.288,"discharge":0.687,"time":"2026-09-09T09:40:00Z","src":"eccc","class":"normal","classBy":"level","p50":1.213}},{"type":"Feature","geometry":{"type":"Point","coordinates":[-115.33244,54.22771]},"properties":{"id":"07AH002","name":"Christmas Creek Near Blue Ridge","prov":"AB","kind":"river","level":0.546,"discharge":0.61,"time":"2026-09-09T09:45:00Z","src":"eccc","class":"normal","classBy":"level","p50":0.682}},{"type":"Feature","geometry":{"type":"Point","coordinates":[-118.0587,52.91019]},"properties":{"id":"07AA002","name":"Athabasca River Near Jasper","prov":"AB","kind":"river","level":1.59,"discharge":104.0,"time":"2026-09-09T09:40:00Z","src":"eccc","class":"normal","classBy":"level","p50":1.608}},{"type":"Feature","geometry":{"type":"Point","coordinates":[-112.15281,55.64247]},"properties":{"id":"07CB002","name":"House River At Highway No. 63","prov":"AB","kind":"river","level":7.155,"discharge":1.27,"time":"2026-09-09T09:35:00Z","src":"eccc","class":"normal","classBy":"level","p50":7.24}},{"type":"Feature","geometry":{"type":"Point","coordinates":[-117.19806,53.07943]},"properties":{"id":"07AF013","name":"Mcleod River Near Cadomin","prov":"AB","kind":"river","level":0.911,"discharge":6.55,"time":"2026-09-09T09:35:00Z","src":"eccc","class":"high","classBy":"level","p50":0.8}},{"type":"Feature","geometry":{"type":"Point","coordinates":[-112.50553,49.89987]},"properties":{"id":"05AC023","name":"Little Bow River Near The Mouth","prov":"AB","kind":"river","level":0.846,"discharge":4.94,"time":"2026-09-09T09:40:00Z","src":"eccc","class":"high","classBy":"level","p50":0.636}},{"type":"Feature","geometry":{"type":"Point","coordinates":[-79.23356,43.85836]},"properties":{"id":"02HC022","name":"Rouge River Near Markham","prov":"ON","kind":"river","level":3.308,"discharge":0.742,"time":"2026-09-09T10:15:00Z","src":"eccc","class":"normal","classBy":"level","p50":3.33}},{"type":"Feature","geometry":{"type":"Point","coordinates":[-94.81025,49.71264]},"properties":{"id":"05PD011","name":"Lake Of The Woods At Clearwater Bay","prov":"ON","kind":"lake","level":322.668,"time":"2026-09-09T09:35:00Z","src":"eccc","class":"low","classBy":"level","p50":322.875}},{"type":"Feature","geometry":{"type":"Point","coordinates":[-79.39511,46.26344]},"properties":{"id":"02DD013","name":"La Vase River At North Bay","prov":"ON","kind":"river","level":10.504,"discharge":0.018,"time":"2026-09-09T09:40:00Z","src":"eccc","class":"low","classBy":"level","p50":10.614}},{"type":"Feature","geometry":{"type":"Point","coordinates":[-79.70315,43.42145]},"properties":{"id":"02HB027","name":"Fourteen Mile Creek At Oakville","prov":"ON","kind":"river","level":1.28,"discharge":0.068,"time":"2026-09-09T10:20:00Z","src":"eccc","class":"normal","classBy":"level","p50":1.301}},{"type":"Feature","geometry":{"type":"Point","coordinates":[-89.40421,48.32576]},"properties":{"id":"02AB023","name":"Slate River Near Thunder Bay","prov":"ON","kind":"river","level":25.477,"discharge":0.007,"time":"2026-09-09T09:35:00Z","src":"eccc","class":"low","classBy":"level","p50":25.516}},{"type":"Feature","geometry":{"type":"Point","coordinates":[-89.32464,48.48269]},"properties":{"id":"02AB020","name":"Mcintyre River Above Thunder Bay","prov":"ON","kind":"river","level":307.646,"discharge":0.074,"time":"2026-09-09T09:35:00Z","src":"eccc","class":"normal","classBy":"level","p50":307.666}},{"type":"Feature","geometry":{"type":"Point","coordinates":[-94.55022,49.77134]},"properties":{"id":"05PE031","name":"Winnipeg River At Darlington Bay","prov":"ON","kind":"river","level":316.194,"time":"2026-09-09T09:40:00Z","src":"eccc","class":"normal","classBy":"level","p50":316.144}},{"type":"Feature","geometry":{"type":"Point","coordinates":[-80.27,43.63861]},"properties":{"id":"02GA040","name":"Speed River Near Armstrong Mills","prov":"ON","kind":"river","level":1.038,"time":"2026-09-09T10:20:00Z","src":"eccc","class":"normal","classBy":"level","p50":1.023}},{"type":"Feature","geometry":{"type":"Point","coordinates":[-78.17217,44.28405]},"properties":{"id":"02HJ009","name":"Indian River Above Hope Mill Dam","prov":"ON","kind":"river","level":9.72,"time":"2026-09-09T10:25:00Z","src":"eccc","class":"normal","classBy":"level","p50":9.726}},{"type":"Feature","geometry":{"type":"Point","coordinates":[-78.64233,44.00572]},"properties":{"id":"02HD021","name":"Wilmot Creek Near Leskard","prov":"ON","kind":"river","level":1.14,"discharge":0.359,"time":"2026-09-09T09:35:00Z","src":"eccc","class":"normal","classBy":"level","p50":1.14}},{"type":"Feature","geometry":{"type":"Point","coordinates":[-78.43747,44.01514]},"properties":{"id":"02HD003","name":"Ganaraska River Near Osaca","prov":"ON","kind":"river","level":0.361,"discharge":0.485,"time":"2026-09-09T10:25:00Z","src":"eccc","class":"low","classBy":"level","p50":0.433}},{"type":"Feature","geometry":{"type":"Point","coordinates":[-78.82897,44.13192]},"properties":{"id":"02HG003","name":"Blackstock Creek Near Blackstock","prov":"ON","kind":"river","level":2.893,"discharge":0.064,"time":"2026-09-09T10:20:00Z","src":"eccc","class":"normal","classBy":"level","p50":2.925}},{"type":"Feature","geometry":{"type":"Point","coordinates":[-79.28161,44.71367]},"properties":{"id":"02EC002","name":"Black River Near Washago","prov":"ON","kind":"river","level":7.452,"discharge":6.76,"time":"2026-09-09T10:05:00Z","src":"eccc","class":"high","classBy":"level","p50":7.276}},{"type":"Feature","geometry":{"type":"Point","coordinates":[-89.60352,48.3593]},"properties":{"id":"02AB027","name":"Whitefish River Near Stanley","prov":"ON","kind":"river","level":3.954,"discharge":1.31,"time":"2026-09-09T09:35:00Z","src":"eccc","class":"low","classBy":"level","p50":4.225}},{"type":"Feature","geometry":{"type":"Point","coordinates":[-78.61881,43.93022]},"properties":{"id":"02HD009","name":"Wilmot Creek Near Newcastle","prov":"ON","kind":"river","level":3.512,"discharge":0.562,"time":"2026-09-09T10:15:00Z","src":"eccc","class":"normal","classBy":"level","p50":3.511}},{"type":"Feature","geometry":{"type":"Point","coordinates":[-83.6568,49.68281]},"properties":{"id":"04LK001","name":"Mattawishkwia River At Hearst","prov":"ON","kind":"river","level":4.745,"discharge":2.09,"time":"2026-09-09T09:45:00Z","src":"eccc","class":"normal","classBy":"level","p50":4.661}},{"type":"Feature","geometry":{"type":"Point","coordinates":[-88.27389,49.08056]},"properties":{"id":"02AD013","name":"Nipigon River Below Polly Lake","prov":"ON","kind":"river","level":183.818,"time":"2026-09-09T09:35:00Z","src":"eccc"}},{"type":"Feature","geometry":{"type":"Point","coordinates":[-78.04494,44.29806]},"properties":{"id":"02HJ003","name":"Ouse River Near Westwood","prov":"ON","kind":"river","level":12.487,"discharge":0.62,"time":"2026-09-09T09:35:00Z","src":"eccc","class":"normal","classBy":"level","p50":12.459}},{"type":"Feature","geometry":{"type":"Point","coordinates":[-80.65242,43.77553]},"properties":{"id":"02GA051","name":"Conestogo River Near Bosworth","prov":"ON","kind":"river","level":4.041,"discharge":0.088,"time":"2026-09-09T10:20:00Z","src":"eccc"}},{"type":"Feature","geometry":{"type":"Point","coordinates":[-75.69294,45.43992]},"properties":{"id":"02LA027","name":"Rideau River Above Rideau Falls","prov":"ON","kind":"river","level":4.73,"time":"2026-09-09T10:10:00Z","src":"eccc","class":"normal","classBy":"level","p50":4.697}},{"type":"Feature","geometry":{"type":"Point","coordinates":[-76.76236,44.47192]},"properties":{"id":"02HM002","name":"Depot Creek At Bellrock","prov":"ON","kind":"river","level":6.682,"discharge":1.27,"time":"2026-09-09T10:20:00Z","src":"eccc","class":"high","classBy":"level","p50":6.602}},{"type":"Feature","geometry":{"type":"Point","coordinates":[-79.856,43.64758]},"properties":{"id":"02HB025","name":"Credit River At Norval","prov":"ON","kind":"river","level":2.571,"discharge":3.04,"time":"2026-09-09T10:25:00Z","src":"eccc","class":"normal","classBy":"level","p50":2.588}},{"type":"Feature","geometry":{"type":"Point","coordinates":[-93.35472,48.61389]},"properties":{"id":"05PC024","name":"Rainy River At Point Park Site No.1","prov":"ON","kind":"river","level":337.444,"time":"2026-09-09T09:50:00Z","src":"eccc","class":"normal","classBy":"level","p50":337.483}},{"type":"Feature","geometry":{"type":"Point","coordinates":[-82.97542,51.85381]},"properties":{"id":"04HA002","name":"Albany River Above Fishing Creek Island","prov":"ON","kind":"river","level":5.677,"discharge":244.0,"time":"2026-09-09T09:35:00Z","src":"eccc","class":"normal","classBy":"level","p50":5.996}},{"type":"Feature","geometry":{"type":"Point","coordinates":[-76.96633,44.96844]},"properties":{"id":"02KF017","name":"Buckshot Creek Near Plevna","prov":"ON","kind":"river","level":1.504,"discharge":0.725,"time":"2026-09-09T09:40:00Z","src":"eccc","class":"normal","classBy":"level","p50":1.551}},{"type":"Feature","geometry":{"type":"Point","coordinates":[-78.32139,44.30278]},"properties":{"id":"02HJ001","name":"Jackson Creek At Peterborough","prov":"ON","kind":"river","level":1.519,"discharge":0.403,"time":"2026-09-09T10:25:00Z","src":"eccc","class":"high","classBy":"level","p50":1.485}},{"type":"Feature","geometry":{"type":"Point","coordinates":[-77.41883,44.25373]},"properties":{"id":"02HL001","name":"Moira River Near Foxboro","prov":"ON","kind":"river","level":7.443,"discharge":33.5,"time":"2026-09-09T10:10:00Z","src":"eccc","class":"very-high","classBy":"level","p50":6.955}},{"type":"Feature","geometry":{"type":"Point","coordinates":[-80.29458,42.76575]},"properties":{"id":"02GC014","name":"Young Creek Near Vittoria","prov":"ON","kind":"river","level":11.704,"time":"2026-09-09T09:35:00Z","src":"eccc","class":"normal","classBy":"level","p50":11.697}},{"type":"Feature","geometry":{"type":"Point","coordinates":[-80.92911,44.16106]},"properties":{"id":"02FC021","name":"Camp Creek At Allan Park","prov":"ON","kind":"river","level":3.8,"discharge":0.843,"time":"2026-09-09T09:45:00Z","src":"eccc","class":"normal","classBy":"level","p50":3.817}},{"type":"Feature","geometry":{"type":"Point","coordinates":[-75.82666,45.35125]},"properties":{"id":"02KF005","name":"Ottawa River At Britannia","prov":"ON","kind":"river","level":58.012,"discharge":814.0,"time":"2026-09-09T09:35:00Z","src":"eccc","class":"normal","classBy":"level","p50":57.924}},{"type":"Feature","geometry":{"type":"Point","coordinates":[-79.21194,45.3242]},"properties":{"id":"02EB016","name":"Fairy Lake At Huntsville","prov":"ON","kind":"lake","level":6.485,"time":"2026-09-09T10:25:00Z","src":"eccc","class":"high","classBy":"level","p50":6.421}},{"type":"Feature","geometry":{"type":"Point","coordinates":[-81.09844,46.42731]},"properties":{"id":"02CF012","name":"Junction Creek Below Kelley Lake","prov":"ON","kind":"river","level":4.445,"time":"2026-09-09T09:40:00Z","src":"eccc","class":"very-high","classBy":"level","p50":2.664}},{"type":"Feature","geometry":{"type":"Point","coordinates":[-79.52039,43.69894]},"properties":{"id":"02HC003","name":"Humber River At Weston","prov":"ON","kind":"river","level":2.268,"discharge":3.91,"time":"2026-09-09T10:25:00Z","src":"eccc","class":"high","classBy":"level","p50":2.171}},{"type":"Feature","geometry":{"type":"Point","coordinates":[-75.36206,44.99794]},"properties":{"id":"02LB031","name":"South Branch South Nation River Near Winchester Springs","prov":"ON","kind":"river","level":7.234,"time":"2026-09-09T09:35:00Z","src":"eccc","class":"high","classBy":"level","p50":6.818}},{"type":"Feature","geometry":{"type":"Point","coordinates":[-79.77897,44.72606]},"properties":{"id":"02ED017","name":"Hogg Creek Near Victoria Harbour","prov":"ON","kind":"river","level":0.463,"discharge":0.159,"time":"2026-09-09T10:25:00Z","src":"eccc","class":"normal","classBy":"level","p50":0.451}},{"type":"Feature","geometry":{"type":"Point","coordinates":[-85.07225,53.09131]},"properties":{"id":"04FC001","name":"Attawapiskat River Below Muketei River","prov":"ON","kind":"river","level":22.92,"discharge":124.0,"time":"2026-09-09T09:40:00Z","src":"eccc","class":"low","classBy":"level","p50":23.197}},{"type":"Feature","geometry":{"type":"Point","coordinates":[-74.86806,45.08061]},"properties":{"id":"02MC027","name":"Raisin River At Black River","prov":"ON","kind":"river","level":4.663,"discharge":0.751,"time":"2026-09-09T10:10:00Z","src":"eccc","class":"very-high","classBy":"level","p50":4.272}},{"type":"Feature","geometry":{"type":"Point","coordinates":[-81.57747,42.73069]},"properties":{"id":"02GE006","name":"Thames River Near Dutton","prov":"ON","kind":"river","level":3.911,"discharge":18.7,"time":"2026-09-09T09:35:00Z","src":"eccc","class":"high","classBy":"level","p50":3.554}},{"type":"Feature","geometry":{"type":"Point","coordinates":[-76.62994,45.134]},"properties":{"id":"02KF013","name":"Clyde River At Gordon Rapids","prov":"ON","kind":"river","level":3.047,"discharge":1.6,"time":"2026-09-09T09:40:00Z","src":"eccc","class":"very-high","classBy":"level","p50":2.858}},{"type":"Feature","geometry":{"type":"Point","coordinates":[-79.97386,43.23117]},"properties":{"id":"02HB021","name":"Ancaster Creek At Ancaster","prov":"ON","kind":"river","level":0.11,"discharge":0.035,"time":"2026-09-09T10:20:00Z","src":"eccc","class":"normal","classBy":"level","p50":0.124}},{"type":"Feature","geometry":{"type":"Point","coordinates":[-76.57892,44.24103]},"properties":{"id":"02HM009","name":"West Branch Little Cataraqui Creek At Kingston","prov":"ON","kind":"river","level":10.013,"discharge":0.065,"time":"2026-09-09T10:05:00Z","src":"eccc","class":"normal","classBy":"level","p50":10.007}},{"type":"Feature","geometry":{"type":"Point","coordinates":[-82.31875,42.98408]},"properties":{"id":"02FF012","name":"Perch Creek At Sarnia","prov":"ON","kind":"river","level":2.511,"time":"2026-09-09T09:40:00Z","src":"eccc","class":"low","classBy":"level","p50":2.638}},{"type":"Feature","geometry":{"type":"Point","coordinates":[-75.10464,45.19161]},"properties":{"id":"02LB022","name":"Payne River Near Berwick","prov":"ON","kind":"river","level":6.195,"discharge":0.941,"time":"2026-09-09T09:45:00Z","src":"eccc","class":"very-high","classBy":"level","p50":6.062}},{"type":"Feature","geometry":{"type":"Point","coordinates":[-79.98046,47.46354]},"properties":{"id":"02JD015","name":"Montreal River Near Mowat Landing","prov":"ON","kind":"river","level":98.302,"time":"2026-09-09T09:35:00Z","src":"eccc"}},{"type":"Feature","geometry":{"type":"Point","coordinates":[-80.63261,43.36447]},"properties":{"id":"02GA043","name":"Hunsburger Creek Near Wilmot Centre","prov":"ON","kind":"river","level":0.881,"discharge":0.098,"time":"2026-09-09T09:45:00Z","src":"eccc","class":"normal","classBy":"level","p50":0.888}},{"type":"Feature","geometry":{"type":"Point","coordinates":[-81.35131,42.93411]},"properties":{"id":"02GE005","name":"Dingman Creek Below Lambeth","prov":"ON","kind":"river","level":4.842,"discharge":0.306,"time":"2026-09-09T09:35:00Z","src":"eccc","class":"normal","classBy":"level","p50":4.842}},{"type":"Feature","geometry":{"type":"Point","coordinates":[-80.07617,42.80992]},"properties":{"id":"02GC022","name":"Nanticoke Creek At Nanticoke","prov":"ON","kind":"river","level":12.236,"discharge":0.49,"time":"2026-09-09T09:45:00Z","src":"eccc","class":"high","classBy":"level","p50":12.203}},{"type":"Feature","geometry":{"type":"Point","coordinates":[-80.45878,46.97025]},"properties":{"id":"02DC012","name":"Sturgeon River At Upper Goose Falls","prov":"ON","kind":"river","level":4.749,"discharge":12.1,"time":"2026-09-09T09:40:00Z","src":"eccc","class":"high","classBy":"level","p50":4.529}},{"type":"Feature","geometry":{"type":"Point","coordinates":[-81.23681,43.22047]},"properties":{"id":"02GD010","name":"Fish Creek Near Prospect Hill","prov":"ON","kind":"river","level":3.29,"discharge":0.396,"time":"2026-09-09T10:25:00Z","src":"eccc","class":"high","classBy":"level","p50":3.23}},{"type":"Feature","geometry":{"type":"Point","coordinates":[-84.51556,47.00353]},"properties":{"id":"02BF001","name":"Batchawana River Near Batchawana","prov":"ON","kind":"river","level":2.075,"discharge":2.18,"time":"2026-09-09T09:35:00Z","src":"eccc","class":"low","classBy":"level","p50":2.243}},{"type":"Feature","geometry":{"type":"Point","coordinates":[-82.00839,42.65061]},"properties":{"id":"02GG003","name":"Sydenham River At Florence","prov":"ON","kind":"river","level":3.114,"discharge":2.01,"time":"2026-09-09T09:35:00Z","src":"eccc","class":"normal","classBy":"level","p50":3.056}},{"type":"Feature","geometry":{"type":"Point","coordinates":[-77.36694,44.02747]},"properties":{"id":"02HE002","name":"Consecon Creek At Allisonville","prov":"ON","kind":"river","level":1.045,"discharge":0.007,"time":"2026-09-09T09:40:00Z","src":"eccc","class":"normal","classBy":"level","p50":1.044}},{"type":"Feature","geometry":{"type":"Point","coordinates":[-77.12006,44.84317]},"properties":{"id":"02KF016","name":"Mississippi River Below Marble Lake","prov":"ON","kind":"river","level":8.519,"discharge":2.13,"time":"2026-09-09T09:35:00Z","src":"eccc","class":"high","classBy":"level","p50":8.339}},{"type":"Feature","geometry":{"type":"Point","coordinates":[-82.11911,42.90583]},"properties":{"id":"02GG006","name":"Bear Creek Near Petrolia","prov":"ON","kind":"river","level":4.034,"discharge":0.234,"time":"2026-09-09T10:05:00Z","src":"eccc","class":"normal","classBy":"level","p50":3.94}},{"type":"Feature","geometry":{"type":"Point","coordinates":[-81.49547,43.41883]},"properties":{"id":"02FF014","name":"Black Creek Near Hensall","prov":"ON","kind":"river","level":5.365,"discharge":0.083,"time":"2026-09-09T10:20:00Z","src":"eccc","class":"high","classBy":"level","p50":5.307}},{"type":"Feature","geometry":{"type":"Point","coordinates":[-78.98847,43.93197]},"properties":{"id":"02HC055","name":"Lynde Creek Tributary Near Kinsale","prov":"ON","kind":"river","level":3.779,"discharge":0.159,"time":"2026-09-09T09:35:00Z","src":"eccc","class":"high","classBy":"level","p50":3.721}},{"type":"Feature","geometry":{"type":"Point","coordinates":[-80.75153,43.122]},"properties":{"id":"02GD011","name":"Cedar Creek At Woodstock","prov":"ON","kind":"river","level":3.799,"discharge":0.388,"time":"2026-09-09T10:20:00Z","src":"eccc","class":"high","classBy":"level","p50":3.552}},{"type":"Feature","geometry":{"type":"Point","coordinates":[-79.49383,45.07042]},"properties":{"id":"02EB018","name":"Lake Muskoka At Beaumaris","prov":"ON","kind":"lake","level":9.41,"time":"2026-09-09T09:45:00Z","src":"eccc","class":"normal","classBy":"level","p50":9.411}},{"type":"Feature","geometry":{"type":"Point","coordinates":[-79.48956,44.09492]},"properties":{"id":"02EC009","name":"Holland River East Branch At Holland Landing","prov":"ON","kind":"river","level":7.528,"discharge":0.805,"time":"2026-09-09T10:25:00Z","src":"eccc","class":"normal","classBy":"level","p50":7.484}},{"type":"Feature","geometry":{"type":"Point","coordinates":[-76.28608,45.05328]},"properties":{"id":"02KF001","name":"Mississippi River At Fergusons Falls","prov":"ON","kind":"river","level":3.244,"discharge":32.8,"time":"2026-09-09T09:35:00Z","src":"eccc","class":"very-high","classBy":"level","p50":2.976}},{"type":"Feature","geometry":{"type":"Point","coordinates":[-78.17217,44.28405]},"properties":{"id":"02HJ012","name":"Indian River Below Hope Mill Dam","prov":"ON","kind":"river","level":7.326,"time":"2026-09-09T10:25:00Z","src":"eccc","class":"normal","classBy":"level","p50":7.312}},{"type":"Feature","geometry":{"type":"Point","coordinates":[-80.01808,46.1205]},"properties":{"id":"02DD027","name":"French River Below Portage Dam","prov":"ON","kind":"river","level":187.243,"time":"2026-09-09T09:35:00Z","src":"eccc","class":"normal","classBy":"level","p50":187.226}},{"type":"Feature","geometry":{"type":"Point","coordinates":[-83.97181,46.86094]},"properties":{"id":"02BF002","name":"Goulais River Near Searchmont","prov":"ON","kind":"river","level":7.287,"discharge":2.32,"time":"2026-09-09T09:35:00Z","src":"eccc","class":"normal","classBy":"level","p50":7.419}},{"type":"Feature","geometry":{"type":"Point","coordinates":[-80.01231,46.12553]},"properties":{"id":"02DD021","name":"Lake Nipissing At French River Outlet","prov":"ON","kind":"lake","level":195.765,"time":"2026-09-09T09:35:00Z","src":"eccc","class":"high","classBy":"level","p50":195.657}},{"type":"Feature","geometry":{"type":"Point","coordinates":[-80.46778,44.51986]},"properties":{"id":"02FB009","name":"Beaver River Near Clarksburg","prov":"ON","kind":"river","level":0.665,"discharge":4.18,"time":"2026-09-09T10:05:00Z","src":"eccc","class":"high","classBy":"level","p50":0.549}},{"type":"Feature","geometry":{"type":"Point","coordinates":[-80.19111,47.63917]},"properties":{"id":"02JD009","name":"Montreal River At Mountain Chutes","prov":"ON","kind":"river","level":2.649,"time":"2026-09-09T09:40:00Z","src":"eccc"}},{"type":"Feature","geometry":{"type":"Point","coordinates":[-82.38333,42.59289]},"properties":{"id":"02GG008","name":"Sydenham River At Wallaceburg","prov":"ON","kind":"river","level":5.397,"time":"2026-09-09T10:20:00Z","src":"eccc","class":"normal","classBy":"level","p50":5.375}},{"type":"Feature","geometry":{"type":"Point","coordinates":[-79.51969,43.64736]},"properties":{"id":"02HC033","name":"Mimico Creek At Islington","prov":"ON","kind":"river","level":5.581,"time":"2026-09-09T10:20:00Z","src":"eccc","class":"normal","classBy":"level","p50":5.58}},{"type":"Feature","geometry":{"type":"Point","coordinates":[-81.03297,46.61017]},"properties":{"id":"02CF008","name":"Whitson River At Val Caron","prov":"ON","kind":"river","level":7.511,"discharge":2.65,"time":"2026-09-09T09:45:00Z","src":"eccc","class":"normal","classBy":"level","p50":7.367}},{"type":"Feature","geometry":{"type":"Point","coordinates":[-102.54694,51.93972]},"properties":{"id":"05MC001","name":"Assiniboine River At Sturgis","prov":"SK","kind":"river","level":1.237,"discharge":1.39,"time":"2026-09-09T09:35:00Z","src":"eccc","class":"very-high","classBy":"level","p50":1.072}},{"type":"Feature","geometry":{"type":"Point","coordinates":[-101.69003,50.05008]},"properties":{"id":"05NE002","name":"Moosomin Lake Near Moosomin","prov":"SK","kind":"lake","level":544.019,"time":"2026-09-09T09:35:00Z","src":"eccc","class":"normal","classBy":"level","p50":543.921}},{"type":"Feature","geometry":{"type":"Point","coordinates":[-103.11214,49.14817]},"properties":{"id":"05NB038","name":"Boundary Reservoir Diversion Canal Near Estevan","prov":"SK","kind":"lake","level":1.369,"discharge":0.268,"time":"2026-09-09T09:35:00Z","src":"eccc","class":"very-high","classBy":"discharge","p50":0.0}},{"type":"Feature","geometry":{"type":"Point","coordinates":[-102.50472,51.3805]},"properties":{"id":"05MB001","name":"Yorkton Creek Near Ebenezer","prov":"SK","kind":"river","level":0.458,"discharge":3.02,"time":"2026-09-09T09:35:00Z","src":"eccc","class":"high","classBy":"level","p50":0.266}},{"type":"Feature","geometry":{"type":"Point","coordinates":[-105.7725,53.20346]},"properties":{"id":"05GG001","name":"North Saskatchewan River At Prince Albert","prov":"SK","kind":"river","level":1.842,"discharge":231.0,"time":"2026-09-09T09:35:00Z","src":"eccc","class":"normal","classBy":"level","p50":1.795}},{"type":"Feature","geometry":{"type":"Point","coordinates":[-119.63172,49.56797]},"properties":{"id":"08NM158","name":"Trout Creek At The Mouth","prov":"BC","kind":"river","level":3.121,"discharge":0.374,"time":"2026-09-09T09:40:00Z","src":"eccc","class":"normal","classBy":"discharge","p50":0.334}},{"type":"Feature","geometry":{"type":"Point","coordinates":[-122.96912,49.49717]},"properties":{"id":"08GA079","name":"Seymour River Above Lakehead","prov":"BC","kind":"river","level":8.92,"discharge":0.677,"time":"2026-09-09T10:10:00Z","src":"eccc","class":"very-low","classBy":"level","p50":9.765}},{"type":"Feature","geometry":{"type":"Point","coordinates":[-122.53187,49.14767]},"properties":{"id":"08MH098","name":"West Creek Near Fort Langley","prov":"BC","kind":"river","level":1.804,"discharge":0.029,"time":"2026-09-09T09:35:00Z","src":"eccc","class":"normal","classBy":"level","p50":1.874}},{"type":"Feature","geometry":{"type":"Point","coordinates":[-123.55505,52.92577]},"properties":{"id":"08KF001","name":"Nazko River Above Michelle Creek","prov":"BC","kind":"river","level":0.211,"time":"2026-09-09T09:35:00Z","src":"eccc"}},{"type":"Feature","geometry":{"type":"Point","coordinates":[-120.20894,51.12203]},"properties":{"id":"08LB024","name":"Fishtrap Creek Near Mclure","prov":"BC","kind":"river","level":1.922,"discharge":0.013,"time":"2026-09-09T09:35:00Z","src":"eccc","class":"high","classBy":"level","p50":0.56}},{"type":"Feature","geometry":{"type":"Point","coordinates":[-115.07013,49.50347]},"properties":{"id":"08NK002","name":"Elk River At Fernie","prov":"BC","kind":"river","level":1.852,"discharge":35.7,"time":"2026-09-09T09:40:00Z","src":"eccc","class":"high","classBy":"level","p50":1.725}},{"type":"Feature","geometry":{"type":"Point","coordinates":[-125.08722,49.66833]},"properties":{"id":"08HB084","name":"Puntledge River Below Diversion","prov":"BC","kind":"river","level":120.605,"discharge":12.8,"time":"2026-09-09T10:20:00Z","src":"eccc","class":"normal","classBy":"level","p50":120.656}},{"type":"Feature","geometry":{"type":"Point","coordinates":[-121.93777,49.30003]},"properties":{"id":"08MG001","name":"Chehalis River Near Harrison Mills","prov":"BC","kind":"river","level":8.798,"discharge":3.22,"time":"2026-09-09T09:35:00Z","src":"eccc","class":"normal","classBy":"level","p50":8.832}},{"type":"Feature","geometry":{"type":"Point","coordinates":[-121.96536,50.66914]},"properties":{"id":"08ME002","name":"Cayoosh Creek Near Lillooet","prov":"BC","kind":"river","level":0.959,"discharge":1.92,"time":"2026-09-09T10:15:00Z","src":"eccc","class":"low","classBy":"level","p50":1.017}},{"type":"Feature","geometry":{"type":"Point","coordinates":[-123.00212,49.34198]},"properties":{"id":"08GA030","name":"Seymour River Near North Vancouver","prov":"BC","kind":"river","level":0.878,"discharge":2.27,"time":"2026-09-09T10:05:00Z","src":"eccc","class":"normal","classBy":"level","p50":0.877}},{"type":"Feature","geometry":{"type":"Point","coordinates":[-116.96829,50.26287]},"properties":{"id":"08NH007","name":"Lardeau River At Marblehead","prov":"BC","kind":"river","level":0.999,"discharge":29.4,"time":"2026-09-09T10:15:00Z","src":"eccc"}},{"type":"Feature","geometry":{"type":"Point","coordinates":[-123.4284,50.11403]},"properties":{"id":"08GA071","name":"Elaho River Near The Mouth","prov":"BC","kind":"river","level":3.693,"discharge":104.0,"time":"2026-09-09T09:45:00Z","src":"eccc","class":"normal","classBy":"level","p50":3.752}},{"type":"Feature","geometry":{"type":"Point","coordinates":[-122.32307,49.55619]},"properties":{"id":"08MH147","name":"Stave River Above Stave Lake","prov":"BC","kind":"river","level":2.135,"discharge":11.8,"time":"2026-09-09T10:15:00Z","src":"eccc","class":"low","classBy":"level","p50":2.399}},{"type":"Feature","geometry":{"type":"Point","coordinates":[-127.34972,54.25583]},"properties":{"id":"08ED004","name":"Thautil Corner Creek Near Morice Lake","prov":"BC","kind":"river","level":1.205,"discharge":0.012,"time":"2026-09-09T09:45:00Z","src":"eccc","class":"low","classBy":"level","p50":1.23}},{"type":"Feature","geometry":{"type":"Point","coordinates":[-125.21403,49.57878]},"properties":{"id":"08HB074","name":"Cruickshank River Near The Mouth","prov":"BC","kind":"river","level":4.15,"discharge":4.45,"time":"2026-09-09T10:15:00Z","src":"eccc","class":"normal","classBy":"level","p50":4.129}},{"type":"Feature","geometry":{"type":"Point","coordinates":[-119.40158,50.02881]},"properties":{"id":"08NM250","name":"Vernon Creek At Swalwell Park","prov":"BC","kind":"river","level":2.808,"discharge":0.0,"time":"2026-09-09T09:40:00Z","src":"eccc"}},{"type":"Feature","geometry":{"type":"Point","coordinates":[-120.05747,56.12692]},"properties":{"id":"07FD010","name":"Peace River Above Alces River","prov":"BC","kind":"river","level":2.796,"discharge":1180.0,"time":"2026-09-09T10:15:00Z","src":"eccc","class":"normal","classBy":"level","p50":2.717}},{"type":"Feature","geometry":{"type":"Point","coordinates":[-118.94644,51.26222]},"properties":{"id":"08LE027","name":"Seymour River Near Seymour Arm","prov":"BC","kind":"river","level":0.627,"discharge":8.7,"time":"2026-09-09T09:40:00Z","src":"eccc","class":"low","classBy":"level","p50":0.885}},{"type":"Feature","geometry":{"type":"Point","coordinates":[-125.52531,49.94147]},"properties":{"id":"08HD026","name":"Quinsam Diversion Near Campbell River","prov":"BC","kind":"river","level":1.006,"discharge":0.002,"time":"2026-09-09T10:20:00Z","src":"eccc","class":"low","classBy":"level","p50":1.018}},{"type":"Feature","geometry":{"type":"Point","coordinates":[-127.88225,50.7345]},"properties":{"id":"08HF012","name":"Pugh Creek Near Nahwitti Lake","prov":"BC","kind":"river","level":4.133,"discharge":0.08,"time":"2026-09-09T09:40:00Z","src":"eccc","class":"low","classBy":"level","p50":4.237}},{"type":"Feature","geometry":{"type":"Point","coordinates":[-124.24776,54.61081]},"properties":{"id":"08JE004","name":"Tsilcoh River Near The Mouth","prov":"BC","kind":"river","level":3.13,"discharge":0.334,"time":"2026-09-09T09:35:00Z","src":"eccc","class":"low","classBy":"level","p50":3.187}},{"type":"Feature","geometry":{"type":"Point","coordinates":[-131.15972,57.90027]},"properties":{"id":"08CE001","name":"Stikine River At Telegraph Creek","prov":"BC","kind":"river","level":1.831,"discharge":334.0,"time":"2026-09-09T09:40:00Z","src":"eccc","class":"normal","classBy":"level","p50":2.024}},{"type":"Feature","geometry":{"type":"Point","coordinates":[-122.58018,49.24265]},"properties":{"id":"08MH006","name":"North Alouette River At 232Nd Street, Maple Ridge","prov":"BC","kind":"river","level":0.119,"discharge":0.129,"time":"2026-09-09T10:20:00Z","src":"eccc","class":"normal","classBy":"level","p50":0.131}},{"type":"Feature","geometry":{"type":"Point","coordinates":[-116.95519,50.23286]},"properties":{"id":"08NH118","name":"Duncan River Below Lardeau River","prov":"BC","kind":"river","level":2.502,"discharge":236.0,"time":"2026-09-09T10:15:00Z","src":"eccc","class":"high","classBy":"level","p50":2.398}},{"type":"Feature","geometry":{"type":"Point","coordinates":[-129.82555,59.1175]},"properties":{"id":"10AC005","name":"Cottonwood River Above Bass Creek","prov":"BC","kind":"river","level":0.776,"discharge":14.8,"time":"2026-09-09T09:40:00Z","src":"eccc","class":"normal","classBy":"level","p50":0.869}},{"type":"Feature","geometry":{"type":"Point","coordinates":[-122.80025,50.33602]},"properties":{"id":"08MG005","name":"Lillooet River Near Pemberton","prov":"BC","kind":"river","level":2.76,"discharge":143.0,"time":"2026-09-09T10:05:00Z","src":"eccc","class":"normal","classBy":"level","p50":2.551}},{"type":"Feature","geometry":{"type":"Point","coordinates":[-117.18039,51.4833]},"properties":{"id":"08NB005","name":"Columbia River At Donald","prov":"BC","kind":"river","level":1.739,"discharge":137.0,"time":"2026-09-09T09:40:00Z","src":"eccc","class":"normal","classBy":"level","p50":1.849}},{"type":"Feature","geometry":{"type":"Point","coordinates":[-118.54497,50.34711]},"properties":{"id":"08LC018","name":"Shuswap River At Outlet Of Sugar Lake Reservoir","prov":"BC","kind":"river","level":1.896,"discharge":18.9,"time":"2026-09-09T10:15:00Z","src":"eccc","class":"normal","classBy":"level","p50":1.887}},{"type":"Feature","geometry":{"type":"Point","coordinates":[-124.24927,48.93352]},"properties":{"id":"08HA072","name":"Cottonwood Creek Headwaters","prov":"BC","kind":"river","level":0.602,"discharge":0.025,"time":"2026-09-09T09:40:00Z","src":"eccc","class":"low","classBy":"level","p50":0.703}},{"type":"Feature","geometry":{"type":"Point","coordinates":[-123.20316,49.79502]},"properties":{"id":"08GA022","name":"Squamish River Near Brackendale","prov":"BC","kind":"river","level":2.845,"discharge":196.0,"time":"2026-09-09T10:05:00Z","src":"eccc","class":"normal","classBy":"level","p50":3.048}},{"type":"Feature","geometry":{"type":"Point","coordinates":[-123.03562,50.07991]},"properties":{"id":"08GA072","name":"Cheakamus River Above Millar Creek","prov":"BC","kind":"river","level":2.076,"discharge":13.9,"time":"2026-09-09T10:05:00Z","src":"eccc","class":"low","classBy":"level","p50":2.28}},{"type":"Feature","geometry":{"type":"Point","coordinates":[-125.58656,49.99694]},"properties":{"id":"08HD031","name":"Upper Campbell Lake At Strathcona Dam","prov":"BC","kind":"lake","level":215.898,"time":"2026-09-09T10:15:00Z","src":"eccc","class":"low","classBy":"level","p50":217.113}},{"type":"Feature","geometry":{"type":"Point","coordinates":[-122.47544,49.1723]},"properties":{"id":"08MH044","name":"Fraser River At Whonock","prov":"BC","kind":"river","level":3.512,"time":"2026-09-09T09:40:00Z","src":"eccc","class":"normal","classBy":"level","p50":3.623}},{"type":"Feature","geometry":{"type":"Point","coordinates":[-123.14584,49.39624]},"properties":{"id":"08GA010","name":"Capilano River Above Intake","prov":"BC","kind":"river","level":0.751,"discharge":1.72,"time":"2026-09-09T10:10:00Z","src":"eccc"}},{"type":"Feature","geometry":{"type":"Point","coordinates":[-118.92812,49.23005]},"properties":{"id":"08NN026","name":"Kettle River Near Westbridge","prov":"BC","kind":"river","level":0.744,"discharge":1.48,"time":"2026-09-09T09:40:00Z","src":"eccc","class":"normal","classBy":"level","p50":0.778}},{"type":"Feature","geometry":{"type":"Point","coordinates":[-126.35244,52.43922]},"properties":{"id":"08FB011","name":"Bella Coola River Above Hammer Creek","prov":"BC","kind":"river","level":2.429,"discharge":136.0,"time":"2026-09-09T09:40:00Z","src":"eccc","class":"normal","classBy":"level","p50":2.414}},{"type":"Feature","geometry":{"type":"Point","coordinates":[-117.91208,51.89067]},"properties":{"id":"08NB017","name":"Kinbasket Lake Below Garrett Creek","prov":"BC","kind":"lake","level":753.298,"time":"2026-09-09T09:35:00Z","src":"eccc","class":"high","classBy":"level","p50":751.709}},{"type":"Feature","geometry":{"type":"Point","coordinates":[-128.05392,55.1164]},"properties":{"id":"08EB007","name":"Kitwanga River Near Kitwanga","prov":"BC","kind":"river","level":1.817,"discharge":5.99,"time":"2026-09-09T09:40:00Z","src":"eccc"}},{"type":"Feature","geometry":{"type":"Point","coordinates":[-124.83928,53.6855]},"properties":{"id":"08JA017","name":"Nechako River Below Cheslatta Falls","prov":"BC","kind":"river","level":0.717,"discharge":37.8,"time":"2026-09-09T09:40:00Z","src":"eccc","class":"normal","classBy":"level","p50":0.696}},{"type":"Feature","geometry":{"type":"Point","coordinates":[-116.97207,51.30118]},"properties":{"id":"08NA006","name":"Kicking Horse River At Golden","prov":"BC","kind":"river","level":3.539,"discharge":32.1,"time":"2026-09-09T09:40:00Z","src":"eccc","class":"normal","classBy":"level","p50":3.597}},{"type":"Feature","geometry":{"type":"Point","coordinates":[-126.82006,50.13569]},"properties":{"id":"08HE008","name":"Zeballos River At Mook Peak","prov":"BC","kind":"river","level":1.52,"discharge":0.093,"time":"2026-09-09T09:45:00Z","src":"eccc","class":"normal","classBy":"level","p50":1.491}},{"type":"Feature","geometry":{"type":"Point","coordinates":[-125.24717,50.04228]},"properties":{"id":"08HD024","name":"Campbell River At Argonaut Wharf","prov":"BC","kind":"river","level":3.697,"time":"2026-09-09T10:15:00Z","src":"eccc","class":"very-high","classBy":"level","p50":2.808}},{"type":"Feature","geometry":{"type":"Point","coordinates":[-119.61536,49.49852]},"properties":{"id":"08NM050","name":"Okanagan River At Penticton","prov":"BC","kind":"river","level":1.739,"discharge":9.03,"time":"2026-09-09T10:20:00Z","src":"eccc","class":"normal","classBy":"level","p50":1.759}},{"type":"Feature","geometry":{"type":"Point","coordinates":[-120.97891,49.46568]},"properties":{"id":"08NL071","name":"Tulameen River Below Vuich Creek","prov":"BC","kind":"river","level":0.69,"discharge":0.412,"time":"2026-09-09T09:45:00Z","src":"eccc","class":"very-high","classBy":"level","p50":0.518}},{"type":"Feature","geometry":{"type":"Point","coordinates":[-117.71765,49.17784]},"properties":{"id":"08NE049","name":"Columbia River At Birchbank","prov":"BC","kind":"river","level":4.259,"discharge":1610.0,"time":"2026-09-09T10:15:00Z","src":"eccc","class":"low","classBy":"level","p50":4.714}},{"type":"Feature","geometry":{"type":"Point","coordinates":[-126.97083,53.90416]},"properties":{"id":"08JB007","name":"Nadina Lake Near Noralee","prov":"BC","kind":"lake","level":0.644,"time":"2026-09-09T09:40:00Z","src":"eccc","class":"normal","classBy":"level","p50":0.607}},{"type":"Feature","geometry":{"type":"Point","coordinates":[-119.9377,51.24533]},"properties":{"id":"08LB069","name":"Barriere River Below Sprague Creek","prov":"BC","kind":"river","level":0.075,"discharge":1.92,"time":"2026-09-09T09:35:00Z","src":"eccc","class":"low","classBy":"level","p50":0.163}},{"type":"Feature","geometry":{"type":"Point","coordinates":[-128.32466,54.49363]},"properties":{"id":"08EF005","name":"Zymoetz River Above O.K. Creek","prov":"BC","kind":"river","level":0.737,"discharge":71.4,"time":"2026-09-09T09:40:00Z","src":"eccc","class":"very-low","classBy":"level","p50":1.379}},{"type":"Feature","geometry":{"type":"Point","coordinates":[-125.3,50.02921]},"properties":{"id":"08HD005","name":"Quinsam River Near Campbell River","prov":"BC","kind":"river","level":0.695,"discharge":1.68,"time":"2026-09-09T10:20:00Z","src":"eccc","class":"low","classBy":"level","p50":0.753}},{"type":"Feature","geometry":{"type":"Point","coordinates":[-118.057,51.006]},"properties":{"id":"08ND021","name":"Greeley Creek Above Diversion","prov":"BC","kind":"river","level":4.512,"discharge":0.53,"time":"2026-09-09T09:40:00Z","src":"eccc","class":"low","classBy":"discharge","p50":0.754}},{"type":"Feature","geometry":{"type":"Point","coordinates":[-121.85036,54.07867]},"properties":{"id":"08KA004","name":"Fraser River At Hansard","prov":"BC","kind":"river","level":2.767,"discharge":351.0,"time":"2026-09-09T09:45:00Z","src":"eccc","class":"normal","classBy":"level","p50":2.931}},{"type":"Feature","geometry":{"type":"Point","coordinates":[-126.65024,54.39608]},"properties":{"id":"08EE013","name":"Buck Creek At The Mouth","prov":"BC","kind":"river","level":0.343,"discharge":0.331,"time":"2026-09-09T09:40:00Z","src":"eccc","class":"high","classBy":"level","p50":0.289}},{"type":"Feature","geometry":{"type":"Point","coordinates":[-117.05574,49.62257]},"properties":{"id":"08NJ061","name":"Redfish Creek Near Harrop","prov":"BC","kind":"river","level":4.656,"discharge":0.107,"time":"2026-09-09T09:40:00Z","src":"eccc","class":"very-high","classBy":"level","p50":0.384}},{"type":"Feature","geometry":{"type":"Point","coordinates":[-123.15008,49.81603]},"properties":{"id":"08GA043","name":"Cheakamus River Near Brackendale","prov":"BC","kind":"river","level":0.756,"discharge":22.9,"time":"2026-09-09T10:05:00Z","src":"eccc","class":"very-low","classBy":"level","p50":0.955}},{"type":"Feature","geometry":{"type":"Point","coordinates":[-125.61606,49.83575]},"properties":{"id":"08HD033","name":"Buttle Lake Above Upper Campbell Lake","prov":"BC","kind":"lake","level":215.871,"time":"2026-09-09T09:45:00Z","src":"eccc","class":"low","classBy":"level","p50":216.956}},{"type":"Feature","geometry":{"type":"Point","coordinates":[-122.73466,49.36387]},"properties":{"id":"08MH168","name":"Or Creek Near Coquitlam","prov":"BC","kind":"river","level":3.066,"discharge":0.063,"time":"2026-09-09T10:15:00Z","src":"eccc","class":"very-low","classBy":"level","p50":3.679}},{"type":"Feature","geometry":{"type":"Point","coordinates":[-108.85028,49.50556]},"properties":{"id":"11AC052","name":"Eastend Canal Near Eastend","prov":"SK","kind":"river","level":914.198,"discharge":0.0,"time":"2026-09-09T09:35:00Z","src":"eccc","class":"normal","classBy":"discharge","p50":0.0}},{"type":"Feature","geometry":{"type":"Point","coordinates":[-108.85306,49.50667]},"properties":{"id":"11AC055","name":"Eastend Reservoir","prov":"SK","kind":"lake","level":917.837,"time":"2026-09-09T09:35:00Z","src":"eccc","class":"high","classBy":"level","p50":916.725}},{"type":"Feature","geometry":{"type":"Point","coordinates":[-103.6775,49.53122]},"properties":{"id":"05NB040","name":"Souris River Near Ralph","prov":"SK","kind":"river","level":0.864,"discharge":2.89,"time":"2026-09-09T09:35:00Z","src":"eccc","class":"high","classBy":"level","p50":0.338}},{"type":"Feature","geometry":{"type":"Point","coordinates":[-106.3295,50.95133]},"properties":{"id":"05JG013","name":"Ridge Creek Near Bridgeford","prov":"SK","kind":"river","level":100.022,"discharge":0.107,"time":"2026-09-09T09:35:00Z","src":"eccc","class":"normal","classBy":"level","p50":99.886}},{"type":"Feature","geometry":{"type":"Point","coordinates":[-109.52417,49.28667]},"properties":{"id":"11AB096","name":"Battle Creek Near Consul","prov":"SK","kind":"river","level":0.955,"discharge":0.394,"time":"2026-09-09T09:35:00Z","src":"eccc","class":"high","classBy":"level","p50":0.932}},{"type":"Feature","geometry":{"type":"Point","coordinates":[-109.39619,49.47692]},"properties":{"id":"11AC037","name":"Cypress Lake","prov":"SK","kind":"lake","level":974.187,"time":"2026-09-09T09:35:00Z","src":"eccc","class":"normal","classBy":"level","p50":973.383}},{"type":"Feature","geometry":{"type":"Point","coordinates":[-101.74286,50.59042]},"properties":{"id":"05JM015","name":"Cutarm Creek Near Spy Hill","prov":"SK","kind":"river","level":1.929,"discharge":5.0,"time":"2026-09-09T09:40:00Z","src":"eccc","class":"very-high","classBy":"level","p50":1.202}},{"type":"Feature","geometry":{"type":"Point","coordinates":[-107.43658,49.97714]},"properties":{"id":"05JB007","name":"Mosquito Creek Near Pambrun","prov":"SK","kind":"river","level":9.8,"discharge":0.0,"time":"2026-09-09T09:35:00Z","src":"eccc","class":"normal","classBy":"discharge","p50":0.0}},{"type":"Feature","geometry":{"type":"Point","coordinates":[-109.61225,49.47425]},"properties":{"id":"11AB085","name":"Cypress Lake West Inflow Canal Drain","prov":"SK","kind":"lake","level":0.365,"discharge":0.0,"time":"2026-09-09T09:35:00Z","src":"eccc","class":"very-low","classBy":"level","p50":0.611}},{"type":"Feature","geometry":{"type":"Point","coordinates":[-103.68444,49.46417]},"properties":{"id":"05NB041","name":"Roughbark Creek Above Rafferty Reservoir","prov":"SK","kind":"river","level":0.373,"discharge":0.0,"time":"2026-09-09T09:35:00Z","src":"eccc","class":"low","classBy":"level","p50":0.7}},{"type":"Feature","geometry":{"type":"Point","coordinates":[-104.79792,50.70653]},"properties":{"id":"05JK002","name":"Qu'Appelle River Below Craven Dam","prov":"SK","kind":"river","level":1.85,"discharge":18.0,"time":"2026-09-09T09:35:00Z","src":"eccc","class":"high","classBy":"level","p50":1.317}},{"type":"Feature","geometry":{"type":"Point","coordinates":[-106.83919,51.28025]},"properties":{"id":"05HF003","name":"Lake Diefenbaker At Gardiner Dam","prov":"SK","kind":"reservoir","level":555.403,"time":"2026-09-09T09:35:00Z","src":"eccc","class":"normal","classBy":"level","p50":555.841,"resName":"Lake Diefenbaker (Gardiner Dam)","resOperator":"Sask. Water Security Agency / SaskPower","capacityKm3":9.4,"fslM":556.87}},{"type":"Feature","geometry":{"type":"Point","coordinates":[-101.57875,50.83283]},"properties":{"id":"05ME007","name":"Smith Creek Near Marchwell","prov":"SK","kind":"river","level":1.013,"discharge":0.399,"time":"2026-09-09T09:35:00Z","src":"eccc","class":"very-high","classBy":"level","p50":0.412}},{"type":"Feature","geometry":{"type":"Point","coordinates":[-109.23186,49.00531]},"properties":{"id":"11AB075","name":"Lyons Creek At International Boundary","prov":"SK","kind":"river","level":9.898,"discharge":0.0,"time":"2026-09-09T09:35:00Z","src":"eccc","class":"normal","classBy":"discharge","p50":0.0}},{"type":"Feature","geometry":{"type":"Point","coordinates":[-107.84928,49.36239]},"properties":{"id":"11AC068","name":"Val Marie Pump No. 1","prov":"SK","kind":"river","level":0.112,"discharge":0.008,"time":"2026-09-09T09:35:00Z","src":"eccc","class":"very-high","classBy":"discharge","p50":0.0}},{"type":"Feature","geometry":{"type":"Point","coordinates":[-106.50083,51.56231]},"properties":{"id":"05HG002","name":"Brightwater Creek Near Kenaston","prov":"SK","kind":"river","level":1.029,"discharge":0.0,"time":"2026-09-09T09:35:00Z","src":"eccc","class":"low","classBy":"level","p50":1.342}},{"type":"Feature","geometry":{"type":"Point","coordinates":[-107.46981,50.25297]},"properties":{"id":"05JC004","name":"Rushlake Creek Above Highfield Reservoir","prov":"SK","kind":"river","level":1.574,"discharge":0.0,"time":"2026-09-09T09:35:00Z","src":"eccc","class":"high","classBy":"level","p50":1.395}},{"type":"Feature","geometry":{"type":"Point","coordinates":[-107.88528,49.37111]},"properties":{"id":"11AC063","name":"Huff Lake","prov":"SK","kind":"lake","level":815.416,"time":"2026-09-09T09:34:00Z","src":"eccc","class":"high","classBy":"level","p50":814.218}},{"type":"Feature","geometry":{"type":"Point","coordinates":[-109.10619,49.89942]},"properties":{"id":"05HA003","name":"Bear Creek Near Piapot","prov":"SK","kind":"river","level":1.87,"discharge":0.24,"time":"2026-09-09T09:35:00Z","src":"eccc","class":"high","classBy":"level","p50":1.804}},{"type":"Feature","geometry":{"type":"Point","coordinates":[-108.47944,49.84444]},"properties":{"id":"05HD036","name":"Swift Current Creek Below Rock Creek","prov":"SK","kind":"river","level":1.72,"discharge":0.214,"time":"2026-09-09T09:35:00Z","src":"eccc","class":"low","classBy":"level","p50":1.813}},{"type":"Feature","geometry":{"type":"Point","coordinates":[-109.46494,49.16367]},"properties":{"id":"11AB101","name":"Battle Creek Below Nashlyn Project","prov":"SK","kind":"river","level":1.024,"discharge":0.002,"time":"2026-09-09T09:34:00Z","src":"eccc","class":"very-low","classBy":"level","p50":1.192}},{"type":"Feature","geometry":{"type":"Point","coordinates":[-109.98489,49.20264]},"properties":{"id":"11AB082","name":"Lodge Creek Near Alberta Boundary","prov":"SK","kind":"river","level":0.717,"discharge":0.0,"time":"2026-09-09T09:35:00Z","src":"eccc","class":"normal","classBy":"level","p50":0.912}},{"type":"Feature","geometry":{"type":"Point","coordinates":[-106.82089,51.50408]},"properties":{"id":"05HG021","name":"Inverness Creek Near Broderick","prov":"SK","kind":"river","level":0.54,"discharge":0.0,"time":"2026-09-09T09:35:00Z","src":"eccc","class":"high","classBy":"level","p50":0.317}},{"type":"Feature","geometry":{"type":"Point","coordinates":[-106.75489,49.49603]},"properties":{"id":"05JA006","name":"Six Mile Creek Near Glentworth","prov":"SK","kind":"river","level":6.382,"discharge":0.0,"time":"2026-09-09T09:40:00Z","src":"eccc","class":"normal","classBy":"level","p50":6.385}},{"type":"Feature","geometry":{"type":"Point","coordinates":[-109.81761,49.10036]},"properties":{"id":"11AB008","name":"Middle Creek Above Lodge Creek","prov":"SK","kind":"river","level":0.946,"discharge":0.0,"time":"2026-09-09T09:35:00Z","src":"eccc","class":"normal","classBy":"level","p50":0.994}},{"type":"Feature","geometry":{"type":"Point","coordinates":[-102.23078,49.259]},"properties":{"id":"05ND012","name":"Grant Devine Lake Near Alameda","prov":"SK","kind":"lake","level":561.813,"time":"2026-09-09T09:40:00Z","src":"eccc","class":"high","classBy":"level","p50":561.124}},{"type":"Feature","geometry":{"type":"Point","coordinates":[-107.65861,50.49389]},"properties":{"id":"05HD039","name":"Swift Current Creek Near Leinan","prov":"SK","kind":"river","level":1.206,"discharge":1.59,"time":"2026-09-09T09:35:00Z","src":"eccc","class":"very-high","classBy":"level","p50":1.021}},{"type":"Feature","geometry":{"type":"Point","coordinates":[-103.30131,49.17408]},"properties":{"id":"05NB039","name":"Tributary Near Outram","prov":"SK","kind":"river","level":9.421,"discharge":0.013,"time":"2026-09-09T09:40:00Z","src":"eccc"}},{"type":"Feature","geometry":{"type":"Point","coordinates":[-113.23631,50.76404]},"properties":{"id":"05BM014","name":"West Arrowwood Creek Near Arrowwood","prov":"AB","kind":"river","level":0.294,"discharge":0.156,"time":"2026-09-09T09:35:00Z","src":"eccc","class":"normal","classBy":"level","p50":0.308}},{"type":"Feature","geometry":{"type":"Point","coordinates":[-110.92175,58.42106]},"properties":{"id":"07DD007","name":"Athabasca River Above Jackfish Creek","prov":"AB","kind":"river","level":6.377,"time":"2026-09-09T09:40:00Z","src":"eccc"}},{"type":"Feature","geometry":{"type":"Point","coordinates":[-115.409,51.66033]},"properties":{"id":"05CA004","name":"Red Deer River Above Panther River","prov":"AB","kind":"river","level":0.626,"discharge":9.56,"time":"2026-09-09T09:35:00Z","src":"eccc","class":"low","classBy":"level","p50":0.716}},{"type":"Feature","geometry":{"type":"Point","coordinates":[-111.13975,56.86738]},"properties":{"id":"07DA044","name":"Steepbank River Below North Steepbank River","prov":"AB","kind":"river","level":97.623,"discharge":2.09,"time":"2026-09-09T09:35:00Z","src":"eccc","class":"normal","classBy":"level","p50":97.702}},{"type":"Feature","geometry":{"type":"Point","coordinates":[-113.68889,49.07972]},"properties":{"id":"05AD017","name":"Mountain View Irrigation District Canal","prov":"AB","kind":"river","level":1.423,"discharge":1.49,"time":"2026-09-09T09:40:00Z","src":"eccc","class":"high","classBy":"level","p50":1.297}},{"type":"Feature","geometry":{"type":"Point","coordinates":[-114.90487,54.36489]},"properties":{"id":"07AH001","name":"Freeman River Near Fort Assiniboine","prov":"AB","kind":"river","level":1.399,"time":"2026-09-09T09:40:00Z","src":"eccc","class":"very-high","classBy":"level","p50":0.797}},{"type":"Feature","geometry":{"type":"Point","coordinates":[-117.2057,54.75201]},"properties":{"id":"07GG001","name":"Waskahigan River Near The Mouth","prov":"AB","kind":"river","level":1.227,"discharge":11.8,"time":"2026-09-09T09:40:00Z","src":"eccc","class":"very-high","classBy":"level","p50":0.837}},{"type":"Feature","geometry":{"type":"Point","coordinates":[-111.59061,50.85509]},"properties":{"id":"05CH007","name":"Berry Creek Near The Mouth","prov":"AB","kind":"river","level":1.154,"discharge":0.948,"time":"2026-09-09T09:35:00Z","src":"eccc","class":"very-high","classBy":"level","p50":0.941}},{"type":"Feature","geometry":{"type":"Point","coordinates":[-114.357,53.67765]},"properties":{"id":"05EA006","name":"Lac Ste. Anne At Alberta Beach","prov":"AB","kind":"lake","level":723.078,"time":"2026-09-09T09:40:00Z","src":"eccc","class":"high","classBy":"level","p50":722.777}},{"type":"Feature","geometry":{"type":"Point","coordinates":[-118.26537,56.33464]},"properties":{"id":"07FD011","name":"Hines Creek Above Gerry Lake","prov":"AB","kind":"river","level":1.918,"discharge":4.04,"time":"2026-09-09T09:45:00Z","src":"eccc","class":"normal","classBy":"level","p50":1.715}},{"type":"Feature","geometry":{"type":"Point","coordinates":[-110.46106,56.76369]},"properties":{"id":"07CD009","name":"High Hill River Near The Mouth","prov":"AB","kind":"river","level":98.45,"discharge":2.37,"time":"2026-09-09T09:35:00Z","src":"eccc","class":"normal","classBy":"level","p50":98.416}},{"type":"Feature","geometry":{"type":"Point","coordinates":[-113.80473,55.93962]},"properties":{"id":"07JA002","name":"South Wabasca Lake Near Desmarais","prov":"AB","kind":"lake","level":545.443,"time":"2026-09-09T09:35:00Z","src":"eccc","class":"high","classBy":"level","p50":544.892}},{"type":"Feature","geometry":{"type":"Point","coordinates":[-117.63628,59.14947]},"properties":{"id":"07OB003","name":"Hay River Near Meander River","prov":"AB","kind":"river","level":3.816,"discharge":14.0,"time":"2026-09-09T09:40:00Z","src":"eccc","class":"normal","classBy":"level","p50":3.975}},{"type":"Feature","geometry":{"type":"Point","coordinates":[-111.17558,58.91969]},"properties":{"id":"07NA007","name":"Riviere Des Rochers East Of Little Rapids","prov":"AB","kind":"river","level":5.192,"time":"2026-09-09T09:35:00Z","src":"eccc"}},{"type":"Feature","geometry":{"type":"Point","coordinates":[-113.75108,50.12018]},"properties":{"id":"05AB045","name":"Pine Coulee Outflow Below Reservoir","prov":"AB","kind":"lake","level":7.575,"discharge":0.646,"time":"2026-09-09T09:45:00Z","src":"eccc","class":"high","classBy":"level","p50":7.452}},{"type":"Feature","geometry":{"type":"Point","coordinates":[-116.96338,54.01327]},"properties":{"id":"07AC007","name":"Berland River Near The Mouth","prov":"AB","kind":"river","level":1.982,"discharge":74.3,"time":"2026-09-09T09:40:00Z","src":"eccc","class":"high","classBy":"level","p50":1.696}},{"type":"Feature","geometry":{"type":"Point","coordinates":[-114.79694,55.4199]},"properties":{"id":"07BG004","name":"Lily Creek Near Slave Lake","prov":"AB","kind":"river","level":92.553,"discharge":0.042,"time":"2026-09-09T09:40:00Z","src":"eccc","class":"very-high","classBy":"level","p50":1.096}},{"type":"Feature","geometry":{"type":"Point","coordinates":[-111.33425,58.63172]},"properties":{"id":"07KF003","name":"Mamawi Lake Channel At Old Dog Camp","prov":"AB","kind":"lake","level":5.621,"time":"2026-09-09T09:35:00Z","src":"eccc"}},{"type":"Feature","geometry":{"type":"Point","coordinates":[-116.29564,55.57978]},"properties":{"id":"07BF905","name":"South Heart River Near Big Prairie Settlement","prov":"AB","kind":"river","level":25.032,"discharge":26.0,"time":"2026-09-09T09:35:00Z","src":"eccc","class":"very-high","classBy":"level","p50":23.771}},{"type":"Feature","geometry":{"type":"Point","coordinates":[-113.72778,51.41583]},"properties":{"id":"05CE006","name":"Rosebud River Below Carstairs Creek","prov":"AB","kind":"river","level":0.774,"discharge":0.0,"time":"2026-09-09T09:35:00Z","src":"eccc","class":"low","classBy":"level","p50":0.834}},{"type":"Feature","geometry":{"type":"Point","coordinates":[-114.42059,49.83779]},"properties":{"id":"05AA027","name":"Racehorse Creek Near The Mouth","prov":"AB","kind":"river","level":0.555,"discharge":1.13,"time":"2026-09-09T09:35:00Z","src":"eccc","class":"high","classBy":"level","p50":0.495}},{"type":"Feature","geometry":{"type":"Point","coordinates":[-110.9178,56.59297]},"properties":{"id":"07CE007","name":"Christina River Near The Mouth","prov":"AB","kind":"river","level":96.714,"discharge":46.1,"time":"2026-09-09T09:40:00Z","src":"eccc","class":"normal","classBy":"level","p50":96.47}},{"type":"Feature","geometry":{"type":"Point","coordinates":[-116.16202,53.69705]},"properties":{"id":"07AG007","name":"Mcleod River Near Rosevear","prov":"AB","kind":"river","level":1.973,"discharge":73.3,"time":"2026-09-09T09:35:00Z","src":"eccc","class":"high","classBy":"level","p50":1.554}},{"type":"Feature","geometry":{"type":"Point","coordinates":[-111.58011,58.90978]},"properties":{"id":"07KC005","name":"Peace River Below Chenal Des Quatre Fourches","prov":"AB","kind":"river","level":4.012,"time":"2026-09-09T09:35:00Z","src":"eccc"}},{"type":"Feature","geometry":{"type":"Point","coordinates":[-110.3988,53.49162]},"properties":{"id":"05EE007","name":"Vermilion River Near Marwayne","prov":"AB","kind":"river","level":0.555,"discharge":1.48,"time":"2026-09-09T09:40:00Z","src":"eccc","class":"high","classBy":"level","p50":0.376}},{"type":"Feature","geometry":{"type":"Point","coordinates":[-113.8394,49.11366]},"properties":{"id":"05AD003","name":"Waterton River Near Waterton Park","prov":"AB","kind":"river","level":0.497,"discharge":7.85,"time":"2026-09-09T09:35:00Z","src":"eccc","class":"high","classBy":"level","p50":0.41}},{"type":"Feature","geometry":{"type":"Point","coordinates":[-114.66516,53.6345]},"properties":{"id":"05EA008","name":"Isle Lake At Silver Sands","prov":"AB","kind":"lake","level":730.029,"time":"2026-09-09T09:40:00Z","src":"eccc","class":"high","classBy":"level","p50":729.809}},{"type":"Feature","geometry":{"type":"Point","coordinates":[-113.06511,58.32492]},"properties":{"id":"07KE001","name":"Birch River Below Alice Creek","prov":"AB","kind":"river","level":4.601,"discharge":31.3,"time":"2026-09-09T09:40:00Z","src":"eccc","class":"normal","classBy":"level","p50":4.111}},{"type":"Feature","geometry":{"type":"Point","coordinates":[-115.73419,60.85986]},"properties":{"id":"07OB002","name":"Great Slave Lake At Hay River","prov":"NT","kind":"lake","level":156.727,"time":"2026-09-09T09:35:00Z","src":"eccc","class":"normal","classBy":"level","p50":156.675}},{"type":"Feature","geometry":{"type":"Point","coordinates":[-128.64575,66.25147]},"properties":{"id":"10LD001","name":"Mackenzie River At Fort Good Hope","prov":"NT","kind":"river","level":2.45,"time":"2026-09-09T09:35:00Z","src":"eccc","class":"normal","classBy":"level","p50":2.472}},{"type":"Feature","geometry":{"type":"Point","coordinates":[-114.27394,62.82753]},"properties":{"id":"07SB020","name":"Yellowknife River Above Quyta Lake","prov":"NT","kind":"river","level":8.945,"discharge":15.6,"time":"2026-09-09T09:35:00Z","src":"eccc"}},{"type":"Feature","geometry":{"type":"Point","coordinates":[-121.35889,61.86844]},"properties":{"id":"10GC001","name":"Mackenzie River At Fort Simpson","prov":"NT","kind":"river","level":5.145,"discharge":8290.0,"time":"2026-09-09T09:35:00Z","src":"eccc","class":"normal","classBy":"level","p50":5.169}},{"type":"Feature","geometry":{"type":"Point","coordinates":[-123.47533,72.49281]},"properties":{"id":"10TA001","name":"Big River Above Egg River","prov":"NT","kind":"river","level":2.567,"discharge":8.16,"time":"2026-09-09T09:40:00Z","src":"eccc","class":"high","classBy":"level","p50":2.424}},{"type":"Feature","geometry":{"type":"Point","coordinates":[-133.75328,67.456]},"properties":{"id":"10LC014","name":"Mackenzie River At Arctic Red River","prov":"NT","kind":"river","level":4.125,"discharge":9040.0,"time":"2026-09-09T09:35:00Z","src":"eccc","class":"normal","classBy":"level","p50":4.215}},{"type":"Feature","geometry":{"type":"Point","coordinates":[-135.51233,69.01819]},"properties":{"id":"10MC011","name":"Mackenzie River (Reindeer Channel) At Ellice Island","prov":"NT","kind":"river","level":9.771,"time":"2026-09-09T09:40:00Z","src":"eccc","class":"high","classBy":"level","p50":9.456}},{"type":"Feature","geometry":{"type":"Point","coordinates":[-133.77569,68.39079]},"properties":{"id":"10LC002","name":"Mackenzie River (East Channel) At Inuvik","prov":"NT","kind":"river","level":11.7,"discharge":128.0,"time":"2026-09-09T09:35:00Z","src":"eccc","class":"normal","classBy":"level","p50":11.756}},{"type":"Feature","geometry":{"type":"Point","coordinates":[-127.68336,65.29533]},"properties":{"id":"10KB001","name":"Carcajou River Below Imperial River","prov":"NT","kind":"river","level":4.778,"discharge":179.0,"time":"2026-09-09T09:35:00Z","src":"eccc","class":"high","classBy":"level","p50":4.354}},{"type":"Feature","geometry":{"type":"Point","coordinates":[-134.98444,68.63572]},"properties":{"id":"10MC023","name":"Mackenzie River (Napoiak Channel) Above Shallow Bay","prov":"NT","kind":"river","level":10.941,"time":"2026-09-09T09:40:00Z","src":"eccc","class":"normal","classBy":"level","p50":10.887}},{"type":"Feature","geometry":{"type":"Point","coordinates":[-123.406,61.32458]},"properties":{"id":"10ED010","name":"Grainger River At Canadian Zinc Road","prov":"NT","kind":"river","level":8.202,"discharge":0.071,"time":"2026-09-09T09:40:00Z","src":"eccc","class":"very-low","classBy":"level","p50":8.274}},{"type":"Feature","geometry":{"type":"Point","coordinates":[-114.16353,62.54547]},"properties":{"id":"07SB014","name":"Prosperous Lake Near Mcmeekan Bay","prov":"NT","kind":"lake","level":158.144,"time":"2026-09-09T09:35:00Z","src":"eccc","class":"low","classBy":"level","p50":158.432}},{"type":"Feature","geometry":{"type":"Point","coordinates":[-133.08964,66.78744]},"properties":{"id":"10LA002","name":"Arctic Red River Near The Mouth","prov":"NT","kind":"river","level":2.882,"discharge":314.0,"time":"2026-09-09T09:35:00Z","src":"eccc","class":"high","classBy":"level","p50":2.539}},{"type":"Feature","geometry":{"type":"Point","coordinates":[-114.26122,62.672]},"properties":{"id":"07SB003","name":"Yellowknife River At Inlet To Prosperous Lake","prov":"NT","kind":"river","level":152.797,"discharge":16.2,"time":"2026-09-09T09:35:00Z","src":"eccc","class":"low","classBy":"level","p50":152.971}},{"type":"Feature","geometry":{"type":"Point","coordinates":[-128.2116,64.13383]},"properties":{"id":"10HA004","name":"Keele River Above Twitya River","prov":"NT","kind":"river","level":3.268,"discharge":203.0,"time":"2026-09-09T09:35:00Z","src":"eccc","class":"high","classBy":"level","p50":3.047}},{"type":"Feature","geometry":{"type":"Point","coordinates":[-134.96903,69.38938]},"properties":{"id":"10LC020","name":"Big Lake At Taglu Island","prov":"NT","kind":"lake","level":8.661,"time":"2026-09-09T09:40:00Z","src":"eccc","class":"normal","classBy":"level","p50":8.681}},{"type":"Feature","geometry":{"type":"Point","coordinates":[-134.88881,67.25889]},"properties":{"id":"10MC002","name":"Peel River Above Fort Mcpherson","prov":"NT","kind":"river","level":6.691,"discharge":1600.0,"time":"2026-09-09T09:35:00Z","src":"eccc","class":"high","classBy":"level","p50":5.611}},{"type":"Feature","geometry":{"type":"Point","coordinates":[-115.94469,62.78567]},"properties":{"id":"07SA009","name":"Frank Channel Above Great Slave Lake","prov":"NT","kind":"river","level":99.152,"time":"2026-09-09T09:40:00Z","src":"eccc"}},{"type":"Feature","geometry":{"type":"Point","coordinates":[-114.22006,62.55894]},"properties":{"id":"07SB002","name":"Yellowknife River At Outlet Of Prosperous Lake","prov":"NT","kind":"river","discharge":18.1,"time":"2026-09-09T09:35:00Z","src":"eccc"}},{"type":"Feature","geometry":{"type":"Point","coordinates":[-126.85,65.27197]},"properties":{"id":"10KA001","name":"Mackenzie River At Norman Wells","prov":"NT","kind":"river","level":4.597,"discharge":9780.0,"time":"2026-09-09T09:35:00Z","src":"eccc","class":"normal","classBy":"level","p50":4.678}},{"type":"Feature","geometry":{"type":"Point","coordinates":[-120.62286,61.52553]},"properties":{"id":"10FB007","name":"Mackenzie River At Jean Marie River","prov":"NT","kind":"river","level":94.711,"time":"2026-09-09T09:40:00Z","src":"eccc"}},{"type":"Feature","geometry":{"type":"Point","coordinates":[-124.81101,61.55614]},"properties":{"id":"10EC003","name":"Prairie Creek At Cadillac Mine - Site Two","prov":"NT","kind":"river","level":1.086,"discharge":3.62,"time":"2026-09-09T09:35:00Z","src":"eccc","class":"very-low","classBy":"level","p50":1.259}},{"type":"Feature","geometry":{"type":"Point","coordinates":[-99.02348,56.68727]},"properties":{"id":"06EC003","name":"Southern Indian Lake At South Bay","prov":"MB","kind":"reservoir","level":258.149,"time":"2026-09-09T09:35:00Z","src":"eccc","class":"normal","classBy":"level","p50":258.087,"resName":"Southern Indian Lake","resOperator":"Manitoba Hydro (Churchill River Diversion)","capacityKm3":23.4,"fslM":258.32,"fillPct":87.5,"estStorageKm3":20.48}},{"type":"Feature","geometry":{"type":"Point","coordinates":[-95.68792,50.14425]},"properties":{"id":"05PF070","name":"Nutimik Lake At Nutimik Lake","prov":"MB","kind":"lake","level":274.22,"time":"2026-09-09T09:35:00Z","src":"eccc","class":"low","classBy":"level","p50":274.62}},{"type":"Feature","geometry":{"type":"Point","coordinates":[-99.03447,49.22161]},"properties":{"id":"05OB023","name":"Pembina River Below Crystal Creek","prov":"MB","kind":"river","level":1.298,"discharge":2.92,"time":"2026-09-09T09:45:00Z","src":"eccc","class":"high","classBy":"level","p50":0.894}},{"type":"Feature","geometry":{"type":"Point","coordinates":[-100.30342,49.62583]},"properties":{"id":"05NG007","name":"Plum Creek Near Souris","prov":"MB","kind":"river","level":417.562,"discharge":3.52,"time":"2026-09-09T09:45:00Z","src":"eccc","class":"high","classBy":"level","p50":416.539}},{"type":"Feature","geometry":{"type":"Point","coordinates":[-100.45933,56.14766]},"properties":{"id":"06EA006","name":"Churchill River Above Granville Falls","prov":"MB","kind":"river","level":243.452,"discharge":754.0,"time":"2026-09-09T09:35:00Z","src":"eccc","class":"normal","classBy":"level","p50":243.841}},{"type":"Feature","geometry":{"type":"Point","coordinates":[-101.3955,58.00431]},"properties":{"id":"06DA002","name":"Cochrane River Near Brochet","prov":"MB","kind":"river","level":29.182,"discharge":158.0,"time":"2026-09-09T09:35:00Z","src":"eccc","class":"normal","classBy":"level","p50":29.252}},{"type":"Feature","geometry":{"type":"Point","coordinates":[-96.83245,57.23888]},"properties":{"id":"06FB001","name":"Churchill River Below Fidler Lake","prov":"MB","kind":"river","level":22.858,"discharge":107.0,"time":"2026-09-09T09:35:00Z","src":"eccc","class":"normal","classBy":"level","p50":25.699}},{"type":"Feature","geometry":{"type":"Point","coordinates":[-100.1458,53.9382]},"properties":{"id":"05KK006","name":"South Moose Lake At Moose Lake Narrows Control Structure","prov":"MB","kind":"lake","level":256.431,"time":"2026-09-09T09:35:00Z","src":"eccc","class":"normal","classBy":"level","p50":256.292}},{"type":"Feature","geometry":{"type":"Point","coordinates":[-98.97028,50.50569]},"properties":{"id":"05LL015","name":"Big Grass River Near Glenella","prov":"MB","kind":"river","level":1.312,"discharge":0.759,"time":"2026-09-09T09:35:00Z","src":"eccc","class":"normal","classBy":"level","p50":1.138}},{"type":"Feature","geometry":{"type":"Point","coordinates":[-100.01611,51.18747]},"properties":{"id":"05LJ012","name":"Vermilion River Near Dauphin","prov":"MB","kind":"river","level":276.631,"discharge":0.767,"time":"2026-09-09T09:45:00Z","src":"eccc","class":"high","classBy":"level","p50":276.411}},{"type":"Feature","geometry":{"type":"Point","coordinates":[-99.33719,49.12142]},"properties":{"id":"05OA007","name":"Badger Creek Near Cartwright","prov":"MB","kind":"river","level":93.825,"discharge":1.4,"time":"2026-09-09T09:35:00Z","src":"eccc","class":"normal","classBy":"level","p50":447.807}},{"type":"Feature","geometry":{"type":"Point","coordinates":[-101.31877,50.96334]},"properties":{"id":"05MD005","name":"Shell River Near Inglis","prov":"MB","kind":"river","level":438.01,"discharge":7.84,"time":"2026-09-09T09:40:00Z","src":"eccc","class":"very-low","classBy":"level","p50":438.279}},{"type":"Feature","geometry":{"type":"Point","coordinates":[-94.697,56.34156]},"properties":{"id":"05UF004","name":"Kettle River Near Gillam","prov":"MB","kind":"river","level":4.4,"discharge":7.93,"time":"2026-09-09T09:35:00Z","src":"eccc","class":"normal","classBy":"level","p50":4.511}},{"type":"Feature","geometry":{"type":"Point","coordinates":[-98.908,49.44639]},"properties":{"id":"05MH008","name":"Cypress River Near Bruxelles","prov":"MB","kind":"river","level":100.188,"discharge":0.005,"time":"2026-09-09T09:35:00Z","src":"eccc","class":"very-high","classBy":"level","p50":0.459}},{"type":"Feature","geometry":{"type":"Point","coordinates":[-101.183,49.09499]},"properties":{"id":"05NF007","name":"Gainsborough Creek Near Lyleton","prov":"MB","kind":"river","level":0.474,"discharge":0.016,"time":"2026-09-09T09:40:00Z","src":"eccc","class":"high","classBy":"level","p50":0.318}},{"type":"Feature","geometry":{"type":"Point","coordinates":[-98.98294,49.08877]},"properties":{"id":"05OB010","name":"Cypress Creek Near Clearwater","prov":"MB","kind":"river","level":449.586,"discharge":0.004,"time":"2026-09-09T09:35:00Z","src":"eccc","class":"high","classBy":"level","p50":449.336}},{"type":"Feature","geometry":{"type":"Point","coordinates":[-56.916,50.07561]},"properties":{"id":"02YF002","name":"Cat Arm Reservoir Near Spillway","prov":"NL","kind":"lake","level":391.987,"time":"2026-09-09T09:50:00Z","src":"eccc","class":"normal","classBy":"level","p50":391.555}},{"type":"Feature","geometry":{"type":"Point","coordinates":[-57.61142,49.01228]},"properties":{"id":"02YL004","name":"South Brook At Pasadena","prov":"NL","kind":"river","level":0.662,"discharge":6.2,"time":"2026-09-09T09:35:00Z","src":"eccc","class":"very-high","classBy":"level","p50":0.311}},{"type":"Feature","geometry":{"type":"Point","coordinates":[-53.88567,49.04217]},"properties":{"id":"02YR003","name":"Indian Bay Brook Near Northwest Arm","prov":"NL","kind":"river","level":4.613,"discharge":6.6,"time":"2026-09-09T09:40:00Z","src":"eccc","class":"high","classBy":"level","p50":4.415}},{"type":"Feature","geometry":{"type":"Point","coordinates":[-61.44539,52.97008]},"properties":{"id":"03OE013","name":"Churchill River Above Grizzle Rapids","prov":"NL","kind":"river","level":38.992,"time":"2026-09-09T09:35:00Z","src":"eccc","class":"normal","classBy":"level","p50":36.965}},{"type":"Feature","geometry":{"type":"Point","coordinates":[-61.30169,55.23414]},"properties":{"id":"03NF001","name":"Ugjoktok River Below Harp Lake","prov":"NL","kind":"river","level":1.595,"discharge":149.0,"time":"2026-09-09T09:40:00Z","src":"eccc","class":"normal","classBy":"level","p50":1.576}},{"type":"Feature","geometry":{"type":"Point","coordinates":[-60.17203,53.337]},"properties":{"id":"03PC001","name":"Churchill River English Point","prov":"NL","kind":"river","level":-0.335,"time":"2026-09-09T09:40:00Z","src":"eccc","class":"very-low","classBy":"level","p50":1.903}},{"type":"Feature","geometry":{"type":"Point","coordinates":[-56.57647,48.79508]},"properties":{"id":"02YO017","name":"Beothuk Lake At Indian Point","prov":"NL","kind":"lake","level":153.914,"time":"2026-09-09T09:35:00Z","src":"eccc","class":"high","classBy":"level","p50":152.549}},{"type":"Feature","geometry":{"type":"Point","coordinates":[-57.15161,50.60747]},"properties":{"id":"02YC001","name":"Torrent River At Bristol'S Pool","prov":"NL","kind":"river","level":0.915,"discharge":8.6,"time":"2026-09-09T09:45:00Z","src":"eccc","class":"low","classBy":"level","p50":1.115}},{"type":"Feature","geometry":{"type":"Point","coordinates":[-55.79236,48.94322]},"properties":{"id":"02YO018","name":"Exploits River At Charlie Edwards Point","prov":"NL","kind":"river","level":70.816,"discharge":273.0,"time":"2026-09-09T09:35:00Z","src":"eccc","class":"very-high","classBy":"level","p50":70.514}},{"type":"Feature","geometry":{"type":"Point","coordinates":[-57.82775,48.95319]},"properties":{"id":"02YL012","name":"Steady Brook Above Confluence To Humber River","prov":"NL","kind":"river","level":2.142,"discharge":7.79,"time":"2026-09-09T09:40:00Z","src":"eccc","class":"very-high","classBy":"level","p50":1.762}},{"type":"Feature","geometry":{"type":"Point","coordinates":[-55.33,47.21642]},"properties":{"id":"02ZG001","name":"Garnish River Near Garnish","prov":"NL","kind":"river","level":1.012,"discharge":3.88,"time":"2026-09-09T09:40:00Z","src":"eccc","class":"normal","classBy":"level","p50":1.006}},{"type":"Feature","geometry":{"type":"Point","coordinates":[-62.09308,56.33531]},"properties":{"id":"03NE003","name":"Camp Pond At Southwest End","prov":"NL","kind":"river","level":1.1,"time":"2026-09-09T09:45:00Z","src":"eccc","class":"high","classBy":"level","p50":0.772}},{"type":"Feature","geometry":{"type":"Point","coordinates":[-58.78358,48.10839]},"properties":{"id":"02ZA002","name":"Highlands River At Trans-Canada Highway","prov":"NL","kind":"river","level":1.064,"discharge":4.63,"time":"2026-09-09T09:35:00Z","src":"eccc","class":"very-high","classBy":"level","p50":0.772}},{"type":"Feature","geometry":{"type":"Point","coordinates":[-57.43825,49.17014]},"properties":{"id":"02YL007","name":"Deer Lake Near Generating Station","prov":"NL","kind":"lake","level":5.258,"time":"2026-09-09T09:45:00Z","src":"eccc","class":"normal","classBy":"level","p50":5.171}},{"type":"Feature","geometry":{"type":"Point","coordinates":[-54.28433,47.94667]},"properties":{"id":"02ZH001","name":"Pipers Hole River At Mothers Brook","prov":"NL","kind":"river","level":0.97,"discharge":20.5,"time":"2026-09-09T09:50:00Z","src":"eccc","class":"high","classBy":"level","p50":0.597}},{"type":"Feature","geometry":{"type":"Point","coordinates":[-60.67525,53.23758]},"properties":{"id":"03OE014","name":"Churchill River 6.15 Kms Below Lower Muskrat Falls","prov":"NL","kind":"river","level":1.543,"discharge":729.0,"time":"2026-09-09T09:40:00Z","src":"eccc","class":"very-low","classBy":"level","p50":2.457}},{"type":"Feature","geometry":{"type":"Point","coordinates":[-56.66789,49.33828]},"properties":{"id":"02YK005","name":"Sheffield Brook Near Trans Canada Highway","prov":"NL","kind":"river","level":2.271,"discharge":23.4,"time":"2026-09-09T09:45:00Z","src":"eccc","class":"very-high","classBy":"level","p50":1.911}},{"type":"Feature","geometry":{"type":"Point","coordinates":[-59.00978,47.61333]},"properties":{"id":"02ZB001","name":"Isle Aux Morts River Below Highway Bridge","prov":"NL","kind":"river","level":1.896,"discharge":6.6,"time":"2026-09-09T09:40:00Z","src":"eccc","class":"normal","classBy":"level","p50":1.753}},{"type":"Feature","geometry":{"type":"Point","coordinates":[-56.87122,52.64861]},"properties":{"id":"03QC002","name":"Alexis River Near Port Hope Simpson","prov":"NL","kind":"river","level":0.439,"discharge":9.68,"time":"2026-09-09T09:40:00Z","src":"eccc","class":"low","classBy":"level","p50":0.647}},{"type":"Feature","geometry":{"type":"Point","coordinates":[-52.74506,47.52906]},"properties":{"id":"02ZM008","name":"Waterford River At Kilbride","prov":"NL","kind":"river","level":0.585,"discharge":2.66,"time":"2026-09-09T09:35:00Z","src":"eccc","class":"high","classBy":"level","p50":0.448}},{"type":"Feature","geometry":{"type":"Point","coordinates":[-63.12264,46.31461]},"properties":{"id":"01CC010","name":"Winter River At Union","prov":"PE","kind":"river","level":0.407,"discharge":0.229,"time":"2026-09-09T09:45:00Z","src":"eccc","class":"high","classBy":"level","p50":0.255}},{"type":"Feature","geometry":{"type":"Point","coordinates":[-73.95664,45.40465]},"properties":{"id":"02OA013","name":"Outaouais (Riviere Des) A Sainte-Anne-De-Bellevue","prov":"QC","kind":"river","level":21.589,"time":"2026-09-09T10:15:00Z","src":"eccc","class":"normal","classBy":"level","p50":21.63}},{"type":"Feature","geometry":{"type":"Point","coordinates":[-73.82068,45.42768]},"properties":{"id":"02OA039","name":"Saint-Louis (Lac) A Pointe-Claire","prov":"QC","kind":"lake","level":21.151,"time":"2026-09-09T10:15:00Z","src":"eccc","class":"normal","classBy":"level","p50":21.0}},{"type":"Feature","geometry":{"type":"Point","coordinates":[-73.25844,45.39847]},"properties":{"id":"02OJ007","name":"Richelieu (Riviere) Aux Rapides Fryers","prov":"QC","kind":"river","level":0.713,"discharge":135.0,"time":"2026-09-09T10:15:00Z","src":"eccc","class":"low","classBy":"level","p50":0.82}},{"type":"Feature","geometry":{"type":"Point","coordinates":[-73.21459,45.95941]},"properties":{"id":"02OB011","name":"Saint-Laurent (Fleuve) A Lanoraie","prov":"QC","kind":"river","level":4.386,"time":"2026-09-09T09:35:00Z","src":"eccc","class":"normal","classBy":"level","p50":4.447}},{"type":"Feature","geometry":{"type":"Point","coordinates":[-75.70617,45.43142]},"properties":{"id":"02LA015","name":"Outaouais (Riviere Des) A Hull","prov":"QC","kind":"river","level":41.403,"time":"2026-09-09T10:10:00Z","src":"eccc","class":"normal","classBy":"level","p50":41.326}},{"type":"Feature","geometry":{"type":"Point","coordinates":[-73.62316,45.41501]},"properties":{"id":"02OA016","name":"Saint-Laurent (Fleuve) A Lasalle","prov":"QC","kind":"river","level":1.081,"discharge":8220.0,"time":"2026-09-09T10:15:00Z","src":"eccc","class":"normal","classBy":"level","p50":0.979}},{"type":"Feature","geometry":{"type":"Point","coordinates":[-72.1615,45.26754]},"properties":{"id":"02OE012","name":"Memphremagog (Lac) A Magog","prov":"QC","kind":"lake","level":207.278,"time":"2026-09-09T10:00:00Z","src":"eccc","class":"low","classBy":"level","p50":207.537}},{"type":"Feature","geometry":{"type":"Point","coordinates":[-73.94792,45.40225]},"properties":{"id":"02OA033","name":"Outaouais (Riviere Des) A La Marina De Sainte-Anne-De-Bellevue","prov":"QC","kind":"river","level":21.157,"discharge":236.0,"time":"2026-09-09T09:45:00Z","src":"eccc","class":"normal","classBy":"level","p50":21.217}},{"type":"Feature","geometry":{"type":"Point","coordinates":[-61.28611,45.72025]},"properties":{"id":"01FA001","name":"River Inhabitants At Glenora","prov":"NS","kind":"river","level":1.219,"discharge":6.25,"time":"2026-09-09T09:40:00Z","src":"eccc","class":"high","classBy":"level","p50":0.785}},{"type":"Feature","geometry":{"type":"Point","coordinates":[-63.66044,44.73153]},"properties":{"id":"01EJ001","name":"Sackville River At Bedford","prov":"NS","kind":"river","level":0.977,"discharge":4.85,"time":"2026-09-09T09:50:00Z","src":"eccc","class":"high","classBy":"level","p50":0.556}},{"type":"Feature","geometry":{"type":"Point","coordinates":[-61.20475,45.89369]},"properties":{"id":"01FG001","name":"River Denys At Big Marsh","prov":"NS","kind":"river","level":2.289,"discharge":4.84,"time":"2026-09-09T09:45:00Z","src":"eccc","class":"very-high","classBy":"level","p50":1.58}},{"type":"Feature","geometry":{"type":"Point","coordinates":[-64.475,45.15056]},"properties":{"id":"01DD005","name":"North Brook At Sheffield Mills","prov":"NS","kind":"river","level":0.448,"discharge":0.13,"time":"2026-09-09T09:40:00Z","src":"eccc","class":"low","classBy":"level","p50":0.472}},{"type":"Feature","geometry":{"type":"Point","coordinates":[-64.63533,45.06478]},"properties":{"id":"01DD002","name":"Cornwallis River At Cambridge Station","prov":"NS","kind":"river","level":0.741,"discharge":0.466,"time":"2026-09-09T09:40:00Z","src":"eccc","class":"low","classBy":"level","p50":0.85}},{"type":"Feature","geometry":{"type":"Point","coordinates":[-61.90364,45.55972]},"properties":{"id":"01DR001","name":"South River At St. Andrews","prov":"NS","kind":"river","level":1.404,"discharge":8.62,"time":"2026-09-09T10:00:00Z","src":"eccc","class":"very-high","classBy":"level","p50":0.92}},{"type":"Feature","geometry":{"type":"Point","coordinates":[-62.78019,45.49739]},"properties":{"id":"01DP004","name":"Middle River Of Pictou At Rocklin","prov":"NS","kind":"river","level":0.807,"discharge":5.86,"time":"2026-09-09T09:35:00Z","src":"eccc","class":"very-high","classBy":"level","p50":0.429}},{"type":"Feature","geometry":{"type":"Point","coordinates":[-64.59119,44.44744]},"properties":{"id":"01EF001","name":"Lahave River At West Northfield","prov":"NS","kind":"river","level":1.633,"discharge":4.67,"time":"2026-09-09T10:05:00Z","src":"eccc","class":"normal","classBy":"level","p50":1.647}},{"type":"Feature","geometry":{"type":"Point","coordinates":[-63.29589,45.35883]},"properties":{"id":"01DH006","name":"Mcclures Brook At Cobequid Trail","prov":"NS","kind":"river","level":1.032,"discharge":0.371,"time":"2026-09-09T09:45:00Z","src":"eccc","class":"normal","classBy":"level","p50":0.955}},{"type":"Feature","geometry":{"type":"Point","coordinates":[-65.02939,44.94919]},"properties":{"id":"01DC005","name":"Annapolis River At Wilmot","prov":"NS","kind":"river","level":1.001,"discharge":5.93,"time":"2026-09-09T10:05:00Z","src":"eccc","class":"normal","classBy":"level","p50":0.845}},{"type":"Feature","geometry":{"type":"Point","coordinates":[-65.36911,43.83736]},"properties":{"id":"01EC001","name":"Roseway River At Lower Ohio","prov":"NS","kind":"river","level":1.579,"discharge":2.08,"time":"2026-09-09T09:35:00Z","src":"eccc","class":"normal","classBy":"level","p50":1.702}},{"type":"Feature","geometry":{"type":"Point","coordinates":[-65.15792,44.88083]},"properties":{"id":"01DC007","name":"Annapolis River At Lawrencetown","prov":"NS","kind":"river","level":1.395,"discharge":11.2,"time":"2026-09-09T10:00:00Z","src":"eccc","class":"normal","classBy":"level","p50":1.212}},{"type":"Feature","geometry":{"type":"Point","coordinates":[-80.72358,42.85731]},"properties":{"id":"02GC010","name":"Big Otter Creek At Tillsonburg","prov":"ON","kind":"river","level":2.956,"discharge":1.64,"time":"2026-09-09T10:20:00Z","src":"eccc","class":"normal","classBy":"level","p50":2.929}},{"type":"Feature","geometry":{"type":"Point","coordinates":[-79.40314,43.74025]},"properties":{"id":"02HC005","name":"Don River West Branch At York Mills","prov":"ON","kind":"river","level":0.603,"discharge":0.613,"time":"2026-09-09T10:25:00Z","src":"eccc","class":"normal","classBy":"level","p50":0.553}},{"type":"Feature","geometry":{"type":"Point","coordinates":[-80.835,43.48389]},"properties":{"id":"02GA038","name":"Nith River Above Nithburg","prov":"ON","kind":"river","level":9.724,"time":"2026-09-09T09:40:00Z","src":"eccc","class":"normal","classBy":"level","p50":9.71}},{"type":"Feature","geometry":{"type":"Point","coordinates":[-77.09021,43.93536]},"properties":{"id":"02HE004","name":"Black Creek At Milford","prov":"ON","kind":"river","level":1.13,"discharge":0.04,"time":"2026-09-09T09:45:00Z","src":"eccc","class":"high","classBy":"level","p50":1.036}},{"type":"Feature","geometry":{"type":"Point","coordinates":[-79.60658,45.94919]},"properties":{"id":"02DD015","name":"Commanda Creek Near Commanda","prov":"ON","kind":"river","level":1.026,"discharge":0.25,"time":"2026-09-09T09:35:00Z","src":"eccc","class":"normal","classBy":"level","p50":1.057}},{"type":"Feature","geometry":{"type":"Point","coordinates":[-79.87972,43.51389]},"properties":{"id":"02HB005","name":"Sixteen Mile Creek At Milton","prov":"ON","kind":"river","level":1.149,"discharge":0.332,"time":"2026-09-09T10:05:00Z","src":"eccc","class":"normal","classBy":"level","p50":1.136}},{"type":"Feature","geometry":{"type":"Point","coordinates":[-76.83889,44.33468]},"properties":{"id":"02HM007","name":"Napanee River At Camden East","prov":"ON","kind":"river","level":12.559,"discharge":6.86,"time":"2026-09-09T09:35:00Z","src":"eccc","class":"very-high","classBy":"level","p50":12.333}},{"type":"Feature","geometry":{"type":"Point","coordinates":[-83.83333,51.33056]},"properties":{"id":"04HA001","name":"Albany River Near Hat Island","prov":"ON","kind":"river","level":1.798,"discharge":199.0,"time":"2026-09-09T09:40:00Z","src":"eccc","class":"low","classBy":"level","p50":2.413}},{"type":"Feature","geometry":{"type":"Point","coordinates":[-80.71786,43.823]},"properties":{"id":"02GA042","name":"Moorefield Creek Near Rothsay","prov":"ON","kind":"river","level":1.158,"time":"2026-09-09T10:20:00Z","src":"eccc"}},{"type":"Feature","geometry":{"type":"Point","coordinates":[-88.53461,48.82169]},"properties":{"id":"02AC001","name":"Wolf River At Highway No. 17","prov":"ON","kind":"river","level":189.871,"discharge":0.75,"time":"2026-09-09T09:35:00Z","src":"eccc","class":"low","classBy":"level","p50":189.941}},{"type":"Feature","geometry":{"type":"Point","coordinates":[-78.00122,43.99188]},"properties":{"id":"02HD010","name":"Shelter Valley Brook Near Grafton","prov":"ON","kind":"river","level":0.739,"discharge":0.392,"time":"2026-09-09T10:10:00Z","src":"eccc","class":"normal","classBy":"level","p50":0.742}},{"type":"Feature","geometry":{"type":"Point","coordinates":[-78.55619,44.29918]},"properties":{"id":"02HH005","name":"Pigeon River At Omemee","prov":"ON","kind":"river","level":248.12,"time":"2026-09-09T10:10:00Z","src":"eccc","class":"normal","classBy":"level","p50":248.099}},{"type":"Feature","geometry":{"type":"Point","coordinates":[-85.22619,49.76419]},"properties":{"id":"04JD005","name":"Pagwachuan River At Highway No. 11","prov":"ON","kind":"river","level":9.428,"discharge":1.35,"time":"2026-09-09T09:40:00Z","src":"eccc","class":"low","classBy":"level","p50":9.654}},{"type":"Feature","geometry":{"type":"Point","coordinates":[-94.50308,49.77253]},"properties":{"id":"05PE006","name":"Lake Of The Woods Eastern Outlet At Kenora Powerhouse","prov":"ON","kind":"lake","level":322.673,"time":"2026-09-09T10:10:00Z","src":"eccc","class":"normal","classBy":"level","p50":322.651}},{"type":"Feature","geometry":{"type":"Point","coordinates":[-86.24056,52.86667]},"properties":{"id":"04FC003","name":"Muketei River Near Otoskwin-Attawapiskat River Provincial Park","prov":"ON","kind":"river","level":12.208,"discharge":0.733,"time":"2026-09-09T09:35:00Z","src":"eccc","class":"low","classBy":"level","p50":12.702}},{"type":"Feature","geometry":{"type":"Point","coordinates":[-81.65975,43.07192]},"properties":{"id":"02FF002","name":"Ausable River Near Springbank","prov":"ON","kind":"river","level":1.926,"discharge":3.55,"time":"2026-09-09T09:45:00Z","src":"eccc","class":"high","classBy":"level","p50":1.633}},{"type":"Feature","geometry":{"type":"Point","coordinates":[-91.58408,48.75197]},"properties":{"id":"05PB018","name":"Atikokan River At Atikokan","prov":"ON","kind":"river","level":386.134,"discharge":0.558,"time":"2026-09-09T10:00:00Z","src":"eccc","class":"low","classBy":"level","p50":386.236}},{"type":"Feature","geometry":{"type":"Point","coordinates":[-79.11328,45.14881]},"properties":{"id":"02EB019","name":"Lake Of Bays At Baysville","prov":"ON","kind":"lake","level":10.302,"time":"2026-09-09T10:05:00Z","src":"eccc","class":"normal","classBy":"level","p50":10.269}},{"type":"Feature","geometry":{"type":"Point","coordinates":[-79.77678,43.49917]},"properties":{"id":"02HB004","name":"East Sixteen Mile Creek Near Omagh","prov":"ON","kind":"river","level":1.51,"discharge":0.374,"time":"2026-09-09T10:20:00Z","src":"eccc","class":"normal","classBy":"level","p50":1.485}},{"type":"Feature","geometry":{"type":"Point","coordinates":[-78.90722,46.29889]},"properties":{"id":"02JE020","name":"Mattawa River Below Bouillon Lake","prov":"ON","kind":"river","level":8.482,"discharge":4.06,"time":"2026-09-09T09:45:00Z","src":"eccc","class":"normal","classBy":"discharge","p50":6.485}},{"type":"Feature","geometry":{"type":"Point","coordinates":[-76.2525,44.89692]},"properties":{"id":"02LA024","name":"Tay River In Perth","prov":"ON","kind":"river","level":7.37,"discharge":10.9,"time":"2026-09-09T09:40:00Z","src":"eccc","class":"normal","classBy":"level","p50":7.376}},{"type":"Feature","geometry":{"type":"Point","coordinates":[-77.31973,44.48846]},"properties":{"id":"02HL007","name":"Moira River Near Tweed","prov":"ON","kind":"river","level":4.542,"discharge":16.8,"time":"2026-09-09T10:10:00Z","src":"eccc","class":"very-high","classBy":"level","p50":4.06}},{"type":"Feature","geometry":{"type":"Point","coordinates":[-80.54844,42.65336]},"properties":{"id":"02GC021","name":"Venison Creek Near Walsingham","prov":"ON","kind":"river","level":6.684,"discharge":0.746,"time":"2026-09-09T09:35:00Z","src":"eccc","class":"low","classBy":"level","p50":6.772}},{"type":"Feature","geometry":{"type":"Point","coordinates":[-77.83106,44.30185]},"properties":{"id":"02HK016","name":"Trout Creek Near Campbellford","prov":"ON","kind":"river","level":2.005,"discharge":0.032,"time":"2026-09-09T09:35:00Z","src":"eccc","class":"low","classBy":"level","p50":2.046}},{"type":"Feature","geometry":{"type":"Point","coordinates":[-76.12347,45.17633]},"properties":{"id":"02KF006","name":"Mississippi River At Appleton","prov":"ON","kind":"river","level":1.939,"discharge":37.6,"time":"2026-09-09T09:45:00Z","src":"eccc","class":"very-high","classBy":"level","p50":1.638}},{"type":"Feature","geometry":{"type":"Point","coordinates":[-81.41803,42.966]},"properties":{"id":"02GE008","name":"Oxbow Creek Near Kilworth","prov":"ON","kind":"river","level":4.645,"discharge":0.287,"time":"2026-09-09T09:35:00Z","src":"eccc","class":"high","classBy":"level","p50":4.602}},{"type":"Feature","geometry":{"type":"Point","coordinates":[-80.78747,44.18542]},"properties":{"id":"02FC016","name":"Saugeen River Above Durham","prov":"ON","kind":"river","level":1.258,"discharge":1.67,"time":"2026-09-09T10:15:00Z","src":"eccc","class":"normal","classBy":"level","p50":1.253}},{"type":"Feature","geometry":{"type":"Point","coordinates":[-80.02289,43.83586]},"properties":{"id":"02HB001","name":"Credit River Near Cataract","prov":"ON","kind":"river","level":1.36,"discharge":1.44,"time":"2026-09-09T09:40:00Z","src":"eccc","class":"normal","classBy":"level","p50":1.471}},{"type":"Feature","geometry":{"type":"Point","coordinates":[-79.17953,43.91575]},"properties":{"id":"02HC038","name":"West Duffins Creek Above Green River","prov":"ON","kind":"river","level":2.184,"discharge":0.335,"time":"2026-09-09T10:15:00Z","src":"eccc","class":"normal","classBy":"level","p50":2.194}},{"type":"Feature","geometry":{"type":"Point","coordinates":[-78.81806,44.73183]},"properties":{"id":"02HF002","name":"Gull River At Norland","prov":"ON","kind":"river","level":3.907,"discharge":26.2,"time":"2026-09-09T10:20:00Z","src":"eccc","class":"high","classBy":"level","p50":3.814}},{"type":"Feature","geometry":{"type":"Point","coordinates":[-78.702,43.92147]},"properties":{"id":"02HD006","name":"Bowmanville Creek At Bowmanville","prov":"ON","kind":"river","level":0.669,"discharge":0.753,"time":"2026-09-09T10:20:00Z","src":"eccc","class":"low","classBy":"level","p50":0.843}},{"type":"Feature","geometry":{"type":"Point","coordinates":[-79.61278,43.90278]},"properties":{"id":"02HC032","name":"East Humber River At King Creek","prov":"ON","kind":"river","level":1.346,"discharge":0.351,"time":"2026-09-09T10:15:00Z","src":"eccc","class":"high","classBy":"level","p50":1.296}},{"type":"Feature","geometry":{"type":"Point","coordinates":[-79.94981,43.03394]},"properties":{"id":"02GB010","name":"Mckenzie Creek Near Caledonia","prov":"ON","kind":"river","level":1.234,"time":"2026-09-09T10:25:00Z","src":"eccc","class":"high","classBy":"level","p50":1.19}},{"type":"Feature","geometry":{"type":"Point","coordinates":[-81.20858,42.97356]},"properties":{"id":"02GD001","name":"Thames River Near Ealing","prov":"ON","kind":"river","level":0.612,"discharge":7.4,"time":"2026-09-09T10:15:00Z","src":"eccc","class":"high","classBy":"level","p50":0.493}},{"type":"Feature","geometry":{"type":"Point","coordinates":[-79.55633,43.60175]},"properties":{"id":"02HC030","name":"Etobicoke Creek Below Queen Elizabeth Highway","prov":"ON","kind":"river","level":3.491,"discharge":0.569,"time":"2026-09-09T10:15:00Z","src":"eccc","class":"normal","classBy":"level","p50":3.498}},{"type":"Feature","geometry":{"type":"Point","coordinates":[-79.37919,45.66947]},"properties":{"id":"02EA005","name":"North Magnetawan River Near Burk'S Falls","prov":"ON","kind":"river","level":8.613,"discharge":2.52,"time":"2026-09-09T09:40:00Z","src":"eccc","class":"normal","classBy":"level","p50":8.538}},{"type":"Feature","geometry":{"type":"Point","coordinates":[-92.17011,50.09229]},"properties":{"id":"05QB002","name":"Lac Seul At Hudson","prov":"ON","kind":"lake","level":356.456,"time":"2026-09-09T09:35:00Z","src":"eccc","class":"normal","classBy":"level","p50":356.458}},{"type":"Feature","geometry":{"type":"Point","coordinates":[-79.27456,43.11478]},"properties":{"id":"02HA031","name":"Twelve Mile Creek Near Power Glen","prov":"ON","kind":"river","level":5.063,"discharge":0.189,"time":"2026-09-09T09:35:00Z","src":"eccc","class":"normal","classBy":"level","p50":5.064}},{"type":"Feature","geometry":{"type":"Point","coordinates":[-77.59892,44.26517]},"properties":{"id":"02HK018","name":"Trent River At Upper Glen Ross","prov":"ON","kind":"river","level":4.478,"time":"2026-09-09T09:45:00Z","src":"eccc"}},{"type":"Feature","geometry":{"type":"Point","coordinates":[-77.36965,44.5396]},"properties":{"id":"02HL003","name":"Black River Near Actinolite","prov":"ON","kind":"river","level":12.16,"discharge":2.53,"time":"2026-09-09T09:45:00Z","src":"eccc","class":"very-high","classBy":"level","p50":11.953}},{"type":"Feature","geometry":{"type":"Point","coordinates":[-77.31288,45.88658]},"properties":{"id":"02KB001","name":"Petawawa River Near Petawawa","prov":"ON","kind":"river","level":2.384,"discharge":21.3,"time":"2026-09-09T09:35:00Z","src":"eccc","class":"normal","classBy":"level","p50":2.326}},{"type":"Feature","geometry":{"type":"Point","coordinates":[-79.83637,43.92724]},"properties":{"id":"02HC060","name":"Centreville Creek Near Albion Hills","prov":"ON","kind":"river","level":0.514,"discharge":0.2,"time":"2026-09-09T09:45:00Z","src":"eccc"}},{"type":"Feature","geometry":{"type":"Point","coordinates":[-80.95333,42.67583]},"properties":{"id":"02GC036","name":"Silver Creek Near Grovesend","prov":"ON","kind":"river","level":4.291,"discharge":0.258,"time":"2026-09-09T10:05:00Z","src":"eccc","class":"normal","classBy":"level","p50":4.277}},{"type":"Feature","geometry":{"type":"Point","coordinates":[-81.63033,48.62664]},"properties":{"id":"04LB002","name":"Kamiskotia River Above Enid Creek","prov":"ON","kind":"river","level":6.258,"discharge":5.6,"time":"2026-09-09T09:40:00Z","src":"eccc","class":"high","classBy":"level","p50":6.072}},{"type":"Feature","geometry":{"type":"Point","coordinates":[-79.19461,44.26753]},"properties":{"id":"02EC018","name":"Pefferlaw Brook Near Udora","prov":"ON","kind":"river","level":1.151,"discharge":1.95,"time":"2026-09-09T09:35:00Z","src":"eccc","class":"normal","classBy":"level","p50":1.108}},{"type":"Feature","geometry":{"type":"Point","coordinates":[-80.04583,43.45483]},"properties":{"id":"02HB032","name":"Mountsberg Creek Below Mountsberg Reservoir","prov":"ON","kind":"river","level":1.005,"discharge":0.053,"time":"2026-09-09T09:45:00Z","src":"eccc","class":"normal","classBy":"level","p50":1.067}},{"type":"Feature","geometry":{"type":"Point","coordinates":[-75.69697,45.3815]},"properties":{"id":"02LA004","name":"Rideau River At Ottawa","prov":"ON","kind":"river","level":3.062,"discharge":36.8,"time":"2026-09-09T09:40:00Z","src":"eccc","class":"high","classBy":"level","p50":2.73}},{"type":"Feature","geometry":{"type":"Point","coordinates":[-76.50311,44.77081]},"properties":{"id":"02LA029","name":"Tay River Near Bolingbroke","prov":"ON","kind":"river","level":8.509,"discharge":6.91,"time":"2026-09-09T09:45:00Z","src":"eccc"}},{"type":"Feature","geometry":{"type":"Point","coordinates":[-80.44469,42.98681]},"properties":{"id":"02GC011","name":"Big Creek Near Kelvin","prov":"ON","kind":"river","level":6.015,"discharge":0.363,"time":"2026-09-09T10:20:00Z","src":"eccc","class":"normal","classBy":"level","p50":5.975}},{"type":"Feature","geometry":{"type":"Point","coordinates":[-79.98811,43.38886]},"properties":{"id":"02HB022","name":"Bronte Creek At Carlisle","prov":"ON","kind":"river","level":2.39,"discharge":0.347,"time":"2026-09-09T09:35:00Z","src":"eccc","class":"normal","classBy":"level","p50":2.393}},{"type":"Feature","geometry":{"type":"Point","coordinates":[-79.96428,43.26542]},"properties":{"id":"02HB007","name":"Spencer Creek At Dundas","prov":"ON","kind":"river","level":6.029,"discharge":0.484,"time":"2026-09-09T10:10:00Z","src":"eccc","class":"normal","classBy":"level","p50":5.997}},{"type":"Feature","geometry":{"type":"Point","coordinates":[-81.39636,43.54536]},"properties":{"id":"02FF011","name":"Silver Creek At Seaforth","prov":"ON","kind":"river","level":5.755,"discharge":0.036,"time":"2026-09-09T09:45:00Z","src":"eccc","class":"high","classBy":"level","p50":5.716}},{"type":"Feature","geometry":{"type":"Point","coordinates":[-80.26731,43.13272]},"properties":{"id":"02GB001","name":"Grand River At Brantford","prov":"ON","kind":"river","level":0.285,"discharge":23.8,"time":"2026-09-09T10:05:00Z","src":"eccc","class":"normal","classBy":"level","p50":0.262}},{"type":"Feature","geometry":{"type":"Point","coordinates":[-75.22608,45.10108]},"properties":{"id":"02LB009","name":"South Nation River At Chesterville","prov":"ON","kind":"river","level":6.322,"time":"2026-09-09T10:15:00Z","src":"eccc"}},{"type":"Feature","geometry":{"type":"Point","coordinates":[-80.84081,42.71067]},"properties":{"id":"02GC026","name":"Big Otter Creek Near Calton","prov":"ON","kind":"river","level":9.839,"discharge":3.82,"time":"2026-09-09T10:10:00Z","src":"eccc","class":"high","classBy":"level","p50":9.748}},{"type":"Feature","geometry":{"type":"Point","coordinates":[-81.01042,46.47872]},"properties":{"id":"02CF005","name":"Junction Creek At Sudbury","prov":"ON","kind":"river","level":0.624,"time":"2026-09-09T09:40:00Z","src":"eccc","class":"normal","classBy":"level","p50":0.624}},{"type":"Feature","geometry":{"type":"Point","coordinates":[-81.19214,43.14931]},"properties":{"id":"02GD015","name":"North Thames River Near Thorndale","prov":"ON","kind":"river","level":1.578,"discharge":2.71,"time":"2026-09-09T10:15:00Z","src":"eccc","class":"high","classBy":"level","p50":1.497}},{"type":"Feature","geometry":{"type":"Point","coordinates":[-78.8145,45.26365]},"properties":{"id":"02EB017","name":"Kawagama Lake At Russell Landing","prov":"ON","kind":"lake","level":9.267,"time":"2026-09-09T09:40:00Z","src":"eccc","class":"high","classBy":"level","p50":9.179}},{"type":"Feature","geometry":{"type":"Point","coordinates":[-76.19867,45.41758]},"properties":{"id":"02KF011","name":"Carp River Near Kinburn","prov":"ON","kind":"river","level":4.882,"discharge":2.22,"time":"2026-09-09T09:40:00Z","src":"eccc","class":"high","classBy":"level","p50":4.739}},{"type":"Feature","geometry":{"type":"Point","coordinates":[-79.67894,43.75836]},"properties":{"id":"02HC031","name":"West Humber River At Highway No. 7","prov":"ON","kind":"river","level":2.725,"discharge":0.319,"time":"2026-09-09T10:05:00Z","src":"eccc","class":"normal","classBy":"level","p50":2.682}},{"type":"Feature","geometry":{"type":"Point","coordinates":[-79.28219,43.92569]},"properties":{"id":"02HC053","name":"Little Rouge Creek Near Dicksons Hill","prov":"ON","kind":"river","level":5.104,"discharge":0.77,"time":"2026-09-09T10:05:00Z","src":"eccc","class":"high","classBy":"level","p50":5.021}},{"type":"Feature","geometry":{"type":"Point","coordinates":[-79.80339,44.04914]},"properties":{"id":"02ED100","name":"Beeton Creek Near Tottenham","prov":"ON","kind":"river","level":5.68,"discharge":0.237,"time":"2026-09-09T09:50:00Z","src":"eccc","class":"normal","classBy":"level","p50":5.652}},{"type":"Feature","geometry":{"type":"Point","coordinates":[-82.9285,42.30986]},"properties":{"id":"02GH011","name":"Little River At Windsor","prov":"ON","kind":"river","level":1.206,"time":"2026-09-09T10:25:00Z","src":"eccc","class":"normal","classBy":"level","p50":1.218}},{"type":"Feature","geometry":{"type":"Point","coordinates":[-77.92944,44.84508]},"properties":{"id":"02HK005","name":"Crowe River Near Glen Alda","prov":"ON","kind":"river","level":12.487,"discharge":3.34,"time":"2026-09-09T09:40:00Z","src":"eccc","class":"high","classBy":"level","p50":12.316}},{"type":"Feature","geometry":{"type":"Point","coordinates":[-78.98939,45.31197]},"properties":{"id":"02EB014","name":"Oxtongue River Near Dwight","prov":"ON","kind":"river","level":3.265,"discharge":5.82,"time":"2026-09-09T10:05:00Z","src":"eccc","class":"high","classBy":"level","p50":3.098}},{"type":"Feature","geometry":{"type":"Point","coordinates":[-81.214,42.77769]},"properties":{"id":"02GC002","name":"Kettle Creek At St. Thomas","prov":"ON","kind":"river","level":6.041,"discharge":0.409,"time":"2026-09-09T10:05:00Z","src":"eccc","class":"normal","classBy":"level","p50":6.012}},{"type":"Feature","geometry":{"type":"Point","coordinates":[-79.96,44.20003]},"properties":{"id":"02ED014","name":"Pine River Near Everett","prov":"ON","kind":"river","level":0.002,"time":"2026-09-09T10:10:00Z","src":"eccc","class":"low","classBy":"level","p50":0.08}},{"type":"Feature","geometry":{"type":"Point","coordinates":[-78.96033,43.8755]},"properties":{"id":"02HC018","name":"Lynde Creek Near Whitby","prov":"ON","kind":"river","level":8.104,"time":"2026-09-09T10:25:00Z","src":"eccc","class":"high","classBy":"level","p50":8.024}},{"type":"Feature","geometry":{"type":"Point","coordinates":[-80.109,43.57614]},"properties":{"id":"02GA031","name":"Blue Springs Creek Near Eden Mills","prov":"ON","kind":"river","level":1.762,"discharge":0.25,"time":"2026-09-09T09:35:00Z","src":"eccc","class":"high","classBy":"level","p50":1.722}},{"type":"Feature","geometry":{"type":"Point","coordinates":[-77.61266,44.10916]},"properties":{"id":"02HK011","name":"Mayhew Creek Near Trenton","prov":"ON","kind":"river","level":1.898,"discharge":0.144,"time":"2026-09-09T10:10:00Z","src":"eccc","class":"normal","classBy":"level","p50":1.877}},{"type":"Feature","geometry":{"type":"Point","coordinates":[-75.41272,45.22833]},"properties":{"id":"02LB020","name":"South Castor River At Kenmore","prov":"ON","kind":"river","level":1.324,"discharge":0.983,"time":"2026-09-09T10:10:00Z","src":"eccc","class":"very-high","classBy":"level","p50":1.206}},{"type":"Feature","geometry":{"type":"Point","coordinates":[-94.52475,49.77169]},"properties":{"id":"05PE012","name":"Winnipeg River Below Norman Dam And Powerhouse","prov":"ON","kind":"river","level":316.183,"time":"2026-09-09T10:10:00Z","src":"eccc","class":"normal","classBy":"level","p50":316.321}},{"type":"Feature","geometry":{"type":"Point","coordinates":[-78.14706,44.02883]},"properties":{"id":"02HD020","name":"Baltimore Creek At Baltimore","prov":"ON","kind":"river","level":1.335,"discharge":0.359,"time":"2026-09-09T10:20:00Z","src":"eccc","class":"low","classBy":"level","p50":1.358}},{"type":"Feature","geometry":{"type":"Point","coordinates":[-79.50436,43.67425]},"properties":{"id":"02HC027","name":"Black Creek Near Weston","prov":"ON","kind":"river","discharge":0.388,"time":"2026-09-09T10:25:00Z","src":"eccc","class":"normal","classBy":"discharge","p50":0.27}},{"type":"Feature","geometry":{"type":"Point","coordinates":[-78.71078,46.32042]},"properties":{"id":"02JE013","name":"Ottawa River At Mattawa","prov":"ON","kind":"river","level":52.213,"time":"2026-09-09T09:45:00Z","src":"eccc","class":"normal","classBy":"level","p50":52.318}},{"type":"Feature","geometry":{"type":"Point","coordinates":[-78.89153,43.93031]},"properties":{"id":"02HD008","name":"Oshawa Creek At Oshawa","prov":"ON","kind":"river","level":2.285,"discharge":0.698,"time":"2026-09-09T10:10:00Z","src":"eccc","class":"normal","classBy":"level","p50":2.281}},{"type":"Feature","geometry":{"type":"Point","coordinates":[-79.38325,43.13347]},"properties":{"id":"02HA006","name":"Twenty Mile Creek At Balls Falls","prov":"ON","kind":"river","level":5.581,"discharge":0.243,"time":"2026-09-09T09:35:00Z","src":"eccc","class":"high","classBy":"level","p50":5.527}},{"type":"Feature","geometry":{"type":"Point","coordinates":[-77.97611,44.38494]},"properties":{"id":"02HJ011","name":"Ouse River At Norwood","prov":"ON","kind":"river","level":6.913,"time":"2026-09-09T10:10:00Z","src":"eccc","class":"normal","classBy":"level","p50":6.895}},{"type":"Feature","geometry":{"type":"Point","coordinates":[-84.53694,49.77289]},"properties":{"id":"04JC002","name":"Nagagami River At Highway No. 11","prov":"ON","kind":"river","level":1.403,"discharge":3.65,"time":"2026-09-09T09:40:00Z","src":"eccc","class":"low","classBy":"level","p50":1.538}},{"type":"Feature","geometry":{"type":"Point","coordinates":[-80.26325,46.63717]},"properties":{"id":"02DC004","name":"Sturgeon River Near Glen Afton","prov":"ON","kind":"river","level":93.252,"discharge":21.5,"time":"2026-09-09T09:35:00Z","src":"eccc","class":"normal","classBy":"level","p50":93.178}},{"type":"Feature","geometry":{"type":"Point","coordinates":[-79.36685,45.57195]},"properties":{"id":"02EA016","name":"Doe Lake Near Katrine","prov":"ON","kind":"lake","level":7.031,"time":"2026-09-09T09:40:00Z","src":"eccc","class":"normal","classBy":"level","p50":7.033}},{"type":"Feature","geometry":{"type":"Point","coordinates":[-81.14562,43.25575]},"properties":{"id":"02GD005","name":"North Thames River At St. Marys","prov":"ON","kind":"river","level":2.982,"discharge":2.49,"time":"2026-09-09T10:05:00Z","src":"eccc","class":"high","classBy":"level","p50":2.939}},{"type":"Feature","geometry":{"type":"Point","coordinates":[-76.40089,45.04583]},"properties":{"id":"02KF010","name":"Clyde River Near Lanark","prov":"ON","kind":"river","level":8.213,"discharge":3.55,"time":"2026-09-09T09:40:00Z","src":"eccc","class":"very-high","classBy":"level","p50":7.872}},{"type":"Feature","geometry":{"type":"Point","coordinates":[-78.72919,44.52539]},"properties":{"id":"02HH006","name":"Sturgeon Lake At Fenelon Falls","prov":"ON","kind":"lake","level":7.034,"time":"2026-09-09T09:45:00Z","src":"eccc"}},{"type":"Feature","geometry":{"type":"Point","coordinates":[-78.67753,44.70986]},"properties":{"id":"02HF003","name":"Burnt River Near Burnt River","prov":"ON","kind":"river","level":3.396,"discharge":15.4,"time":"2026-09-09T09:45:00Z","src":"eccc","class":"high","classBy":"level","p50":3.142}},{"type":"Feature","geometry":{"type":"Point","coordinates":[-78.43875,44.01719]},"properties":{"id":"02HD004","name":"North West Ganaraska River Near Osaca","prov":"ON","kind":"river","level":2.47,"discharge":0.279,"time":"2026-09-09T09:40:00Z","src":"eccc","class":"normal","classBy":"level","p50":2.456}},{"type":"Feature","geometry":{"type":"Point","coordinates":[-76.26033,45.24544]},"properties":{"id":"02KF012","name":"Indian River Near Blakeney","prov":"ON","kind":"river","level":8.637,"discharge":1.22,"time":"2026-09-09T09:40:00Z","src":"eccc","class":"high","classBy":"level","p50":8.531}},{"type":"Feature","geometry":{"type":"Point","coordinates":[-81.11533,44.12047]},"properties":{"id":"02FC002","name":"Saugeen River Near Walkerton","prov":"ON","kind":"river","level":9.438,"discharge":12.2,"time":"2026-09-09T09:35:00Z","src":"eccc","class":"normal","classBy":"level","p50":9.341}},{"type":"Feature","geometry":{"type":"Point","coordinates":[-79.33181,44.752]},"properties":{"id":"02EC023","name":"Severn River Near Mill Island","prov":"ON","kind":"river","level":7.04,"time":"2026-09-09T09:45:00Z","src":"eccc"}},{"type":"Feature","geometry":{"type":"Point","coordinates":[-80.98456,44.09869]},"properties":{"id":"02FC012","name":"South Saugeen River Near Hanover","prov":"ON","kind":"river","level":1.54,"discharge":2.78,"time":"2026-09-09T10:05:00Z","src":"eccc","class":"high","classBy":"level","p50":1.417}},{"type":"Feature","geometry":{"type":"Point","coordinates":[-89.595,48.53231]},"properties":{"id":"02AB006","name":"Kaministiquia River At Kaministiquia","prov":"ON","kind":"river","level":301.904,"discharge":25.9,"time":"2026-09-09T09:35:00Z","src":"eccc","class":"normal","classBy":"level","p50":301.934}},{"type":"Feature","geometry":{"type":"Point","coordinates":[-81.26439,43.91508]},"properties":{"id":"02FE005","name":"Maitland River Above Wingham","prov":"ON","kind":"river","level":9.846,"discharge":0.631,"time":"2026-09-09T09:45:00Z","src":"eccc","class":"very-low","classBy":"level","p50":9.914}},{"type":"Feature","geometry":{"type":"Point","coordinates":[-77.22749,44.49681]},"properties":{"id":"02HL008","name":"Clare River Near Bogart","prov":"ON","kind":"river","level":2.052,"discharge":5.1,"time":"2026-09-09T09:35:00Z","src":"eccc","class":"very-high","classBy":"level","p50":1.537}},{"type":"Feature","geometry":{"type":"Point","coordinates":[-78.18481,43.96487]},"properties":{"id":"02HD019","name":"Cobourg Brook At Cobourg","prov":"ON","kind":"river","level":6.419,"discharge":0.705,"time":"2026-09-09T09:45:00Z","src":"eccc","class":"normal","classBy":"level","p50":6.415}},{"type":"Feature","geometry":{"type":"Point","coordinates":[-83.01889,42.15897]},"properties":{"id":"02GH003","name":"Canard River Near Lukerville","prov":"ON","kind":"river","level":1.609,"time":"2026-09-09T09:40:00Z","src":"eccc","class":"high","classBy":"level","p50":1.342}},{"type":"Feature","geometry":{"type":"Point","coordinates":[-79.57828,44.76767]},"properties":{"id":"02ED024","name":"North River At The Falls","prov":"ON","kind":"river","level":0.784,"discharge":1.11,"time":"2026-09-09T09:45:00Z","src":"eccc","class":"high","classBy":"level","p50":0.754}},{"type":"Feature","geometry":{"type":"Point","coordinates":[-75.80528,44.525]},"properties":{"id":"02MB006","name":"Lyn Creek Near Lyn","prov":"ON","kind":"river","level":7.923,"discharge":0.575,"time":"2026-09-09T10:20:00Z","src":"eccc","class":"very-high","classBy":"level","p50":7.774}},{"type":"Feature","geometry":{"type":"Point","coordinates":[-80.07911,46.12314]},"properties":{"id":"02DD020","name":"Little French River At Okikendawt Island","prov":"ON","kind":"river","level":193.197,"discharge":21.1,"time":"2026-09-09T09:40:00Z","src":"eccc","class":"normal","classBy":"level","p50":193.153}},{"type":"Feature","geometry":{"type":"Point","coordinates":[-79.58442,43.79008]},"properties":{"id":"02HC009","name":"East Humber River Near Pine Grove","prov":"ON","kind":"river","level":2.222,"discharge":2.02,"time":"2026-09-09T09:40:00Z","src":"eccc","class":"normal","classBy":"level","p50":2.371}},{"type":"Feature","geometry":{"type":"Point","coordinates":[-79.09859,46.70014]},"properties":{"id":"02JE032","name":"Ottawa River At Thorne","prov":"ON","kind":"river","level":9.802,"time":"2026-09-09T09:40:00Z","src":"eccc","class":"high","classBy":"level","p50":9.685}},{"type":"Feature","geometry":{"type":"Point","coordinates":[-78.33444,44.25861]},"properties":{"id":"02HJ010","name":"Otonabee River Near Robinsons Island","prov":"ON","kind":"river","level":7.328,"time":"2026-09-09T10:10:00Z","src":"eccc","class":"normal","classBy":"level","p50":7.285}},{"type":"Feature","geometry":{"type":"Point","coordinates":[-74.44181,45.49142]},"properties":{"id":"02LB032","name":"Rigaud River Near St. Eugene","prov":"ON","kind":"river","level":1.716,"discharge":0.332,"time":"2026-09-09T09:45:00Z","src":"eccc","class":"high","classBy":"level","p50":1.568}},{"type":"Feature","geometry":{"type":"Point","coordinates":[-81.00925,46.68544]},"properties":{"id":"02CF011","name":"Vermilion River Near Val Caron","prov":"ON","kind":"river","level":2.91,"discharge":4.2,"time":"2026-09-09T09:40:00Z","src":"eccc","class":"normal","classBy":"level","p50":2.811}},{"type":"Feature","geometry":{"type":"Point","coordinates":[-79.07083,44.39708]},"properties":{"id":"02EC011","name":"Beaver River Near Beaverton","prov":"ON","kind":"river","level":7.836,"discharge":1.21,"time":"2026-09-09T10:20:00Z","src":"eccc","class":"high","classBy":"level","p50":7.784}},{"type":"Feature","geometry":{"type":"Point","coordinates":[-81.28381,44.00061]},"properties":{"id":"02FC020","name":"Teeswater River At Teeswater","prov":"ON","kind":"river","level":1.078,"discharge":0.273,"time":"2026-09-09T09:35:00Z","src":"eccc","class":"normal","classBy":"level","p50":1.095}},{"type":"Feature","geometry":{"type":"Point","coordinates":[-78.86217,44.19142]},"properties":{"id":"02HG006","name":"Lake Scugog At Scugog Island Marina","prov":"ON","kind":"lake","level":9.112,"time":"2026-09-09T08:20:00Z","src":"eccc"}},{"type":"Feature","geometry":{"type":"Point","coordinates":[-79.71753,43.888]},"properties":{"id":"02HC023","name":"Cold Creek Near Bolton","prov":"ON","kind":"river","level":4.977,"discharge":0.294,"time":"2026-09-09T10:15:00Z","src":"eccc","class":"normal","classBy":"level","p50":4.967}},{"type":"Feature","geometry":{"type":"Point","coordinates":[-79.78097,44.13122]},"properties":{"id":"02ED029","name":"Innisfil Creek Near Alliston","prov":"ON","kind":"river","level":2.129,"discharge":2.09,"time":"2026-09-09T09:50:00Z","src":"eccc","class":"very-high","classBy":"level","p50":1.799}},{"type":"Feature","geometry":{"type":"Point","coordinates":[-79.3615,43.68586]},"properties":{"id":"02HC024","name":"Don River At Todmorden","prov":"ON","kind":"river","level":12.16,"discharge":2.46,"time":"2026-09-09T10:25:00Z","src":"eccc","class":"normal","classBy":"level","p50":12.136}},{"type":"Feature","geometry":{"type":"Point","coordinates":[-81.25344,43.022]},"properties":{"id":"02GD028","name":"Stoney Creek At London","prov":"ON","kind":"river","level":7.077,"discharge":0.124,"time":"2026-09-09T10:09:55Z","src":"eccc","class":"high","classBy":"level","p50":7.0}},{"type":"Feature","geometry":{"type":"Point","coordinates":[-82.09506,42.3835]},"properties":{"id":"02GE007","name":"Mcgregor Creek Near Chatham","prov":"ON","kind":"river","level":1.053,"discharge":0.128,"time":"2026-09-09T09:35:00Z","src":"eccc","class":"normal","classBy":"level","p50":1.04}},{"type":"Feature","geometry":{"type":"Point","coordinates":[-93.35992,48.61625]},"properties":{"id":"05PC025","name":"Rainy River At Point Park Site No.2","prov":"ON","kind":"river","level":337.43,"time":"2026-09-09T09:50:00Z","src":"eccc","class":"low","classBy":"level","p50":337.477}},{"type":"Feature","geometry":{"type":"Point","coordinates":[-79.92683,43.77358]},"properties":{"id":"02HB018","name":"Credit River At Boston Mills","prov":"ON","kind":"river","level":3.808,"discharge":2.72,"time":"2026-09-09T09:45:00Z","src":"eccc","class":"normal","classBy":"level","p50":3.823}},{"type":"Feature","geometry":{"type":"Point","coordinates":[-79.90375,44.64978]},"properties":{"id":"02ED013","name":"Wye River Near Wyevale","prov":"ON","kind":"river","level":1.122,"discharge":0.614,"time":"2026-09-09T09:35:00Z","src":"eccc","class":"normal","classBy":"level","p50":1.113}},{"type":"Feature","geometry":{"type":"Point","coordinates":[-80.3627,44.14003]},"properties":{"id":"02GA041","name":"Grand River Near Dundalk","prov":"ON","kind":"river","level":1.371,"discharge":0.279,"time":"2026-09-09T09:35:00Z","src":"eccc","class":"high","classBy":"level","p50":1.174}},{"type":"Feature","geometry":{"type":"Point","coordinates":[-80.0624,43.89127]},"properties":{"id":"02HB013","name":"Credit River Near Orangeville","prov":"ON","kind":"river","level":11.212,"discharge":0.441,"time":"2026-09-09T10:25:00Z","src":"eccc","class":"high","classBy":"level","p50":11.193}},{"type":"Feature","geometry":{"type":"Point","coordinates":[-75.54442,44.84225]},"properties":{"id":"02LB007","name":"South Nation River At Spencerville","prov":"ON","kind":"river","level":11.019,"discharge":1.37,"time":"2026-09-09T09:50:00Z","src":"eccc","class":"high","classBy":"level","p50":10.89}},{"type":"Feature","geometry":{"type":"Point","coordinates":[-80.0275,46.12083]},"properties":{"id":"02DD017","name":"French River At Chaudiere Dam","prov":"ON","kind":"river","level":187.809,"discharge":2.63,"time":"2026-09-09T09:35:00Z","src":"eccc","class":"normal","classBy":"level","p50":187.878}},{"type":"Feature","geometry":{"type":"Point","coordinates":[-81.30689,43.81289]},"properties":{"id":"02FE008","name":"Middle Maitland River Near Belgrave","prov":"ON","kind":"river","level":10.027,"discharge":0.444,"time":"2026-09-09T09:45:00Z","src":"eccc","class":"normal","classBy":"level","p50":10.025}},{"type":"Feature","geometry":{"type":"Point","coordinates":[-79.66203,46.42761]},"properties":{"id":"02DC013","name":"Little Sturgeon River Below Booth Lake","prov":"ON","kind":"river","level":2.375,"discharge":0.322,"time":"2026-09-09T09:40:00Z","src":"eccc","class":"normal","classBy":"level","p50":2.452}},{"type":"Feature","geometry":{"type":"Point","coordinates":[-80.55109,43.37229]},"properties":{"id":"02GA030","name":"Alder Creek Near New Dundee","prov":"ON","kind":"river","level":12.886,"discharge":0.072,"time":"2026-09-09T10:20:00Z","src":"eccc","class":"normal","classBy":"level","p50":12.881}},{"type":"Feature","geometry":{"type":"Point","coordinates":[-81.28044,43.01367]},"properties":{"id":"02GD008","name":"Medway River At London","prov":"ON","kind":"river","level":3.602,"discharge":0.738,"time":"2026-09-09T09:40:00Z","src":"eccc","class":"high","classBy":"level","p50":3.503}},{"type":"Feature","geometry":{"type":"Point","coordinates":[-77.69662,44.53522]},"properties":{"id":"02HK006","name":"Beaver Creek Near Marmora","prov":"ON","kind":"river","level":9.249,"discharge":3.75,"time":"2026-09-09T10:20:00Z","src":"eccc","class":"high","classBy":"level","p50":8.99}},{"type":"Feature","geometry":{"type":"Point","coordinates":[-77.59386,44.26692]},"properties":{"id":"02HK019","name":"Trent River At Lower Glen Ross","prov":"ON","kind":"river","level":4.522,"time":"2026-09-09T09:45:00Z","src":"eccc"}},{"type":"Feature","geometry":{"type":"Point","coordinates":[-79.05611,43.84889]},"properties":{"id":"02HC049","name":"Duffins Creek At Ajax","prov":"ON","kind":"river","level":0.791,"discharge":1.56,"time":"2026-09-09T10:05:00Z","src":"eccc","class":"high","classBy":"level","p50":0.756}},{"type":"Feature","geometry":{"type":"Point","coordinates":[-78.32819,43.99094]},"properties":{"id":"02HD012","name":"Ganaraska River Above Dale","prov":"ON","kind":"river","level":0.948,"discharge":1.65,"time":"2026-09-09T09:40:00Z","src":"eccc","class":"low","classBy":"level","p50":0.972}},{"type":"Feature","geometry":{"type":"Point","coordinates":[-79.27639,45.21986]},"properties":{"id":"02EB021","name":"Mary Lake At Port Sydney","prov":"ON","kind":"lake","level":8.655,"time":"2026-09-09T09:45:00Z","src":"eccc","class":"high","classBy":"level","p50":8.616}},{"type":"Feature","geometry":{"type":"Point","coordinates":[-80.54258,42.96583]},"properties":{"id":"02GC017","name":"Big Otter Creek Above Otterville","prov":"ON","kind":"river","level":3.875,"discharge":0.337,"time":"2026-09-09T09:35:00Z","src":"eccc","class":"normal","classBy":"level","p50":3.874}},{"type":"Feature","geometry":{"type":"Point","coordinates":[-82.25922,42.76244]},"properties":{"id":"02GG013","name":"Black Creek Near Bradshaw","prov":"ON","kind":"river","level":6.332,"time":"2026-09-09T09:45:00Z","src":"eccc","class":"high","classBy":"level","p50":6.057}},{"type":"Feature","geometry":{"type":"Point","coordinates":[-80.26528,46.10572]},"properties":{"id":"02DD026","name":"French River At Wolseley Bay","prov":"ON","kind":"river","level":186.369,"discharge":46.8,"time":"2026-09-09T09:40:00Z","src":"eccc","class":"normal","classBy":"level","p50":186.321}},{"type":"Feature","geometry":{"type":"Point","coordinates":[-79.46797,44.49697]},"properties":{"id":"02EC020","name":"Hawkestone Creek At Hawkestone","prov":"ON","kind":"river","level":2.145,"discharge":0.19,"time":"2026-09-09T10:25:00Z","src":"eccc","class":"normal","classBy":"level","p50":2.14}},{"type":"Feature","geometry":{"type":"Point","coordinates":[-76.64103,44.77486]},"properties":{"id":"02KF020","name":"Sharbot Lake At Outlet Of Sharbot Lake","prov":"ON","kind":"lake","level":1.199,"time":"2026-09-09T09:35:00Z","src":"eccc","class":"very-high","classBy":"level","p50":0.976}},{"type":"Feature","geometry":{"type":"Point","coordinates":[-81.10322,43.27322]},"properties":{"id":"02GD009","name":"Trout Creek Near St. Marys","prov":"ON","kind":"river","level":5.869,"discharge":1.68,"time":"2026-09-09T09:40:00Z","src":"eccc","class":"normal","classBy":"level","p50":5.809}},{"type":"Feature","geometry":{"type":"Point","coordinates":[-80.74194,44.09047]},"properties":{"id":"02FC017","name":"Beatty Saugeen River Near Holstein","prov":"ON","kind":"river","level":1.729,"discharge":0.191,"time":"2026-09-09T09:35:00Z","src":"eccc","class":"normal","classBy":"level","p50":1.696}},{"type":"Feature","geometry":{"type":"Point","coordinates":[-86.391,51.64153]},"properties":{"id":"04GD001","name":"Albany River Above Nottik Island","prov":"ON","kind":"river","level":23.57,"discharge":103.0,"time":"2026-09-09T09:35:00Z","src":"eccc","class":"normal","classBy":"level","p50":23.815}},{"type":"Feature","geometry":{"type":"Point","coordinates":[-94.66369,49.98656]},"properties":{"id":"05PE009","name":"Winnipeg River At Minaki","prov":"ON","kind":"river","level":316.045,"time":"2026-09-09T09:35:00Z","src":"eccc","class":"normal","classBy":"level","p50":315.992}},{"type":"Feature","geometry":{"type":"Point","coordinates":[-81.63106,44.17281]},"properties":{"id":"02FD003","name":"North Penetangore River At Kincardine","prov":"ON","kind":"river","level":1.261,"discharge":0.027,"time":"2026-09-09T09:45:00Z","src":"eccc","class":"normal","classBy":"level","p50":1.217}},{"type":"Feature","geometry":{"type":"Point","coordinates":[-80.09364,43.77181]},"properties":{"id":"02HB020","name":"Credit River Erin Branch Above Erin","prov":"ON","kind":"river","level":2.044,"time":"2026-09-09T09:40:00Z","src":"eccc","class":"high","classBy":"level","p50":1.948}},{"type":"Feature","geometry":{"type":"Point","coordinates":[-76.59523,44.41339]},"properties":{"id":"02HM011","name":"Millhaven Creek At Sydenham","prov":"ON","kind":"river","level":126.285,"discharge":0.639,"time":"2026-09-09T10:15:00Z","src":"eccc","class":"high","classBy":"level","p50":126.089}},{"type":"Feature","geometry":{"type":"Point","coordinates":[-80.14344,43.79025]},"properties":{"id":"02HB031","name":"Credit River Erin Branch At Hillsburgh","prov":"ON","kind":"river","level":1.892,"discharge":0.109,"time":"2026-09-09T10:05:00Z","src":"eccc","class":"very-low","classBy":"level","p50":1.924}},{"type":"Feature","geometry":{"type":"Point","coordinates":[-81.32644,43.88675]},"properties":{"id":"02FE002","name":"Maitland River Below Wingham","prov":"ON","kind":"river","level":0.81,"discharge":1.62,"time":"2026-09-09T09:45:00Z","src":"eccc","class":"normal","classBy":"level","p50":0.811}},{"type":"Feature","geometry":{"type":"Point","coordinates":[-77.32813,44.54957]},"properties":{"id":"02HL004","name":"Skootamatta River Near Actinolite","prov":"ON","kind":"river","level":3.185,"time":"2026-09-09T10:15:00Z","src":"eccc","class":"very-high","classBy":"level","p50":2.849}},{"type":"Feature","geometry":{"type":"Point","coordinates":[-79.19147,43.77819]},"properties":{"id":"02HC013","name":"Highland Creek Near West Hill","prov":"ON","kind":"river","level":5.994,"discharge":0.496,"time":"2026-09-09T10:25:00Z","src":"eccc","class":"normal","classBy":"level","p50":5.991}},{"type":"Feature","geometry":{"type":"Point","coordinates":[-79.70875,43.58228]},"properties":{"id":"02HB029","name":"Credit River At Streetsville","prov":"ON","kind":"river","level":4.717,"discharge":13.6,"time":"2026-09-09T10:20:00Z","src":"eccc","class":"very-high","classBy":"level","p50":4.435}},{"type":"Feature","geometry":{"type":"Point","coordinates":[-75.69178,44.58569]},"properties":{"id":"02MB010","name":"Buells Creek At Brockville","prov":"ON","kind":"river","level":0.818,"discharge":0.282,"time":"2026-09-09T10:20:00Z","src":"eccc","class":"high","classBy":"level","p50":0.702}},{"type":"Feature","geometry":{"type":"Point","coordinates":[-82.17944,42.41428]},"properties":{"id":"02GE004","name":"Thames River At Chatham","prov":"ON","kind":"river","level":1.601,"time":"2026-09-09T10:15:00Z","src":"eccc","class":"normal","classBy":"level","p50":1.658}},{"type":"Feature","geometry":{"type":"Point","coordinates":[-79.47381,46.31183]},"properties":{"id":"02DD006","name":"Lake Nipissing At North Bay","prov":"ON","kind":"lake","level":5.778,"time":"2026-09-09T09:35:00Z","src":"eccc","class":"normal","classBy":"level","p50":5.731}},{"type":"Feature","geometry":{"type":"Point","coordinates":[-79.1135,45.14797]},"properties":{"id":"02EB008","name":"South Branch Muskoka River At Baysville","prov":"ON","kind":"river","level":7.732,"discharge":15.0,"time":"2026-09-09T10:10:00Z","src":"eccc","class":"normal","classBy":"level","p50":7.638}},{"type":"Feature","geometry":{"type":"Point","coordinates":[-78.95997,43.95908]},"properties":{"id":"02HC054","name":"Lynde Creek At Brooklin","prov":"ON","kind":"river","level":4.817,"discharge":0.166,"time":"2026-09-09T09:50:00Z","src":"eccc","class":"normal","classBy":"level","p50":4.802}},{"type":"Feature","geometry":{"type":"Point","coordinates":[-78.37072,44.30983]},"properties":{"id":"02HJ006","name":"Jackson Creek Near Jackson Heights","prov":"ON","kind":"river","level":2.929,"discharge":0.42,"time":"2026-09-09T10:25:00Z","src":"eccc","class":"high","classBy":"level","p50":2.826}},{"type":"Feature","geometry":{"type":"Point","coordinates":[-79.86628,43.64656]},"properties":{"id":"02HB008","name":"Credit River West Branch At Norval","prov":"ON","kind":"river","level":2.158,"discharge":0.362,"time":"2026-09-09T10:20:00Z","src":"eccc","class":"low","classBy":"level","p50":2.175}},{"type":"Feature","geometry":{"type":"Point","coordinates":[-79.87374,43.96877]},"properties":{"id":"02HC059","name":"Humber River At Highway No. 9","prov":"ON","kind":"river","level":2.236,"discharge":0.414,"time":"2026-09-09T09:45:00Z","src":"eccc","class":"normal","classBy":"level","p50":2.219}},{"type":"Feature","geometry":{"type":"Point","coordinates":[-80.97303,43.29558]},"properties":{"id":"02GD019","name":"Trout Creek Near Fairview","prov":"ON","kind":"river","level":11.344,"discharge":0.073,"time":"2026-09-09T10:15:00Z","src":"eccc","class":"high","classBy":"level","p50":11.278}},{"type":"Feature","geometry":{"type":"Point","coordinates":[-81.33636,45.03697]},"properties":{"id":"02FA002","name":"Stokes River Near Ferndale","prov":"ON","kind":"river","level":1.226,"discharge":0.025,"time":"2026-09-09T09:35:00Z","src":"eccc","class":"normal","classBy":"level","p50":1.257}},{"type":"Feature","geometry":{"type":"Point","coordinates":[-81.01925,44.11339]},"properties":{"id":"02FC011","name":"Carrick Creek Near Carlsruhe","prov":"ON","kind":"river","level":1.658,"discharge":0.259,"time":"2026-09-09T09:45:00Z","src":"eccc","class":"normal","classBy":"level","p50":1.652}},{"type":"Feature","geometry":{"type":"Point","coordinates":[-77.20938,44.20741]},"properties":{"id":"02HM003","name":"Salmon River Near Shannonville","prov":"ON","kind":"river","level":1.202,"discharge":11.6,"time":"2026-09-09T09:55:00Z","src":"eccc","class":"very-high","classBy":"level","p50":0.729}},{"type":"Feature","geometry":{"type":"Point","coordinates":[-132.44758,61.98664]},"properties":{"id":"09BC002","name":"Pelly River At Ross River","prov":"YT","kind":"river","level":1.317,"discharge":199.0,"time":"2026-09-09T09:40:00Z","src":"eccc","class":"normal","classBy":"level","p50":1.328}},{"type":"Feature","geometry":{"type":"Point","coordinates":[-136.5825,62.82917]},"properties":{"id":"09BC001","name":"Pelly River At Pelly Crossing","prov":"YT","kind":"river","level":1.971,"discharge":435.0,"time":"2026-09-09T09:45:00Z","src":"eccc","class":"low","classBy":"level","p50":2.178}},{"type":"Feature","geometry":{"type":"Point","coordinates":[-139.62958,63.77]},"properties":{"id":"09EB003","name":"Indian River Above The Mouth","prov":"YT","kind":"river","level":1.592,"discharge":5.19,"time":"2026-09-09T09:45:00Z","src":"eccc","class":"low","classBy":"level","p50":1.699}},{"type":"Feature","geometry":{"type":"Point","coordinates":[-138.66833,68.83917]},"properties":{"id":"10MD002","name":"Babbage River Below Caribou Creek","prov":"YT","kind":"river","level":3.862,"discharge":69.9,"time":"2026-09-09T09:40:00Z","src":"eccc","class":"very-high","classBy":"discharge","p50":11.3}},{"type":"Feature","geometry":{"type":"Point","coordinates":[-140.662,67.45853]},"properties":{"id":"09FD002","name":"Porcupine River Near International Boundary","prov":"YT","kind":"river","level":9.354,"discharge":1010.0,"time":"2026-09-09T09:45:00Z","src":"eccc","class":"high","classBy":"level","p50":8.438}},{"type":"Feature","geometry":{"type":"Point","coordinates":[-137.41131,61.59314]},"properties":{"id":"08AA012","name":"Aishihik Lake Near Aishihik","prov":"YT","kind":"lake","level":3.723,"time":"2026-09-09T09:40:00Z","src":"eccc","class":"normal","classBy":"level","p50":3.663}},{"type":"Feature","geometry":{"type":"Point","coordinates":[-139.70924,67.63984]},"properties":{"id":"09FC001","name":"Old Crow River Near The Mouth","prov":"YT","kind":"river","level":24.754,"discharge":175.0,"time":"2026-09-09T09:45:00Z","src":"eccc","class":"high","classBy":"level","p50":24.008}},{"type":"Feature","geometry":{"type":"Point","coordinates":[-113.82311,52.27053]},"properties":{"id":"05CC002","name":"Red Deer River At Red Deer","prov":"AB","kind":"river","level":2.618,"discharge":27.1,"time":"2026-09-09T09:50:00Z","src":"eccc","class":"high","classBy":"level","p50":1.523}},{"type":"Feature","geometry":{"type":"Point","coordinates":[-112.70831,56.85075]},"properties":{"id":"07DB003","name":"Dunkirk River Near Fort Mackay","prov":"AB","kind":"river","level":97.54,"discharge":1.44,"time":"2026-09-09T10:05:00Z","src":"eccc","class":"normal","classBy":"level","p50":97.669}},{"type":"Feature","geometry":{"type":"Point","coordinates":[-115.41706,55.31549]},"properties":{"id":"07BJ001","name":"Swan River Near Kinuso","prov":"AB","kind":"river","level":583.566,"discharge":13.0,"time":"2026-09-09T09:50:00Z","src":"eccc","class":"high","classBy":"level","p50":583.057}},{"type":"Feature","geometry":{"type":"Point","coordinates":[-114.00935,51.04423]},"properties":{"id":"05BM015","name":"Western Irrigation District Canal Near Headgates","prov":"AB","kind":"river","level":26.701,"discharge":7.83,"time":"2026-09-09T10:05:00Z","src":"eccc","class":"normal","classBy":"level","p50":26.753}},{"type":"Feature","geometry":{"type":"Point","coordinates":[-114.40054,49.60185]},"properties":{"id":"05AA030","name":"Gold Creek Near Frank","prov":"AB","kind":"river","level":1.183,"discharge":1.07,"time":"2026-09-09T10:00:00Z","src":"eccc","class":"high","classBy":"level","p50":1.11}},{"type":"Feature","geometry":{"type":"Point","coordinates":[-116.18894,51.4286]},"properties":{"id":"05BA001","name":"Bow River At Lake Louise","prov":"AB","kind":"river","level":1.331,"discharge":9.67,"time":"2026-09-09T10:05:00Z","src":"eccc","class":"normal","classBy":"level","p50":1.319}},{"type":"Feature","geometry":{"type":"Point","coordinates":[-118.33383,58.59669]},"properties":{"id":"07OC001","name":"Chinchaga River Near High Level","prov":"AB","kind":"river","level":0.583,"discharge":6.53,"time":"2026-09-09T10:10:00Z","src":"eccc","class":"normal","classBy":"level","p50":0.607}},{"type":"Feature","geometry":{"type":"Point","coordinates":[-118.10717,52.86412]},"properties":{"id":"07AA001","name":"Miette River Near Jasper","prov":"AB","kind":"river","level":0.796,"discharge":6.55,"time":"2026-09-09T10:10:00Z","src":"eccc","class":"normal","classBy":"level","p50":0.811}},{"type":"Feature","geometry":{"type":"Point","coordinates":[-113.04353,49.34363]},"properties":{"id":"05AE026","name":"Canadian St. Mary Canal Near Spring Coulee","prov":"AB","kind":"river","level":1.736,"discharge":22.1,"time":"2026-09-09T09:55:00Z","src":"eccc","class":"very-low","classBy":"level","p50":2.412}},{"type":"Feature","geometry":{"type":"Point","coordinates":[-111.8029,57.1738]},"properties":{"id":"07DB002","name":"Dover River Near The Mouth","prov":"AB","kind":"river","level":97.538,"discharge":0.348,"time":"2026-09-09T10:05:00Z","src":"eccc","class":"normal","classBy":"level","p50":97.578}},{"type":"Feature","geometry":{"type":"Point","coordinates":[-114.93814,51.00233]},"properties":{"id":"05BH013","name":"Jumpingpound Creek Near Cox Hill","prov":"AB","kind":"river","level":0.305,"discharge":0.119,"time":"2026-09-09T10:05:00Z","src":"eccc","class":"normal","classBy":"level","p50":0.097}},{"type":"Feature","geometry":{"type":"Point","coordinates":[-114.05146,51.05027]},"properties":{"id":"05BH004","name":"Bow River At Calgary","prov":"AB","kind":"river","level":1.074,"discharge":72.4,"time":"2026-09-09T10:05:00Z","src":"eccc","class":"normal","classBy":"level","p50":1.056}},{"type":"Feature","geometry":{"type":"Point","coordinates":[-111.40356,49.01769]},"properties":{"id":"11AA029","name":"Miners Coulee Near International Boundary","prov":"AB","kind":"river","level":0.569,"discharge":0.0,"time":"2026-09-09T10:15:00Z","src":"eccc","class":"normal","classBy":"discharge","p50":0.0}},{"type":"Feature","geometry":{"type":"Point","coordinates":[-112.08224,49.98871]},"properties":{"id":"05AG003","name":"Expanse Coulee Near The Mouth","prov":"AB","kind":"river","level":1.002,"discharge":2.72,"time":"2026-09-09T10:05:00Z","src":"eccc","class":"very-high","classBy":"level","p50":0.768}},{"type":"Feature","geometry":{"type":"Point","coordinates":[-118.70023,55.64435]},"properties":{"id":"07FD006","name":"Saddle River Near Woking","prov":"AB","kind":"river","level":0.934,"discharge":0.038,"time":"2026-09-09T10:15:00Z","src":"eccc","class":"normal","classBy":"level","p50":0.831}},{"type":"Feature","geometry":{"type":"Point","coordinates":[-113.79985,52.26849]},"properties":{"id":"05CC011","name":"Waskasoo Creek At Red Deer","prov":"AB","kind":"river","level":0.991,"discharge":0.067,"time":"2026-09-09T10:05:00Z","src":"eccc","class":"high","classBy":"level","p50":0.907}},{"type":"Feature","geometry":{"type":"Point","coordinates":[-110.40067,49.94392]},"properties":{"id":"05AH048","name":"Cavan Lake Near Dunmore","prov":"AB","kind":"lake","level":805.476,"time":"2026-09-09T10:00:00Z","src":"eccc","class":"normal","classBy":"level","p50":806.146}},{"type":"Feature","geometry":{"type":"Point","coordinates":[-114.92553,51.27003]},"properties":{"id":"05BG010","name":"Ghost River Above Waiparous Creek","prov":"AB","kind":"river","level":0.753,"discharge":8.06,"time":"2026-09-09T10:05:00Z","src":"eccc","class":"normal","classBy":"level","p50":0.854}},{"type":"Feature","geometry":{"type":"Point","coordinates":[-116.27184,53.59835]},"properties":{"id":"07AG003","name":"Wolf Creek At Highway No. 16A","prov":"AB","kind":"river","level":1.75,"discharge":15.8,"time":"2026-09-09T10:10:00Z","src":"eccc","class":"very-high","classBy":"level","p50":1.19}},{"type":"Feature","geometry":{"type":"Point","coordinates":[-117.56942,53.42429]},"properties":{"id":"07AD002","name":"Athabasca River At Hinton","prov":"AB","kind":"river","level":27.431,"discharge":227.0,"time":"2026-09-09T10:15:00Z","src":"eccc","class":"normal","classBy":"level","p50":27.369}},{"type":"Feature","geometry":{"type":"Point","coordinates":[-115.43418,54.81538]},"properties":{"id":"07BJ003","name":"Swan River Near Swan Hills","prov":"AB","kind":"river","level":96.157,"time":"2026-09-09T10:15:00Z","src":"eccc","class":"very-high","classBy":"level","p50":0.603}},{"type":"Feature","geometry":{"type":"Point","coordinates":[-113.44483,50.82282]},"properties":{"id":"05BM002","name":"Bow River Below Carseland Dam","prov":"AB","kind":"river","level":2.642,"discharge":98.1,"time":"2026-09-09T10:05:00Z","src":"eccc","class":"high","classBy":"level","p50":2.538}},{"type":"Feature","geometry":{"type":"Point","coordinates":[-114.83841,51.28281]},"properties":{"id":"05BG006","name":"Waiparous Creek Near The Mouth","prov":"AB","kind":"river","level":0.813,"discharge":1.83,"time":"2026-09-09T10:05:00Z","src":"eccc","class":"high","classBy":"level","p50":0.749}},{"type":"Feature","geometry":{"type":"Point","coordinates":[-113.90705,49.0536]},"properties":{"id":"05AD025","name":"Waterton Lake At Waterton Park","prov":"AB","kind":"lake","level":1278.349,"time":"2026-09-09T10:00:00Z","src":"eccc","class":"normal","classBy":"level","p50":1278.334}},{"type":"Feature","geometry":{"type":"Point","coordinates":[-110.2995,50.90269]},"properties":{"id":"05CK004","name":"Red Deer River Near Bindloss","prov":"AB","kind":"river","level":1.454,"discharge":26.8,"time":"2026-09-09T09:50:00Z","src":"eccc","class":"normal","classBy":"level","p50":1.458}},{"type":"Feature","geometry":{"type":"Point","coordinates":[-114.42236,50.47761]},"properties":{"id":"05BL027","name":"Trap Creek Near Longview","prov":"AB","kind":"river","level":1.991,"discharge":0.814,"time":"2026-09-09T10:05:00Z","src":"eccc","class":"high","classBy":"level","p50":1.098}},{"type":"Feature","geometry":{"type":"Point","coordinates":[-117.19622,59.58111]},"properties":{"id":"07OB004","name":"Steen River Near Steen River","prov":"AB","kind":"river","level":4.336,"discharge":12.9,"time":"2026-09-09T10:15:00Z","src":"eccc","class":"high","classBy":"level","p50":3.668}},{"type":"Feature","geometry":{"type":"Point","coordinates":[-111.26522,57.26572]},"properties":{"id":"07DA030","name":"Kearl Lake Outlet","prov":"AB","kind":"lake","level":329.131,"time":"2026-09-09T09:55:00Z","src":"eccc","class":"very-low","classBy":"level","p50":329.61}},{"type":"Feature","geometry":{"type":"Point","coordinates":[-111.36745,54.43605]},"properties":{"id":"06AA001","name":"Beaver River Near Goodridge","prov":"AB","kind":"river","level":0.522,"discharge":2.56,"time":"2026-09-09T10:15:00Z","src":"eccc","class":"normal","classBy":"level","p50":0.555}},{"type":"Feature","geometry":{"type":"Point","coordinates":[-113.62722,53.63583]},"properties":{"id":"05EA002","name":"Sturgeon River At St. Albert","prov":"AB","kind":"river","level":0.888,"discharge":3.94,"time":"2026-09-09T10:05:00Z","src":"eccc","class":"normal","classBy":"level","p50":1.07}},{"type":"Feature","geometry":{"type":"Point","coordinates":[-117.35886,53.25128]},"properties":{"id":"07AF015","name":"Gregg River Near The Mouth","prov":"AB","kind":"river","level":1.339,"discharge":4.64,"time":"2026-09-09T09:55:00Z","src":"eccc","class":"very-high","classBy":"level","p50":0.65}},{"type":"Feature","geometry":{"type":"Point","coordinates":[-111.13064,57.34372]},"properties":{"id":"07DA034","name":"Muskeg River Upland","prov":"AB","kind":"river","level":98.803,"time":"2026-09-09T10:00:00Z","src":"eccc","class":"very-low","classBy":"level","p50":329.863}},{"type":"Feature","geometry":{"type":"Point","coordinates":[-112.91402,50.47247]},"properties":{"id":"05AC030","name":"Snake Creek Near Vulcan","prov":"AB","kind":"river","level":0.526,"discharge":0.001,"time":"2026-09-09T10:05:00Z","src":"eccc","class":"high","classBy":"discharge","p50":0.0}},{"type":"Feature","geometry":{"type":"Point","coordinates":[-110.25898,51.09586]},"properties":{"id":"05CK006","name":"Kennedy Coulee Near Acadia Valley","prov":"AB","kind":"river","level":0.071,"discharge":0.0,"time":"2026-09-09T10:05:00Z","src":"eccc","class":"very-low","classBy":"level","p50":0.708}},{"type":"Feature","geometry":{"type":"Point","coordinates":[-114.66315,51.80208]},"properties":{"id":"05CA011","name":"Bearberry Creek Near Sundre","prov":"AB","kind":"river","level":2.075,"discharge":0.238,"time":"2026-09-09T09:50:00Z","src":"eccc","class":"normal","classBy":"level","p50":2.066}},{"type":"Feature","geometry":{"type":"Point","coordinates":[-111.4872,56.26872]},"properties":{"id":"07CD008","name":"Hangingstone River At North Star Road","prov":"AB","kind":"river","level":99.201,"discharge":0.882,"time":"2026-09-09T10:00:00Z","src":"eccc","class":"normal","classBy":"level","p50":98.824}},{"type":"Feature","geometry":{"type":"Point","coordinates":[-118.60664,55.91908]},"properties":{"id":"07FD003","name":"Peace River At Dunvegan Bridge","prov":"AB","kind":"river","level":4.194,"discharge":1900.0,"time":"2026-09-09T10:15:00Z","src":"eccc","class":"very-high","classBy":"level","p50":3.229}},{"type":"Feature","geometry":{"type":"Point","coordinates":[-113.37761,48.94553]},"properties":{"id":"05AE029","name":"St. Mary Canal At St. Mary Crossing","prov":"AB","kind":"river","level":7.192,"discharge":17.1,"time":"2026-09-09T10:15:00Z","src":"eccc","class":"very-high","classBy":"level","p50":1.785}},{"type":"Feature","geometry":{"type":"Point","coordinates":[-116.57936,51.79933]},"properties":{"id":"05DA010","name":"Silverhorn Creek Near The Mouth","prov":"AB","kind":"river","level":7.33,"discharge":0.397,"time":"2026-09-09T09:55:00Z","src":"eccc","class":"high","classBy":"level","p50":0.712}},{"type":"Feature","geometry":{"type":"Point","coordinates":[-115.28792,52.25457]},"properties":{"id":"05DB005","name":"Prairie Creek Below Lick Creek","prov":"AB","kind":"river","level":1.212,"discharge":0.533,"time":"2026-09-09T10:10:00Z","src":"eccc","class":"normal","classBy":"level","p50":1.164}},{"type":"Feature","geometry":{"type":"Point","coordinates":[-115.38928,57.87467]},"properties":{"id":"07JD002","name":"Wabasca River At Highway No. 88","prov":"AB","kind":"river","level":1.89,"time":"2026-09-09T10:15:00Z","src":"eccc","class":"normal","classBy":"level","p50":1.747}},{"type":"Feature","geometry":{"type":"Point","coordinates":[-111.20039,57.07185]},"properties":{"id":"07DA038","name":"East Jackpine Creek Near The 1300 Ft Contour","prov":"AB","kind":"river","level":99.81,"discharge":0.231,"time":"2026-09-09T10:00:00Z","src":"eccc","class":"normal","classBy":"level","p50":99.773}},{"type":"Feature","geometry":{"type":"Point","coordinates":[-119.70105,55.07867]},"properties":{"id":"07GD004","name":"Redwillow River Near Rio Grande","prov":"AB","kind":"river","level":3.018,"discharge":0.201,"time":"2026-09-09T10:15:00Z","src":"eccc","class":"normal","classBy":"level","p50":2.957}},{"type":"Feature","geometry":{"type":"Point","coordinates":[-110.51437,49.67757]},"properties":{"id":"05AH057","name":"Bullshead Reservoir Near Elkwater","prov":"AB","kind":"lake","level":1074.286,"time":"2026-09-09T10:00:00Z","src":"eccc","class":"normal","classBy":"level","p50":1074.207}},{"type":"Feature","geometry":{"type":"Point","coordinates":[-112.95427,49.56628]},"properties":{"id":"05AD035","name":"Prairie Blood Coulee Near Lethbridge","prov":"AB","kind":"river","level":1.231,"discharge":2.47,"time":"2026-09-09T09:55:00Z","src":"eccc","class":"very-high","classBy":"level","p50":0.557}},{"type":"Feature","geometry":{"type":"Point","coordinates":[-111.2405,58.36043]},"properties":{"id":"07DD002","name":"Richardson River Near The Mouth","prov":"AB","kind":"river","level":1.643,"discharge":19.8,"time":"2026-09-09T10:05:00Z","src":"eccc","class":"normal","classBy":"level","p50":1.512}},{"type":"Feature","geometry":{"type":"Point","coordinates":[-118.69589,54.89161]},"properties":{"id":"07GE008","name":"Big Mountain Creek At Big Mountain Creek Provincial Recreational Area","prov":"AB","kind":"river","level":93.645,"discharge":1.05,"time":"2026-09-09T10:00:00Z","src":"eccc"}},{"type":"Feature","geometry":{"type":"Point","coordinates":[-113.79424,49.29441]},"properties":{"id":"05AD010","name":"Drywood Creek Near The Mouth","prov":"AB","kind":"river","level":0.865,"discharge":6.01,"time":"2026-09-09T10:10:00Z","src":"eccc","class":"very-high","classBy":"level","p50":0.736}},{"type":"Feature","geometry":{"type":"Point","coordinates":[-112.99602,53.8966]},"properties":{"id":"05EC005","name":"Redwater River Near The Mouth","prov":"AB","kind":"river","level":1.899,"discharge":3.07,"time":"2026-09-09T10:00:00Z","src":"eccc","class":"high","classBy":"level","p50":1.756}},{"type":"Feature","geometry":{"type":"Point","coordinates":[-116.63149,53.47018]},"properties":{"id":"07AF002","name":"Mcleod River Above Embarras River","prov":"AB","kind":"river","level":1.799,"discharge":29.6,"time":"2026-09-09T10:05:00Z","src":"eccc","class":"high","classBy":"level","p50":1.466}},{"type":"Feature","geometry":{"type":"Point","coordinates":[-111.0994,55.67292]},"properties":{"id":"07CE005","name":"Jackfish River Below Christina Lake","prov":"AB","kind":"river","level":98.629,"discharge":5.88,"time":"2026-09-09T10:05:00Z","src":"eccc","class":"high","classBy":"level","p50":98.545}},{"type":"Feature","geometry":{"type":"Point","coordinates":[-110.37086,49.46767]},"properties":{"id":"11AB104","name":"Massy Reservoir Near Elkwater","prov":"AB","kind":"lake","level":28.129,"time":"2026-09-09T09:55:00Z","src":"eccc","class":"high","classBy":"level","p50":27.42}},{"type":"Feature","geometry":{"type":"Point","coordinates":[-111.8564,55.01087]},"properties":{"id":"07CA013","name":"Owl River Below Piche River","prov":"AB","kind":"river","level":7.764,"discharge":25.1,"time":"2026-09-09T10:10:00Z","src":"eccc","class":"very-high","classBy":"level","p50":7.282}},{"type":"Feature","geometry":{"type":"Point","coordinates":[-112.54225,50.75018]},"properties":{"id":"05BM004","name":"Bow River Below Bassano Dam","prov":"AB","kind":"river","level":1.509,"discharge":97.4,"time":"2026-09-09T10:15:00Z","src":"eccc","class":"high","classBy":"level","p50":1.284}},{"type":"Feature","geometry":{"type":"Point","coordinates":[-113.63324,49.21804]},"properties":{"id":"05AD013","name":"United Irrigation District Canal Near Hill Spring","prov":"AB","kind":"river","level":1.461,"discharge":0.662,"time":"2026-09-09T10:00:00Z","src":"eccc","class":"low","classBy":"level","p50":1.591}},{"type":"Feature","geometry":{"type":"Point","coordinates":[-113.28796,54.72203]},"properties":{"id":"07BE001","name":"Athabasca River At Athabasca","prov":"AB","kind":"river","level":2.372,"discharge":837.0,"time":"2026-09-09T10:00:00Z","src":"eccc","class":"very-high","classBy":"level","p50":1.437}},{"type":"Feature","geometry":{"type":"Point","coordinates":[-111.407,56.99934]},"properties":{"id":"07DA006","name":"Steepbank River Near Fort Mcmurray","prov":"AB","kind":"river","level":96.926,"discharge":1.96,"time":"2026-09-09T10:15:00Z","src":"eccc","class":"normal","classBy":"level","p50":96.972}},{"type":"Feature","geometry":{"type":"Point","coordinates":[-114.22881,52.04644]},"properties":{"id":"05CB006","name":"Gleniffer Reservoir Near Dickson","prov":"AB","kind":"lake","level":947.957,"time":"2026-09-09T10:00:00Z","src":"eccc","class":"normal","classBy":"level","p50":947.932}},{"type":"Feature","geometry":{"type":"Point","coordinates":[-113.94769,49.4864]},"properties":{"id":"05AA004","name":"Pincher Creek At Pincher Creek","prov":"AB","kind":"river","level":0.402,"discharge":1.72,"time":"2026-09-09T10:00:00Z","src":"eccc","class":"very-high","classBy":"level","p50":0.193}},{"type":"Feature","geometry":{"type":"Point","coordinates":[-81.33264,48.34506]},"properties":{"id":"04LA004","name":"Mountjoy River Near Timmins","prov":"ON","kind":"river","level":93.843,"discharge":2.59,"time":"2026-09-09T09:35:00Z","src":"eccc","class":"normal","classBy":"level","p50":93.685}},{"type":"Feature","geometry":{"type":"Point","coordinates":[-77.59181,44.12377]},"properties":{"id":"02HK010","name":"Trent River At Trenton","prov":"ON","kind":"river","level":8.975,"time":"2026-09-09T09:40:00Z","src":"eccc","class":"normal","classBy":"level","p50":9.008}},{"type":"Feature","geometry":{"type":"Point","coordinates":[-94.50364,49.77281]},"properties":{"id":"05PE001","name":"Winnipeg River Below Kenora Powerhouse","prov":"ON","kind":"river","level":316.212,"time":"2026-09-09T10:10:00Z","src":"eccc","class":"low","classBy":"level","p50":316.539}},{"type":"Feature","geometry":{"type":"Point","coordinates":[-80.28944,42.82333]},"properties":{"id":"02GC008","name":"Lynn River At Simcoe","prov":"ON","kind":"river","level":1.222,"discharge":1.11,"time":"2026-09-09T09:35:00Z","src":"eccc","class":"high","classBy":"level","p50":1.19}},{"type":"Feature","geometry":{"type":"Point","coordinates":[-93.62372,48.84154]},"properties":{"id":"05PB023","name":"Rainy Lake At Northwest Bay","prov":"ON","kind":"lake","level":8.542,"time":"2026-09-09T09:50:00Z","src":"eccc","class":"low","classBy":"level","p50":8.613}},{"type":"Feature","geometry":{"type":"Point","coordinates":[-80.53847,42.68561]},"properties":{"id":"02GC007","name":"Big Creek Near Walsingham","prov":"ON","kind":"river","level":4.128,"discharge":4.5,"time":"2026-09-09T09:35:00Z","src":"eccc","class":"high","classBy":"level","p50":3.938}},{"type":"Feature","geometry":{"type":"Point","coordinates":[-80.19872,44.50006]},"properties":{"id":"02ED031","name":"Pretty River At Collingwood","prov":"ON","kind":"river","level":1.875,"discharge":0.298,"time":"2026-09-09T10:10:00Z","src":"eccc","class":"normal","classBy":"level","p50":1.958}},{"type":"Feature","geometry":{"type":"Point","coordinates":[-79.44836,46.31178]},"properties":{"id":"02DD014","name":"Chippewa Creek At North Bay","prov":"ON","kind":"river","level":13.263,"discharge":0.463,"time":"2026-09-09T10:20:00Z","src":"eccc","class":"high","classBy":"level","p50":13.204}},{"type":"Feature","geometry":{"type":"Point","coordinates":[-77.74447,44.05981]},"properties":{"id":"02HD018","name":"Proctors Creek Near Brighton","prov":"ON","kind":"river","level":1.069,"discharge":0.057,"time":"2026-09-09T10:10:00Z","src":"eccc","class":"normal","classBy":"level","p50":1.079}},{"type":"Feature","geometry":{"type":"Point","coordinates":[-81.18283,43.04078]},"properties":{"id":"02GD003","name":"North Thames River Below Fanshawe Dam","prov":"ON","kind":"river","level":6.277,"discharge":5.36,"time":"2026-09-09T10:10:00Z","src":"eccc","class":"normal","classBy":"level","p50":6.261}},{"type":"Feature","geometry":{"type":"Point","coordinates":[-80.50989,42.83772]},"properties":{"id":"02GC006","name":"Big Creek Near Delhi","prov":"ON","kind":"river","level":4.957,"discharge":2.42,"time":"2026-09-09T10:20:00Z","src":"eccc","class":"normal","classBy":"level","p50":4.968}},{"type":"Feature","geometry":{"type":"Point","coordinates":[-83.03242,42.26408]},"properties":{"id":"02GH016","name":"Turkey Creek At South Windsor","prov":"ON","kind":"river","level":4.11,"discharge":0.08,"time":"2026-09-09T10:05:00Z","src":"eccc","class":"normal","classBy":"level","p50":4.062}},{"type":"Feature","geometry":{"type":"Point","coordinates":[-94.52447,49.77197]},"properties":{"id":"05PE011","name":"Lake Of The Woods Western Outlet Above Norman Dam And Powerhouse Site No.1","prov":"ON","kind":"lake","level":322.674,"time":"2026-09-09T10:12:00Z","src":"eccc","class":"high","classBy":"level","p50":322.557}},{"type":"Feature","geometry":{"type":"Point","coordinates":[-81.2505,43.85439]},"properties":{"id":"02FE007","name":"Little Maitland River At Bluevale","prov":"ON","kind":"river","level":6.642,"discharge":0.349,"time":"2026-09-09T09:45:00Z","src":"eccc","class":"normal","classBy":"level","p50":6.672}},{"type":"Feature","geometry":{"type":"Point","coordinates":[-83.41686,46.96842]},"properties":{"id":"02CB003","name":"Aubinadong River Above Sesabic Creek","prov":"ON","kind":"river","level":1.738,"discharge":3.54,"time":"2026-09-09T09:35:00Z","src":"eccc","class":"normal","classBy":"level","p50":1.793}},{"type":"Feature","geometry":{"type":"Point","coordinates":[-82.44381,48.25021]},"properties":{"id":"04LC003","name":"Ivanhoe River At Foleyet","prov":"ON","kind":"river","level":318.449,"discharge":3.79,"time":"2026-09-09T09:50:00Z","src":"eccc","class":"normal","classBy":"level","p50":318.533}},{"type":"Feature","geometry":{"type":"Point","coordinates":[-80.31575,43.35311]},"properties":{"id":"02GA003","name":"Grand River At Galt","prov":"ON","kind":"river","level":0.736,"discharge":17.5,"time":"2026-09-09T10:15:00Z","src":"eccc","class":"normal","classBy":"level","p50":0.74}},{"type":"Feature","geometry":{"type":"Point","coordinates":[-82.29842,42.81203]},"properties":{"id":"02GG009","name":"Bear Creek Below Brigden","prov":"ON","kind":"river","level":3.757,"discharge":0.581,"time":"2026-09-09T10:20:00Z","src":"eccc","class":"high","classBy":"level","p50":3.324}},{"type":"Feature","geometry":{"type":"Point","coordinates":[-81.05694,42.74608]},"properties":{"id":"02GC018","name":"Catfish Creek Near Sparta","prov":"ON","kind":"river","level":0.333,"discharge":0.51,"time":"2026-09-09T10:20:00Z","src":"eccc","class":"normal","classBy":"level","p50":0.332}},{"type":"Feature","geometry":{"type":"Point","coordinates":[-79.89028,44.11058]},"properties":{"id":"02ED101","name":"Nottawasaga River Near Alliston","prov":"ON","kind":"river","level":6.758,"discharge":1.94,"time":"2026-09-09T10:05:00Z","src":"eccc","class":"normal","classBy":"level","p50":6.712}},{"type":"Feature","geometry":{"type":"Point","coordinates":[-121.45424,49.38596]},"properties":{"id":"08MF005","name":"Fraser River At Hope","prov":"BC","kind":"river","level":4.093,"discharge":1770.0,"time":"2026-09-09T10:10:00Z","src":"eccc","class":"low","classBy":"level","p50":4.693}},{"type":"Feature","geometry":{"type":"Point","coordinates":[-125.61106,53.70778]},"properties":{"id":"08JA018","name":"Cheslatta Lake At West End","prov":"BC","kind":"lake","level":2.971,"time":"2026-09-09T10:15:00Z","src":"eccc","class":"normal","classBy":"level","p50":2.884}},{"type":"Feature","geometry":{"type":"Point","coordinates":[-119.23378,50.28122]},"properties":{"id":"08NM249","name":"B.X. Creek At B.X. Ranch Park","prov":"BC","kind":"river","level":4.856,"time":"2026-09-09T10:15:00Z","src":"eccc"}},{"type":"Feature","geometry":{"type":"Point","coordinates":[-119.65634,50.93759]},"properties":{"id":"08LD001","name":"Adams River Near Squilax","prov":"BC","kind":"river","discharge":46.6,"time":"2026-09-09T10:15:00Z","src":"eccc","class":"low","classBy":"discharge","p50":60.55}},{"type":"Feature","geometry":{"type":"Point","coordinates":[-125.58333,49.25083]},"properties":{"id":"08HB086","name":"Tofino Creek Near The Mouth","prov":"BC","kind":"river","level":1.255,"discharge":0.796,"time":"2026-09-09T10:10:00Z","src":"eccc","class":"normal","classBy":"level","p50":1.235}},{"type":"Feature","geometry":{"type":"Point","coordinates":[-126.62983,55.32253]},"properties":{"id":"08EC001","name":"Babine River At Babine","prov":"BC","kind":"river","level":0.834,"time":"2026-09-09T09:55:00Z","src":"eccc","class":"normal","classBy":"level","p50":0.879}},{"type":"Feature","geometry":{"type":"Point","coordinates":[-122.59643,49.13354]},"properties":{"id":"08MH090","name":"Salmon River At 72 Avenue, Langley","prov":"BC","kind":"river","level":1.59,"discharge":0.294,"time":"2026-09-09T09:50:00Z","src":"eccc","class":"normal","classBy":"level","p50":1.474}},{"type":"Feature","geometry":{"type":"Point","coordinates":[-120.96594,50.8839]},"properties":{"id":"08LF007","name":"Criss Creek Near Savona","prov":"BC","kind":"river","level":-0.421,"discharge":0.027,"time":"2026-09-09T10:05:00Z","src":"eccc","class":"very-low","classBy":"level","p50":0.522}},{"type":"Feature","geometry":{"type":"Point","coordinates":[-121.57233,52.61583]},"properties":{"id":"08KH001","name":"Quesnel River At Likely","prov":"BC","kind":"river","discharge":90.5,"time":"2026-09-09T09:55:00Z","src":"eccc","class":"low","classBy":"discharge","p50":110.0}},{"type":"Feature","geometry":{"type":"Point","coordinates":[-124.10572,48.57835]},"properties":{"id":"08HA068","name":"Garbage Creek Near The Mouth","prov":"BC","kind":"river","level":0.311,"discharge":0.013,"time":"2026-09-09T10:10:00Z","src":"eccc","class":"normal","classBy":"level","p50":0.307}},{"type":"Feature","geometry":{"type":"Point","coordinates":[-126.8434,50.01249]},"properties":{"id":"08HE006","name":"Zeballos River Near Zeballos","prov":"BC","kind":"river","level":1.691,"discharge":8.62,"time":"2026-09-09T10:05:00Z","src":"eccc","class":"normal","classBy":"level","p50":1.567}},{"type":"Feature","geometry":{"type":"Point","coordinates":[-119.05196,49.56537]},"properties":{"id":"08NN019","name":"Trapping Creek Near The Mouth","prov":"BC","kind":"river","level":0.664,"discharge":0.072,"time":"2026-09-09T10:00:00Z","src":"eccc","class":"low","classBy":"level","p50":0.705}},{"type":"Feature","geometry":{"type":"Point","coordinates":[-126.475,51.10278]},"properties":{"id":"08GF007","name":"Wakeman River Below Atwaykellesse River","prov":"BC","kind":"river","level":3.205,"discharge":26.2,"time":"2026-09-09T09:50:00Z","src":"eccc","class":"normal","classBy":"level","p50":3.032}},{"type":"Feature","geometry":{"type":"Point","coordinates":[-123.96903,49.17739]},"properties":{"id":"08HB032","name":"Millstone River At Nanaimo","prov":"BC","kind":"river","level":1.095,"discharge":0.01,"time":"2026-09-09T10:15:00Z","src":"eccc","class":"very-low","classBy":"level","p50":1.162}},{"type":"Feature","geometry":{"type":"Point","coordinates":[-118.94704,50.28432]},"properties":{"id":"08LC040","name":"Vance Creek Below Deafies Creek","prov":"BC","kind":"river","level":0.113,"discharge":0.026,"time":"2026-09-09T10:05:00Z","src":"eccc","class":"low","classBy":"level","p50":0.149}},{"type":"Feature","geometry":{"type":"Point","coordinates":[-123.1045,51.25397]},"properties":{"id":"08MB007","name":"Big Creek Below Graveyard Creek","prov":"BC","kind":"river","level":1.006,"discharge":4.9,"time":"2026-09-09T10:05:00Z","src":"eccc","class":"very-high","classBy":"level","p50":0.808}},{"type":"Feature","geometry":{"type":"Point","coordinates":[-123.00404,49.5203]},"properties":{"id":"08GA077","name":"Seymour River Below Orchid Creek","prov":"BC","kind":"river","level":1.693,"discharge":0.528,"time":"2026-09-09T10:15:00Z","src":"eccc","class":"normal","classBy":"level","p50":1.582}},{"type":"Feature","geometry":{"type":"Point","coordinates":[-124.29172,48.63675]},"properties":{"id":"08HA069","name":"Renfrew Creek Near Port Renfrew","prov":"BC","kind":"river","level":1.14,"discharge":0.094,"time":"2026-09-09T10:15:00Z","src":"eccc","class":"low","classBy":"level","p50":1.188}},{"type":"Feature","geometry":{"type":"Point","coordinates":[-123.1021,49.72595]},"properties":{"id":"08GA075","name":"Mamquam River Above Ring Creek","prov":"BC","kind":"river","level":1.301,"discharge":7.92,"time":"2026-09-09T10:05:00Z","src":"eccc","class":"low","classBy":"level","p50":1.598}},{"type":"Feature","geometry":{"type":"Point","coordinates":[-126.99038,53.66266]},"properties":{"id":"08JA029","name":"Whitesail Middle Creek Near Tahtsa Reach","prov":"BC","kind":"river","level":1.94,"discharge":0.055,"time":"2026-09-09T10:05:00Z","src":"eccc","class":"normal","classBy":"level","p50":1.957}},{"type":"Feature","geometry":{"type":"Point","coordinates":[-121.663,49.10172]},"properties":{"id":"08MH103","name":"Chilliwack River Above Slesse Creek","prov":"BC","kind":"river","level":0.414,"discharge":6.1,"time":"2026-09-09T10:05:00Z","src":"eccc","class":"very-low","classBy":"level","p50":0.676}},{"type":"Feature","geometry":{"type":"Point","coordinates":[-126.11141,49.70231]},"properties":{"id":"08HC001","name":"Gold River Below Ucona River","prov":"BC","kind":"river","level":0.789,"discharge":13.0,"time":"2026-09-09T10:15:00Z","src":"eccc","class":"normal","classBy":"level","p50":0.692}},{"type":"Feature","geometry":{"type":"Point","coordinates":[-124.05305,48.82591]},"properties":{"id":"08HA002","name":"Cowichan River At Lake Cowichan","prov":"BC","kind":"river","level":0.22,"discharge":5.06,"time":"2026-09-09T10:10:00Z","src":"eccc","class":"normal","classBy":"level","p50":0.291}},{"type":"Feature","geometry":{"type":"Point","coordinates":[-121.62756,55.54217]},"properties":{"id":"07FB003","name":"Sukunka River Near The Mouth","prov":"BC","kind":"river","level":2.08,"discharge":15.4,"time":"2026-09-09T10:15:00Z","src":"eccc","class":"high","classBy":"level","p50":1.964}},{"type":"Feature","geometry":{"type":"Point","coordinates":[-126.95472,53.9025]},"properties":{"id":"08JB008","name":"Nadina River At Outlet Of Nadina Lake","prov":"BC","kind":"river","level":1.032,"discharge":1.96,"time":"2026-09-09T09:50:00Z","src":"eccc","class":"high","classBy":"level","p50":0.97}},{"type":"Feature","geometry":{"type":"Point","coordinates":[-121.86287,49.95386]},"properties":{"id":"08MF065","name":"Nahatlatch River Below Tachewana Creek","prov":"BC","kind":"river","level":0.848,"discharge":11.5,"time":"2026-09-09T10:10:00Z","src":"eccc","class":"low","classBy":"level","p50":1.04}},{"type":"Feature","geometry":{"type":"Point","coordinates":[-120.90945,49.85645]},"properties":{"id":"08LG048","name":"Coldwater River Near Brookmere","prov":"BC","kind":"river","level":2.379,"discharge":0.645,"time":"2026-09-09T10:10:00Z","src":"eccc","class":"high","classBy":"level","p50":0.759}},{"type":"Feature","geometry":{"type":"Point","coordinates":[-121.03002,50.13618]},"properties":{"id":"08LG008","name":"Spius Creek Near Canford","prov":"BC","kind":"river","level":0.715,"discharge":0.55,"time":"2026-09-09T09:50:00Z","src":"eccc"}},{"type":"Feature","geometry":{"type":"Point","coordinates":[-122.89181,53.30642]},"properties":{"id":"08KG001","name":"West Road River Near Cinema","prov":"BC","kind":"river","level":-0.712,"discharge":11.0,"time":"2026-09-09T10:15:00Z","src":"eccc","class":"low","classBy":"level","p50":0.502}},{"type":"Feature","geometry":{"type":"Point","coordinates":[-124.99778,48.91556]},"properties":{"id":"08HB048","name":"Carnation Creek At The Mouth","prov":"BC","kind":"river","level":0.069,"discharge":0.06,"time":"2026-09-09T10:10:00Z","src":"eccc","class":"normal","classBy":"level","p50":0.073}},{"type":"Feature","geometry":{"type":"Point","coordinates":[-124.00865,54.02673]},"properties":{"id":"08JC001","name":"Nechako River At Vanderhoof","prov":"BC","kind":"river","level":1.791,"discharge":59.4,"time":"2026-09-09T10:00:00Z","src":"eccc","class":"normal","classBy":"level","p50":1.773}},{"type":"Feature","geometry":{"type":"Point","coordinates":[-129.08503,55.26225]},"properties":{"id":"08DB001","name":"Nass River Above Shumal Creek","prov":"BC","kind":"river","level":4.313,"discharge":649.0,"time":"2026-09-09T10:15:00Z","src":"eccc","class":"normal","classBy":"level","p50":3.816}},{"type":"Feature","geometry":{"type":"Point","coordinates":[-117.44597,49.69712]},"properties":{"id":"08NJ160","name":"Lemon Creek Above South Lemon Creek","prov":"BC","kind":"river","level":0.755,"discharge":1.42,"time":"2026-09-09T10:05:00Z","src":"eccc","class":"high","classBy":"level","p50":0.689}},{"type":"Feature","geometry":{"type":"Point","coordinates":[-119.57508,49.42642]},"properties":{"id":"08NM084","name":"Skaha Lake At Okanagan Falls","prov":"BC","kind":"lake","level":2.459,"time":"2026-09-09T10:05:00Z","src":"eccc","class":"normal","classBy":"level","p50":2.475}},{"type":"Feature","geometry":{"type":"Point","coordinates":[-127.17917,51.67917]},"properties":{"id":"08FA002","name":"Wannock River At Outlet Of Owikeno Lake","prov":"BC","kind":"river","discharge":297.0,"time":"2026-09-09T10:15:00Z","src":"eccc","class":"normal","classBy":"discharge","p50":350.5}},{"type":"Feature","geometry":{"type":"Point","coordinates":[-122.23931,50.91261]},"properties":{"id":"08ME025","name":"Yalakom River Above Ore Creek","prov":"BC","kind":"river","level":1.306,"discharge":5.33,"time":"2026-09-09T10:15:00Z","src":"eccc"}},{"type":"Feature","geometry":{"type":"Point","coordinates":[-121.16686,49.11869]},"properties":{"id":"08PA012","name":"Skagit River Above Klesilkwa River","prov":"BC","kind":"river","level":5.431,"discharge":0.912,"time":"2026-09-09T10:05:00Z","src":"eccc","class":"very-high","classBy":"level","p50":5.227}},{"type":"Feature","geometry":{"type":"Point","coordinates":[-125.74481,50.19728]},"properties":{"id":"08HD007","name":"Salmon River Above Memekay River","prov":"BC","kind":"river","level":0.384,"discharge":1.37,"time":"2026-09-09T10:05:00Z","src":"eccc","class":"normal","classBy":"level","p50":0.396}},{"type":"Feature","geometry":{"type":"Point","coordinates":[-124.91864,50.98636]},"properties":{"id":"08GD004","name":"Homathko River At The Mouth","prov":"BC","kind":"river","level":15.522,"discharge":443.0,"time":"2026-09-09T10:15:00Z","src":"eccc","class":"high","classBy":"level","p50":14.97}},{"type":"Feature","geometry":{"type":"Point","coordinates":[-127.43083,50.52389]},"properties":{"id":"08HE001","name":"Marble River At Outlet Of Alice Lake","prov":"BC","kind":"river","level":3.239,"discharge":22.6,"time":"2026-09-09T10:10:00Z","src":"eccc","class":"high","classBy":"discharge","p50":7.165}},{"type":"Feature","geometry":{"type":"Point","coordinates":[-118.31175,49.58914]},"properties":{"id":"08NN023","name":"Burrell Creek Above Gloucester Creek","prov":"BC","kind":"river","level":1.349,"discharge":0.113,"time":"2026-09-09T09:50:00Z","src":"eccc","class":"normal","classBy":"level","p50":1.359}},{"type":"Feature","geometry":{"type":"Point","coordinates":[-119.30194,52.11669]},"properties":{"id":"08LB038","name":"Blue River Near Blue River","prov":"BC","kind":"river","level":0.746,"discharge":2.79,"time":"2026-09-09T10:00:00Z","src":"eccc","class":"low","classBy":"level","p50":0.814}},{"type":"Feature","geometry":{"type":"Point","coordinates":[-124.90111,57.19111]},"properties":{"id":"07EA007","name":"Akie River Near The 760 M Contour","prov":"BC","kind":"river","level":7.544,"discharge":19.2,"time":"2026-09-09T10:00:00Z","src":"eccc","class":"normal","classBy":"level","p50":7.591}},{"type":"Feature","geometry":{"type":"Point","coordinates":[-118.08169,49.87205]},"properties":{"id":"08NE102","name":"Arrow Reservoir At Fauquier","prov":"BC","kind":"reservoir","level":435.354,"time":"2026-09-09T10:15:00Z","src":"eccc","class":"normal","classBy":"level","p50":436.067,"resName":"Arrow Lakes Reservoir (Hugh Keenleyside Dam)","resOperator":"BC Hydro","capacityKm3":8.76,"fslM":440.1,"fillPct":76.5,"estStorageKm3":6.7}},{"type":"Feature","geometry":{"type":"Point","coordinates":[-132.20972,53.61389]},"properties":{"id":"08OA002","name":"Yakoun River Near Port Clements","prov":"BC","kind":"river","level":0.89,"discharge":4.21,"time":"2026-09-09T10:05:00Z","src":"eccc","class":"normal","classBy":"level","p50":1.051}},{"type":"Feature","geometry":{"type":"Point","coordinates":[-127.16739,51.69218]},"properties":{"id":"08FA007","name":"Owikeno Lake At Rivers Inlet","prov":"BC","kind":"lake","level":2.32,"time":"2026-09-09T10:15:00Z","src":"eccc","class":"normal","classBy":"level","p50":2.421}},{"type":"Feature","geometry":{"type":"Point","coordinates":[-121.2035,55.55247]},"properties":{"id":"07FB002","name":"Murray River Near The Mouth","prov":"BC","kind":"river","level":7.534,"discharge":35.8,"time":"2026-09-09T10:10:00Z","src":"eccc","class":"normal","classBy":"level","p50":7.617}},{"type":"Feature","geometry":{"type":"Point","coordinates":[-127.68672,55.71708]},"properties":{"id":"08EB005","name":"Skeena River Above Babine River","prov":"BC","kind":"river","level":6.901,"discharge":224.0,"time":"2026-09-09T09:55:00Z","src":"eccc","class":"normal","classBy":"level","p50":7.024}},{"type":"Feature","geometry":{"type":"Point","coordinates":[-120.06605,51.65572]},"properties":{"id":"08LA001","name":"Clearwater River Near Clearwater Station","prov":"BC","kind":"river","level":2.655,"discharge":142.0,"time":"2026-09-09T10:05:00Z","src":"eccc","class":"normal","classBy":"level","p50":2.753}},{"type":"Feature","geometry":{"type":"Point","coordinates":[-112.35596,52.51738]},"properties":{"id":"05FC002","name":"Bigknife Creek Near Gadsby","prov":"AB","kind":"river","level":6.223,"discharge":0.0,"time":"2026-09-09T10:05:00Z","src":"eccc","class":"normal","classBy":"discharge","p50":0.0}},{"type":"Feature","geometry":{"type":"Point","coordinates":[-114.5675,51.12831]},"properties":{"id":"05BH015","name":"Jumpingpound Creek At Township Road No. 252","prov":"AB","kind":"river","level":2.484,"discharge":1.01,"time":"2026-09-09T09:55:00Z","src":"eccc","class":"normal","classBy":"level","p50":2.494}},{"type":"Feature","geometry":{"type":"Point","coordinates":[-114.93033,53.20706]},"properties":{"id":"05DE011","name":"North Saskatchewan River At Highway No. 22","prov":"AB","kind":"river","level":92.671,"time":"2026-09-09T10:05:00Z","src":"eccc","class":"normal","classBy":"level","p50":92.701}},{"type":"Feature","geometry":{"type":"Point","coordinates":[-113.24107,51.89591]},"properties":{"id":"05CE012","name":"Ghostpine Creek Near Huxley","prov":"AB","kind":"river","level":17.608,"discharge":0.087,"time":"2026-09-09T10:00:00Z","src":"eccc","class":"normal","classBy":"level","p50":17.549}},{"type":"Feature","geometry":{"type":"Point","coordinates":[-112.43694,59.11806]},"properties":{"id":"07KC001","name":"Peace River At Peace Point","prov":"AB","kind":"river","level":4.762,"discharge":1940.0,"time":"2026-09-09T10:10:00Z","src":"eccc","class":"high","classBy":"level","p50":4.165}},{"type":"Feature","geometry":{"type":"Point","coordinates":[-112.97827,51.46946]},"properties":{"id":"05CE002","name":"Kneehills Creek Near Drumheller","prov":"AB","kind":"river","level":1.88,"discharge":0.0,"time":"2026-09-09T10:10:00Z","src":"eccc","class":"normal","classBy":"level","p50":1.916}},{"type":"Feature","geometry":{"type":"Point","coordinates":[-111.695,57.21042]},"properties":{"id":"07DB001","name":"Mackay River Near Fort Mackay","prov":"AB","kind":"river","level":1.621,"discharge":3.67,"time":"2026-09-09T10:10:00Z","src":"eccc","class":"normal","classBy":"level","p50":1.529}},{"type":"Feature","geometry":{"type":"Point","coordinates":[-56.61519,49.36725]},"properties":{"id":"02YM004","name":"Indian Brook Diversion Above Birchy Lake","prov":"NL","kind":"river","level":3.884,"discharge":15.9,"time":"2026-09-09T10:10:00Z","src":"eccc","class":"very-high","classBy":"level","p50":3.496}},{"type":"Feature","geometry":{"type":"Point","coordinates":[-53.48558,46.70989]},"properties":{"id":"02ZN002","name":"St. Shotts River Near Trepassey","prov":"NL","kind":"river","level":0.763,"discharge":2.01,"time":"2026-09-09T10:15:00Z","src":"eccc","class":"very-high","classBy":"level","p50":0.55}},{"type":"Feature","geometry":{"type":"Point","coordinates":[-57.15942,49.81067]},"properties":{"id":"02YG001","name":"Main River At Paradise Pool","prov":"NL","kind":"river","level":0.915,"discharge":13.8,"time":"2026-09-09T10:05:00Z","src":"eccc","class":"normal","classBy":"level","p50":0.983}},{"type":"Feature","geometry":{"type":"Point","coordinates":[-55.52869,48.82667]},"properties":{"id":"02YO008","name":"Great Rattling Brook Above Tote River Confluence","prov":"NL","kind":"river","level":4.308,"discharge":109.0,"time":"2026-09-09T10:10:00Z","src":"eccc","class":"very-high","classBy":"level","p50":3.403}},{"type":"Feature","geometry":{"type":"Point","coordinates":[-57.49386,53.53428]},"properties":{"id":"03QC001","name":"Eagle River Above Falls","prov":"NL","kind":"river","level":1.171,"discharge":61.9,"time":"2026-09-09T09:50:00Z","src":"eccc","class":"very-low","classBy":"level","p50":2.165}},{"type":"Feature","geometry":{"type":"Point","coordinates":[-57.93311,48.62203]},"properties":{"id":"02YK002","name":"Lewaseechjeech Brook At Little Grand Lake","prov":"NL","kind":"river","level":1.188,"discharge":14.4,"time":"2026-09-09T10:10:00Z","src":"eccc","class":"normal","classBy":"level","p50":0.992}},{"type":"Feature","geometry":{"type":"Point","coordinates":[-56.58242,48.76008]},"properties":{"id":"02YO016","name":"Exploits River Near Millertown","prov":"NL","kind":"river","level":2.215,"discharge":97.7,"time":"2026-09-09T10:10:00Z","src":"eccc","class":"normal","classBy":"level","p50":2.392}},{"type":"Feature","geometry":{"type":"Point","coordinates":[-53.81011,47.41861]},"properties":{"id":"02ZK008","name":"Rattling Brook Below Plant Discharge","prov":"NL","kind":"river","level":72.541,"discharge":0.822,"time":"2026-09-09T09:55:00Z","src":"eccc","class":"normal","classBy":"level","p50":72.547}},{"type":"Feature","geometry":{"type":"Point","coordinates":[-58.10519,49.05831]},"properties":{"id":"02YL005","name":"Rattler Brook Near Mcivers","prov":"NL","kind":"river","level":0.536,"discharge":0.986,"time":"2026-09-09T10:20:00Z","src":"eccc","class":"high","classBy":"level","p50":0.28}},{"type":"Feature","geometry":{"type":"Point","coordinates":[-54.58606,48.60392]},"properties":{"id":"02YR004","name":"Triton Brook Above Gambo Pond","prov":"NL","kind":"river","level":1.685,"discharge":21.5,"time":"2026-09-09T10:15:00Z","src":"eccc","class":"very-high","classBy":"level","p50":0.987}},{"type":"Feature","geometry":{"type":"Point","coordinates":[-53.94867,47.91875]},"properties":{"id":"02ZH002","name":"Come By Chance River Near Goobies","prov":"NL","kind":"river","level":1.185,"discharge":5.05,"time":"2026-09-09T10:05:00Z","src":"eccc","class":"very-high","classBy":"level","p50":0.798}},{"type":"Feature","geometry":{"type":"Point","coordinates":[-57.76058,48.98286]},"properties":{"id":"02YL003","name":"Humber River At Humber Village Bridge","prov":"NL","kind":"river","level":2.139,"discharge":246.0,"time":"2026-09-09T10:05:00Z","src":"eccc","class":"normal","classBy":"level","p50":2.044}},{"type":"Feature","geometry":{"type":"Point","coordinates":[-53.30161,48.39592]},"properties":{"id":"02ZJ002","name":"Salmon Cove River Near Champneys","prov":"NL","kind":"river","level":1.676,"discharge":5.62,"time":"2026-09-09T09:50:00Z","src":"eccc","class":"very-high","classBy":"level","p50":1.195}},{"type":"Feature","geometry":{"type":"Point","coordinates":[-57.36025,49.24292]},"properties":{"id":"02YL001","name":"Upper Humber River Near Reidville","prov":"NL","kind":"river","level":1.526,"discharge":156.0,"time":"2026-09-09T10:05:00Z","src":"eccc","class":"high","classBy":"level","p50":0.956}},{"type":"Feature","geometry":{"type":"Point","coordinates":[-56.03183,48.98092]},"properties":{"id":"02YO019","name":"Badger Brook Below Foot Bridge","prov":"NL","kind":"river","level":97.259,"time":"2026-09-09T10:00:00Z","src":"eccc","class":"very-high","classBy":"level","p50":96.736}},{"type":"Feature","geometry":{"type":"Point","coordinates":[-57.73319,47.85608]},"properties":{"id":"02ZC002","name":"Grandy Brook Below Top Pond Brook","prov":"NL","kind":"river","level":1.79,"discharge":8.33,"time":"2026-09-09T10:05:00Z","src":"eccc","class":"normal","classBy":"level","p50":1.732}},{"type":"Feature","geometry":{"type":"Point","coordinates":[-63.28492,53.23956]},"properties":{"id":"03OD009","name":"Churchill River Below Metchin River","prov":"NL","kind":"river","level":111.982,"discharge":687.0,"time":"2026-09-09T10:05:00Z","src":"eccc","class":"very-low","classBy":"level","p50":112.728}},{"type":"Feature","geometry":{"type":"Point","coordinates":[-53.08211,48.04278]},"properties":{"id":"02ZL005","name":"Big Brook At Lead Cove","prov":"NL","kind":"river","level":3.267,"discharge":0.684,"time":"2026-09-09T10:05:00Z","src":"eccc","class":"very-high","classBy":"level","p50":3.134}},{"type":"Feature","geometry":{"type":"Point","coordinates":[-57.82814,48.23981]},"properties":{"id":"02YN002","name":"Lloyds River Below King George Iv Lake","prov":"NL","kind":"river","level":1.726,"discharge":20.6,"time":"2026-09-09T10:05:00Z","src":"eccc","class":"high","classBy":"level","p50":1.343}},{"type":"Feature","geometry":{"type":"Point","coordinates":[-56.93161,48.18122]},"properties":{"id":"02ZC004","name":"Granite Lake At East End","prov":"NL","kind":"lake","level":311.84,"time":"2026-09-09T10:15:00Z","src":"eccc","class":"normal","classBy":"level","p50":311.724}},{"type":"Feature","geometry":{"type":"Point","coordinates":[-54.20042,48.397]},"properties":{"id":"02YS006","name":"Northwest River At Terra Nova National Park","prov":"NL","kind":"river","level":1.541,"discharge":23.8,"time":"2026-09-09T10:10:00Z","src":"eccc","class":"high","classBy":"level","p50":0.666}},{"type":"Feature","geometry":{"type":"Point","coordinates":[-66.85922,52.96681]},"properties":{"id":"03OA014","name":"Wabush Lake At Dolomite Road","prov":"NL","kind":"lake","level":1.569,"time":"2026-09-09T10:05:00Z","src":"eccc","class":"normal","classBy":"level","p50":1.629}},{"type":"Feature","geometry":{"type":"Point","coordinates":[-57.2945,49.61825]},"properties":{"id":"02YL008","name":"Upper Humber River Above Black Brook","prov":"NL","kind":"river","level":1.195,"discharge":40.0,"time":"2026-09-09T10:15:00Z","src":"eccc","class":"high","classBy":"level","p50":0.913}},{"type":"Feature","geometry":{"type":"Point","coordinates":[-55.052,49.21608]},"properties":{"id":"02YO012","name":"Southwest Brook At Lewisporte","prov":"NL","kind":"river","level":0.874,"discharge":1.16,"time":"2026-09-09T09:50:00Z","src":"eccc","class":"high","classBy":"level","p50":0.728}},{"type":"Feature","geometry":{"type":"Point","coordinates":[-56.79358,48.19658]},"properties":{"id":"02ZD003","name":"R.R. Pond Near Granite Lake","prov":"NL","kind":"lake","level":274.382,"time":"2026-09-09T09:50:00Z","src":"eccc","class":"high","classBy":"level","p50":274.315}},{"type":"Feature","geometry":{"type":"Point","coordinates":[-66.78544,53.15167]},"properties":{"id":"03OA005","name":"Wabush Lake At Lake Outlet","prov":"NL","kind":"lake","level":2.967,"discharge":30.6,"time":"2026-09-09T10:05:00Z","src":"eccc","class":"normal","classBy":"level","p50":2.982}},{"type":"Feature","geometry":{"type":"Point","coordinates":[-66.92011,52.98611]},"properties":{"id":"03OA016","name":"Dumbell Stream Above Dumbell Lake","prov":"NL","kind":"lake","level":0.888,"discharge":0.034,"time":"2026-09-09T10:00:00Z","src":"eccc","class":"low","classBy":"level","p50":0.965}},{"type":"Feature","geometry":{"type":"Point","coordinates":[-54.22256,48.80739]},"properties":{"id":"02YR001","name":"Middle Brook Near Gambo","prov":"NL","kind":"river","level":2.933,"discharge":5.45,"time":"2026-09-09T10:20:00Z","src":"eccc","class":"high","classBy":"level","p50":2.604}},{"type":"Feature","geometry":{"type":"Point","coordinates":[-53.80733,47.41419]},"properties":{"id":"02ZK006","name":"Rattling Brook Below Bridge","prov":"NL","kind":"river","level":83.32,"discharge":0.883,"time":"2026-09-09T10:00:00Z","src":"eccc","class":"normal","classBy":"level","p50":83.28}},{"type":"Feature","geometry":{"type":"Point","coordinates":[-58.36264,48.57583]},"properties":{"id":"02YJ001","name":"Harrys River Below Highway Bridge","prov":"NL","kind":"river","level":1.359,"discharge":17.3,"time":"2026-09-09T09:50:00Z","src":"eccc","class":"normal","classBy":"level","p50":1.306}},{"type":"Feature","geometry":{"type":"Point","coordinates":[-60.18836,53.33483]},"properties":{"id":"03OE018","name":"Churchill River At End Of Mud Lake Road","prov":"NL","kind":"river","level":-0.383,"time":"2026-09-09T10:00:00Z","src":"eccc","class":"very-low","classBy":"level","p50":-0.074}},{"type":"Feature","geometry":{"type":"Point","coordinates":[-62.09256,56.30506]},"properties":{"id":"03NE011","name":"Reid Brook Below Tributary","prov":"NL","kind":"river","level":1.459,"discharge":1.49,"time":"2026-09-09T10:15:00Z","src":"eccc","class":"normal","classBy":"level","p50":1.474}},{"type":"Feature","geometry":{"type":"Point","coordinates":[-60.29258,53.29542]},"properties":{"id":"03OE016","name":"Churchill River At Happy Valley","prov":"NL","kind":"river","level":0.004,"time":"2026-09-09T10:00:00Z","src":"eccc"}},{"type":"Feature","geometry":{"type":"Point","coordinates":[-54.01525,48.66275]},"properties":{"id":"02YS005","name":"Terra Nova River At Glovertown","prov":"NL","kind":"river","level":5.582,"discharge":41.8,"time":"2026-09-09T09:40:00Z","src":"eccc","class":"high","classBy":"level","p50":5.082}},{"type":"Feature","geometry":{"type":"Point","coordinates":[-56.26967,48.84439]},"properties":{"id":"02YO011","name":"Exploits River Below Noel Pauls Brook","prov":"NL","kind":"river","level":6.245,"discharge":177.0,"time":"2026-09-09T10:15:00Z","src":"eccc","class":"high","classBy":"level","p50":6.103}},{"type":"Feature","geometry":{"type":"Point","coordinates":[-55.39669,49.10383]},"properties":{"id":"02YO006","name":"Peters River Near Botwood","prov":"NL","kind":"river","level":1.597,"discharge":19.9,"time":"2026-09-09T10:10:00Z","src":"eccc","class":"very-high","classBy":"level","p50":0.963}},{"type":"Feature","geometry":{"type":"Point","coordinates":[-53.67394,48.38067]},"properties":{"id":"02ZJ001","name":"Southern Bay River Near Southern Bay","prov":"NL","kind":"river","level":2.376,"discharge":2.91,"time":"2026-09-09T09:50:00Z","src":"eccc","class":"very-high","classBy":"level","p50":2.187}},{"type":"Feature","geometry":{"type":"Point","coordinates":[-54.85067,49.01628]},"properties":{"id":"02YQ001","name":"Gander River At Big Chute","prov":"NL","kind":"river","level":2.046,"discharge":93.3,"time":"2026-09-09T10:20:00Z","src":"eccc","class":"high","classBy":"level","p50":1.482}},{"type":"Feature","geometry":{"type":"Point","coordinates":[-57.31136,48.62731]},"properties":{"id":"02YN004","name":"Star Brook Above Star Lake","prov":"NL","kind":"river","level":1.642,"discharge":13.8,"time":"2026-09-09T10:15:00Z","src":"eccc","class":"high","classBy":"level","p50":1.349}},{"type":"Feature","geometry":{"type":"Point","coordinates":[-57.104,49.26667]},"properties":{"id":"02YK008","name":"Boot Brook At Trans-Canada Highway","prov":"NL","kind":"river","level":1.238,"discharge":1.71,"time":"2026-09-09T10:05:00Z","src":"eccc","class":"very-high","classBy":"level","p50":0.942}},{"type":"Feature","geometry":{"type":"Point","coordinates":[-60.14939,53.40217]},"properties":{"id":"03PD002","name":"Churchill River Outlet At Rabbit Island","prov":"NL","kind":"river","level":-0.422,"time":"2026-09-09T10:15:00Z","src":"eccc","class":"very-low","classBy":"level","p50":-0.182}},{"type":"Feature","geometry":{"type":"Point","coordinates":[-53.56861,47.22711]},"properties":{"id":"02ZK001","name":"Rocky River Near Colinet","prov":"NL","kind":"river","level":0.847,"discharge":9.09,"time":"2026-09-09T10:10:00Z","src":"eccc","class":"normal","classBy":"level","p50":0.752}},{"type":"Feature","geometry":{"type":"Point","coordinates":[-57.276,47.80097]},"properties":{"id":"02ZC003","name":"White Bear River Above Big Indian Brook","prov":"NL","kind":"river","level":1.984,"discharge":27.6,"time":"2026-09-09T10:15:00Z","src":"eccc","class":"normal","classBy":"level","p50":1.864}},{"type":"Feature","geometry":{"type":"Point","coordinates":[-57.85203,48.84886]},"properties":{"id":"02YL009","name":"Corner Brook Lake At Lake Outlet","prov":"NL","kind":"river","level":5.922,"time":"2026-09-09T10:15:00Z","src":"eccc","class":"very-high","classBy":"level","p50":4.188}},{"type":"Feature","geometry":{"type":"Point","coordinates":[-53.11722,47.35467]},"properties":{"id":"02ZM016","name":"Mahers River Near Holyrood","prov":"NL","kind":"river","level":1.529,"discharge":0.523,"time":"2026-09-09T10:05:00Z","src":"eccc","class":"normal","classBy":"level","p50":1.499}},{"type":"Feature","geometry":{"type":"Point","coordinates":[-52.83656,47.63464]},"properties":{"id":"02ZM006","name":"Northeast Pond River At Northeast Pond","prov":"NL","kind":"river","level":0.443,"discharge":0.181,"time":"2026-09-09T10:10:00Z","src":"eccc","class":"high","classBy":"level","p50":0.231}},{"type":"Feature","geometry":{"type":"Point","coordinates":[-56.03436,48.97494]},"properties":{"id":"02YO013","name":"Exploits River At Badger","prov":"NL","kind":"river","level":96.147,"discharge":198.0,"time":"2026-09-09T10:00:00Z","src":"eccc","class":"high","classBy":"level","p50":96.018}},{"type":"Feature","geometry":{"type":"Point","coordinates":[-55.44022,47.74683]},"properties":{"id":"02ZF001","name":"Bay Du Nord River At Big Falls","prov":"NL","kind":"river","level":1.474,"discharge":26.7,"time":"2026-09-09T10:10:00Z","src":"eccc","class":"high","classBy":"level","p50":1.265}},{"type":"Feature","geometry":{"type":"Point","coordinates":[-54.91689,49.01128]},"properties":{"id":"02YQ005","name":"Salmon River Near Glenwood","prov":"NL","kind":"river","level":1.172,"discharge":10.0,"time":"2026-09-09T10:05:00Z","src":"eccc","class":"very-high","classBy":"level","p50":0.734}},{"type":"Feature","geometry":{"type":"Point","coordinates":[-56.22214,49.89353]},"properties":{"id":"02YM003","name":"South West Brook Near Baie Verte","prov":"NL","kind":"river","level":1.33,"discharge":2.76,"time":"2026-09-09T10:10:00Z","src":"eccc","class":"high","classBy":"level","p50":1.158}},{"type":"Feature","geometry":{"type":"Point","coordinates":[-60.78211,53.24511]},"properties":{"id":"03OE001","name":"Churchill River Above Upper Muskrat Falls","prov":"NL","kind":"river","level":38.925,"time":"2026-09-09T10:05:00Z","src":"eccc","class":"normal","classBy":"level","p50":38.789}},{"type":"Feature","geometry":{"type":"Point","coordinates":[-55.48281,48.16875]},"properties":{"id":"02ZE004","name":"Conne River At Outlet Of Conne River Pond","prov":"NL","kind":"river","level":2.447,"discharge":9.01,"time":"2026-09-09T10:15:00Z","src":"eccc","class":"very-high","classBy":"level","p50":1.943}},{"type":"Feature","geometry":{"type":"Point","coordinates":[-66.95714,52.97931]},"properties":{"id":"03OA017","name":"Pumphouse Stream Above Drum Lake","prov":"NL","kind":"lake","level":750.861,"discharge":0.024,"time":"2026-09-09T10:00:00Z","src":"eccc","class":"normal","classBy":"level","p50":750.885}},{"type":"Feature","geometry":{"type":"Point","coordinates":[-66.83672,52.96336]},"properties":{"id":"03OA015","name":"Flora Creek Below Trans Labrador Highway","prov":"NL","kind":"river","level":1.2,"discharge":2.34,"time":"2026-09-09T10:05:00Z","src":"eccc","class":"normal","classBy":"level","p50":1.216}},{"type":"Feature","geometry":{"type":"Point","coordinates":[-55.77619,46.87781]},"properties":{"id":"02ZG003","name":"Salmonier River Near Lamaline","prov":"NL","kind":"river","level":1.096,"discharge":2.81,"time":"2026-09-09T10:05:00Z","src":"eccc","class":"normal","classBy":"level","p50":1.016}},{"type":"Feature","geometry":{"type":"Point","coordinates":[-53.97889,48.60772]},"properties":{"id":"02YS003","name":"Southwest Brook At Terra Nova National Park","prov":"NL","kind":"river","level":1.873,"discharge":3.18,"time":"2026-09-09T10:10:00Z","src":"eccc","class":"very-high","classBy":"level","p50":1.536}},{"type":"Feature","geometry":{"type":"Point","coordinates":[-61.55856,53.14739]},"properties":{"id":"03OE011","name":"Pinus River","prov":"NL","kind":"river","level":1.643,"discharge":8.66,"time":"2026-09-09T10:15:00Z","src":"eccc","class":"low","classBy":"level","p50":1.795}},{"type":"Feature","geometry":{"type":"Point","coordinates":[-58.08403,48.66856]},"properties":{"id":"02YK010","name":"Grand Lake East Of Grand Lake Brook","prov":"NL","kind":"reservoir","level":87.268,"time":"2026-09-09T10:15:00Z","src":"eccc","class":"very-high","classBy":"level","p50":86.021,"resName":"Grand Lake (Deer Lake Power)","resOperator":"Deer Lake Power (Kruger)","capacityKm3":5.4}},{"type":"Feature","geometry":{"type":"Point","coordinates":[-60.16739,53.30383]},"properties":{"id":"03OE017","name":"Mud Lake Outlet Tributary At Mud Lake","prov":"NL","kind":"lake","level":-0.096,"time":"2026-09-09T09:50:00Z","src":"eccc","class":"normal","classBy":"level","p50":-0.023}},{"type":"Feature","geometry":{"type":"Point","coordinates":[-56.934,47.74331]},"properties":{"id":"02ZD002","name":"Grey River Near Grey River","prov":"NL","kind":"river","level":2.744,"discharge":62.2,"time":"2026-09-09T10:15:00Z","src":"eccc","class":"high","classBy":"level","p50":2.385}},{"type":"Feature","geometry":{"type":"Point","coordinates":[-63.94542,53.50411]},"properties":{"id":"03OD010","name":"Churchill River Below Churchill Falls Tailrace","prov":"NL","kind":"river","level":122.778,"discharge":614.0,"time":"2026-09-09T10:00:00Z","src":"eccc","class":"very-low","classBy":"level","p50":123.898}},{"type":"Feature","geometry":{"type":"Point","coordinates":[-57.57753,50.16231]},"properties":{"id":"02YE001","name":"Greavett Brook Above Portland Creek Pond","prov":"NL","kind":"river","level":0.742,"discharge":3.83,"time":"2026-09-09T10:10:00Z","src":"eccc","class":"normal","classBy":"level","p50":0.796}},{"type":"Feature","geometry":{"type":"Point","coordinates":[-55.64125,51.44922]},"properties":{"id":"02YA002","name":"Bartletts River Near St. Anthony","prov":"NL","kind":"river","level":1.427,"discharge":0.095,"time":"2026-09-09T10:05:00Z","src":"eccc","class":"low","classBy":"level","p50":1.539}},{"type":"Feature","geometry":{"type":"Point","coordinates":[-52.69078,47.58894]},"properties":{"id":"02ZM018","name":"Virginia River At Pleasantville","prov":"NL","kind":"river","level":1.316,"discharge":0.492,"time":"2026-09-09T10:10:00Z","src":"eccc","class":"high","classBy":"level","p50":1.246}},{"type":"Feature","geometry":{"type":"Point","coordinates":[-53.79333,47.40194]},"properties":{"id":"02ZK007","name":"Rattling Brook Big Pond","prov":"NL","kind":"river","level":107.766,"time":"2026-09-09T10:00:00Z","src":"eccc","class":"normal","classBy":"level","p50":107.113}},{"type":"Feature","geometry":{"type":"Point","coordinates":[-114.32684,50.88547]},"properties":{"id":"05BK001","name":"Fish Creek Near Priddis","prov":"AB","kind":"river","level":2.289,"discharge":0.685,"time":"2026-09-09T10:00:00Z","src":"eccc","class":"high","classBy":"level","p50":2.206}},{"type":"Feature","geometry":{"type":"Point","coordinates":[-112.54589,49.00753]},"properties":{"id":"11AA025","name":"Milk River At Western Crossing Of International Boundary","prov":"AB","kind":"river","level":0.884,"discharge":2.79,"time":"2026-09-09T10:10:00Z","src":"eccc","class":"very-high","classBy":"level","p50":0.581}},{"type":"Feature","geometry":{"type":"Point","coordinates":[-111.4887,57.64338]},"properties":{"id":"07DA040","name":"Big Creek Near The Mouth","prov":"AB","kind":"river","level":98.485,"discharge":0.34,"time":"2026-09-09T10:00:00Z","src":"eccc","class":"normal","classBy":"level","p50":98.565}},{"type":"Feature","geometry":{"type":"Point","coordinates":[-112.72277,50.1712]},"properties":{"id":"05AC012","name":"Little Bow River Below Travers Dam","prov":"AB","kind":"river","level":8.0,"discharge":2.04,"time":"2026-09-09T10:15:00Z","src":"eccc","class":"normal","classBy":"level","p50":8.002}},{"type":"Feature","geometry":{"type":"Point","coordinates":[-111.36713,57.29319]},"properties":{"id":"07DA035","name":"Muskeg Creek Near The Mouth","prov":"AB","kind":"river","level":98.29,"time":"2026-09-09T10:00:00Z","src":"eccc","class":"very-low","classBy":"level","p50":303.433}},{"type":"Feature","geometry":{"type":"Point","coordinates":[-115.04193,53.89567]},"properties":{"id":"07BB004","name":"Paddle River Near Rochfort Bridge","prov":"AB","kind":"river","level":0.976,"discharge":1.34,"time":"2026-09-09T10:05:00Z","src":"eccc","class":"high","classBy":"level","p50":0.79}},{"type":"Feature","geometry":{"type":"Point","coordinates":[-111.6925,57.40311]},"properties":{"id":"07DA033","name":"Calumet River Near The Mouth","prov":"AB","kind":"river","level":96.423,"discharge":0.008,"time":"2026-09-09T09:55:00Z","src":"eccc","class":"normal","classBy":"level","p50":96.335}},{"type":"Feature","geometry":{"type":"Point","coordinates":[-113.69772,49.0996]},"properties":{"id":"05AD005","name":"Belly River Near Mountain View","prov":"AB","kind":"river","level":1.429,"discharge":9.78,"time":"2026-09-09T10:15:00Z","src":"eccc","class":"very-high","classBy":"level","p50":1.151}},{"type":"Feature","geometry":{"type":"Point","coordinates":[-110.18655,49.79457]},"properties":{"id":"05AH043","name":"East Mcalpine Creek Near Elkwater Lake","prov":"AB","kind":"river","level":1.146,"discharge":0.021,"time":"2026-09-09T10:10:00Z","src":"eccc","class":"very-high","classBy":"discharge","p50":0.0}},{"type":"Feature","geometry":{"type":"Point","coordinates":[-110.12849,49.71534]},"properties":{"id":"05AH056","name":"Mackay Creek Reservoir Near Elkwater","prov":"AB","kind":"river","level":1186.396,"time":"2026-09-09T10:00:00Z","src":"eccc","class":"normal","classBy":"level","p50":1186.221}},{"type":"Feature","geometry":{"type":"Point","coordinates":[-111.66543,50.14938]},"properties":{"id":"05BN002","name":"Twelve Mile Creek Near Cecil","prov":"AB","kind":"river","level":28.643,"discharge":2.53,"time":"2026-09-09T10:05:00Z","src":"eccc","class":"very-high","classBy":"level","p50":14.335}},{"type":"Feature","geometry":{"type":"Point","coordinates":[-115.79662,55.34664]},"properties":{"id":"07BH003","name":"Driftpile River Near Driftpile","prov":"AB","kind":"river","level":1.821,"discharge":8.97,"time":"2026-09-09T10:00:00Z","src":"eccc","class":"very-high","classBy":"level","p50":1.083}},{"type":"Feature","geometry":{"type":"Point","coordinates":[-111.57628,57.49572]},"properties":{"id":"07DA041","name":"Eymundson Creek Near The Mouth","prov":"AB","kind":"river","level":97.87,"discharge":0.27,"time":"2026-09-09T10:00:00Z","src":"eccc","class":"normal","classBy":"level","p50":97.853}},{"type":"Feature","geometry":{"type":"Point","coordinates":[-117.28072,59.40588]},"properties":{"id":"07OB006","name":"Lutose Creek Near Steen River","prov":"AB","kind":"river","level":0.944,"discharge":0.014,"time":"2026-09-09T10:05:00Z","src":"eccc","class":"high","classBy":"level","p50":0.5}},{"type":"Feature","geometry":{"type":"Point","coordinates":[-111.41142,52.40182]},"properties":{"id":"05FC008","name":"Battle River At Highway No. 872","prov":"AB","kind":"river","level":4.131,"discharge":2.99,"time":"2026-09-09T09:55:00Z","src":"eccc","class":"normal","classBy":"level","p50":3.977}},{"type":"Feature","geometry":{"type":"Point","coordinates":[-114.10332,52.31137]},"properties":{"id":"05CC003","name":"Sylvan Lake At Sylvan Lake","prov":"AB","kind":"lake","level":936.156,"time":"2026-09-09T10:15:00Z","src":"eccc","class":"very-low","classBy":"level","p50":936.698}},{"type":"Feature","geometry":{"type":"Point","coordinates":[-113.69531,53.62339]},"properties":{"id":"05EA011","name":"Carrot Creek Near The Mouth","prov":"AB","kind":"river","level":8.307,"discharge":0.421,"time":"2026-09-09T10:05:00Z","src":"eccc","class":"high","classBy":"level","p50":7.673}},{"type":"Feature","geometry":{"type":"Point","coordinates":[-110.09419,49.66114]},"properties":{"id":"11AB090","name":"Reesor Reservoir Near Elkwater","prov":"AB","kind":"lake","level":1226.393,"time":"2026-09-09T10:00:00Z","src":"eccc","class":"normal","classBy":"level","p50":1226.203}},{"type":"Feature","geometry":{"type":"Point","coordinates":[-110.33614,54.54471]},"properties":{"id":"06AC004","name":"Ethel Lake Near Cold Lake","prov":"AB","kind":"lake","level":541.36,"time":"2026-09-09T10:10:00Z","src":"eccc","class":"high","classBy":"level","p50":541.149}},{"type":"Feature","geometry":{"type":"Point","coordinates":[-114.05328,49.61204]},"properties":{"id":"05AA032","name":"Oldman Reservoir Near Pincher Creek","prov":"AB","kind":"lake","level":1112.673,"time":"2026-09-09T10:10:00Z","src":"eccc","class":"normal","classBy":"level","p50":1112.576}},{"type":"Feature","geometry":{"type":"Point","coordinates":[-117.26089,53.15746]},"properties":{"id":"07AF003","name":"Wampus Creek Near Hinton","prov":"AB","kind":"river","level":0.695,"discharge":0.246,"time":"2026-09-09T10:00:00Z","src":"eccc","class":"high","classBy":"level","p50":0.623}},{"type":"Feature","geometry":{"type":"Point","coordinates":[-113.28236,53.83276]},"properties":{"id":"05EA001","name":"Sturgeon River Near Fort Saskatchewan","prov":"AB","kind":"river","level":3.963,"discharge":6.0,"time":"2026-09-09T10:00:00Z","src":"eccc","class":"high","classBy":"level","p50":3.762}},{"type":"Feature","geometry":{"type":"Point","coordinates":[-114.66675,51.9246]},"properties":{"id":"05CA002","name":"James River Near Sundre","prov":"AB","kind":"river","level":3.804,"discharge":1.33,"time":"2026-09-09T10:10:00Z","src":"eccc","class":"very-high","classBy":"level","p50":0.488}},{"type":"Feature","geometry":{"type":"Point","coordinates":[-116.49264,55.44821]},"properties":{"id":"07BF002","name":"West Prairie River Near High Prairie","prov":"AB","kind":"river","level":2.718,"discharge":10.1,"time":"2026-09-09T09:55:00Z","src":"eccc","class":"high","classBy":"level","p50":2.54}},{"type":"Feature","geometry":{"type":"Point","coordinates":[-113.86936,50.58563]},"properties":{"id":"05BL004","name":"Highwood River Below Little Bow Canal","prov":"AB","kind":"river","level":1.214,"discharge":9.47,"time":"2026-09-09T10:05:00Z","src":"eccc","class":"high","classBy":"level","p50":1.124}},{"type":"Feature","geometry":{"type":"Point","coordinates":[-111.5151,58.31264]},"properties":{"id":"07DD001","name":"Athabasca River At Embarras Airport","prov":"AB","kind":"river","level":213.547,"discharge":716.0,"time":"2026-09-09T10:15:00Z","src":"eccc","class":"normal","classBy":"level","p50":213.251}},{"type":"Feature","geometry":{"type":"Point","coordinates":[-116.34016,55.4177]},"properties":{"id":"07BF001","name":"East Prairie River Near Enilda","prov":"AB","kind":"river","level":3.145,"time":"2026-09-09T10:10:00Z","src":"eccc","class":"very-high","classBy":"level","p50":2.277}},{"type":"Feature","geometry":{"type":"Point","coordinates":[-113.29652,49.19971]},"properties":{"id":"05AE002","name":"Lee Creek At Cardston","prov":"AB","kind":"river","level":1.511,"discharge":1.61,"time":"2026-09-09T10:15:00Z","src":"eccc","class":"high","classBy":"level","p50":1.379}},{"type":"Feature","geometry":{"type":"Point","coordinates":[-114.08649,49.72769]},"properties":{"id":"05AA035","name":"Oldman River At Range Road No. 13A","prov":"AB","kind":"river","level":6.002,"discharge":10.4,"time":"2026-09-09T10:10:00Z","src":"eccc","class":"high","classBy":"level","p50":5.857}},{"type":"Feature","geometry":{"type":"Point","coordinates":[-118.96312,54.51569]},"properties":{"id":"07GB001","name":"Cutbank River Near Grande Prairie","prov":"AB","kind":"river","level":1.154,"discharge":6.09,"time":"2026-09-09T10:00:00Z","src":"eccc","class":"high","classBy":"level","p50":0.955}},{"type":"Feature","geometry":{"type":"Point","coordinates":[-111.06004,50.9583]},"properties":{"id":"05CK001","name":"Blood Indian Creek Near The Mouth","prov":"AB","kind":"river","level":0.855,"discharge":0.042,"time":"2026-09-09T10:05:00Z","src":"eccc","class":"very-high","classBy":"level","p50":0.658}},{"type":"Feature","geometry":{"type":"Point","coordinates":[-111.59092,50.04728]},"properties":{"id":"05BN012","name":"Bow River Near The Mouth","prov":"AB","kind":"river","level":5.601,"discharge":106.0,"time":"2026-09-09T09:50:00Z","src":"eccc","class":"normal","classBy":"level","p50":5.351}},{"type":"Feature","geometry":{"type":"Point","coordinates":[-114.2073,50.47409]},"properties":{"id":"05BL023","name":"Pekisko Creek Near Longview","prov":"AB","kind":"river","level":0.68,"discharge":0.481,"time":"2026-09-09T10:00:00Z","src":"eccc","class":"high","classBy":"level","p50":0.612}},{"type":"Feature","geometry":{"type":"Point","coordinates":[-110.12886,49.80078]},"properties":{"id":"05AH054","name":"Cypress View Reservoir Near Elkwater","prov":"AB","kind":"lake","level":979.26,"time":"2026-09-09T10:00:00Z","src":"eccc","class":"high","classBy":"level","p50":978.58}},{"type":"Feature","geometry":{"type":"Point","coordinates":[-112.01435,54.47454]},"properties":{"id":"06AA002","name":"Amisk River At Highway No. 36","prov":"AB","kind":"river","level":1.093,"discharge":3.6,"time":"2026-09-09T10:00:00Z","src":"eccc","class":"high","classBy":"level","p50":0.981}},{"type":"Feature","geometry":{"type":"Point","coordinates":[-111.76747,50.98086]},"properties":{"id":"05CH013","name":"Forster Reservoir Near Cessford","prov":"AB","kind":"lake","level":705.453,"time":"2026-09-09T10:10:00Z","src":"eccc","class":"very-high","classBy":"level","p50":704.613}},{"type":"Feature","geometry":{"type":"Point","coordinates":[-113.27995,52.95916]},"properties":{"id":"05FA024","name":"Weiller Creek Near Wetaskiwin","prov":"AB","kind":"river","level":1.623,"discharge":0.035,"time":"2026-09-09T10:05:00Z","src":"eccc","class":"very-high","classBy":"level","p50":0.649}},{"type":"Feature","geometry":{"type":"Point","coordinates":[-114.77535,55.27079]},"properties":{"id":"07BK009","name":"Sawridge Creek Near Slave Lake","prov":"AB","kind":"river","level":1.506,"discharge":0.213,"time":"2026-09-09T10:05:00Z","src":"eccc","class":"normal","classBy":"level","p50":1.583}},{"type":"Feature","geometry":{"type":"Point","coordinates":[-114.50072,50.40506]},"properties":{"id":"05BL019","name":"Highwood River At Diebel'S Ranch","prov":"AB","kind":"river","level":0.925,"discharge":5.69,"time":"2026-09-09T10:05:00Z","src":"eccc","class":"high","classBy":"level","p50":0.848}},{"type":"Feature","geometry":{"type":"Point","coordinates":[-110.18288,49.67929]},"properties":{"id":"05AH058","name":"Spruce Coulee Reservoir Near Elkwater","prov":"AB","kind":"lake","level":1304.763,"time":"2026-09-09T10:00:00Z","src":"eccc","class":"high","classBy":"level","p50":1304.658}},{"type":"Feature","geometry":{"type":"Point","coordinates":[-114.23925,55.15754]},"properties":{"id":"07BK005","name":"Saulteaux River Near Spurfield","prov":"AB","kind":"river","level":1.544,"discharge":5.94,"time":"2026-09-09T10:05:00Z","src":"eccc","class":"high","classBy":"level","p50":1.069}},{"type":"Feature","geometry":{"type":"Point","coordinates":[-111.17503,57.24964]},"properties":{"id":"07DA027","name":"Iyinimin Creek Above Kearl Lake","prov":"AB","kind":"river","level":359.197,"discharge":0.064,"time":"2026-09-09T09:55:00Z","src":"eccc","class":"high","classBy":"level","p50":359.066}},{"type":"Feature","geometry":{"type":"Point","coordinates":[-114.14123,51.19012]},"properties":{"id":"05BH016","name":"West Nose Creek At Calgary","prov":"AB","kind":"river","level":5.378,"discharge":0.135,"time":"2026-09-09T10:05:00Z","src":"eccc","class":"normal","classBy":"level","p50":5.409}},{"type":"Feature","geometry":{"type":"Point","coordinates":[-110.50711,49.88778]},"properties":{"id":"05AH037","name":"Gros Ventre Creek Near Dunmore","prov":"AB","kind":"river","level":0.569,"discharge":0.0,"time":"2026-09-09T09:55:00Z","src":"eccc","class":"normal","classBy":"discharge","p50":0.0}},{"type":"Feature","geometry":{"type":"Point","coordinates":[-116.59832,55.68325]},"properties":{"id":"07BF008","name":"South Heart Reservoir Near Mclennan","prov":"AB","kind":"lake","level":626.052,"time":"2026-09-09T10:15:00Z","src":"eccc","class":"very-high","classBy":"level","p50":625.494}},{"type":"Feature","geometry":{"type":"Point","coordinates":[-111.7301,52.25919]},"properties":{"id":"05FC007","name":"Young Creek Near Castor","prov":"AB","kind":"river","level":0.694,"time":"2026-09-09T10:05:00Z","src":"eccc","class":"very-high","classBy":"level","p50":0.478}},{"type":"Feature","geometry":{"type":"Point","coordinates":[-112.77753,54.82037]},"properties":{"id":"07CA005","name":"Pine Creek Near Grassland","prov":"AB","kind":"river","level":1.088,"discharge":1.59,"time":"2026-09-09T10:00:00Z","src":"eccc","class":"normal","classBy":"level","p50":1.231}},{"type":"Feature","geometry":{"type":"Point","coordinates":[-110.90128,55.57192]},"properties":{"id":"07CE010","name":"Sunday Creek Above Christina Lake","prov":"AB","kind":"river","level":97.864,"discharge":1.18,"time":"2026-09-09T10:05:00Z","src":"eccc","class":"normal","classBy":"level","p50":97.867}},{"type":"Feature","geometry":{"type":"Point","coordinates":[-114.86111,53.59169]},"properties":{"id":"05EA010","name":"Sturgeon River Near Magnolia Bridge","prov":"AB","kind":"river","level":0.714,"discharge":0.458,"time":"2026-09-09T10:05:00Z","src":"eccc","class":"high","classBy":"level","p50":0.368}},{"type":"Feature","geometry":{"type":"Point","coordinates":[-111.49633,51.41616]},"properties":{"id":"05CH008","name":"Berry Creek Near Rose Lynn","prov":"AB","kind":"river","level":0.615,"discharge":0.0,"time":"2026-09-09T10:05:00Z","src":"eccc","class":"low","classBy":"level","p50":0.902}},{"type":"Feature","geometry":{"type":"Point","coordinates":[-114.76311,53.40585]},"properties":{"id":"05DE009","name":"Tomahawk Creek Near Tomahawk","prov":"AB","kind":"river","level":1.277,"discharge":0.291,"time":"2026-09-09T10:05:00Z","src":"eccc","class":"normal","classBy":"level","p50":1.101}},{"type":"Feature","geometry":{"type":"Point","coordinates":[-115.01102,52.92991]},"properties":{"id":"05DE007","name":"Rose Creek Near Alder Flats","prov":"AB","kind":"river","level":1.363,"discharge":0.29,"time":"2026-09-09T09:55:00Z","src":"eccc","class":"normal","classBy":"level","p50":1.351}},{"type":"Feature","geometry":{"type":"Point","coordinates":[-114.0932,51.01279]},"properties":{"id":"05BJ001","name":"Elbow River Below Glenmore Dam","prov":"AB","kind":"river","level":0.711,"discharge":5.29,"time":"2026-09-09T10:05:00Z","src":"eccc","class":"normal","classBy":"level","p50":0.623}},{"type":"Feature","geometry":{"type":"Point","coordinates":[-114.05207,53.31149]},"properties":{"id":"05DF004","name":"Strawberry Creek Near The Mouth","prov":"AB","kind":"river","level":0.275,"discharge":0.234,"time":"2026-09-09T10:00:00Z","src":"eccc","class":"normal","classBy":"level","p50":0.444}},{"type":"Feature","geometry":{"type":"Point","coordinates":[-119.1341,56.45259]},"properties":{"id":"07FD013","name":"Eureka River Near Worsley","prov":"AB","kind":"river","level":1.635,"discharge":0.314,"time":"2026-09-09T10:05:00Z","src":"eccc","class":"high","classBy":"level","p50":1.42}},{"type":"Feature","geometry":{"type":"Point","coordinates":[-113.62909,52.78509]},"properties":{"id":"05FA014","name":"Maskwa Creek No. 1 Above Bearhills Lake","prov":"AB","kind":"river","level":1.095,"discharge":0.0,"time":"2026-09-09T10:05:00Z","src":"eccc","class":"normal","classBy":"level","p50":0.697}},{"type":"Feature","geometry":{"type":"Point","coordinates":[-117.72131,54.43046]},"properties":{"id":"07GF008","name":"Deep Valley Creek Near Valleyview","prov":"AB","kind":"river","level":5.047,"discharge":10.6,"time":"2026-09-09T09:55:00Z","src":"eccc","class":"high","classBy":"level","p50":4.89}},{"type":"Feature","geometry":{"type":"Point","coordinates":[-115.84233,54.03253]},"properties":{"id":"07AG008","name":"Groat Creek Near Whitecourt","prov":"AB","kind":"river","level":0.333,"discharge":0.345,"time":"2026-09-09T10:10:00Z","src":"eccc","class":"normal","classBy":"level","p50":0.382}},{"type":"Feature","geometry":{"type":"Point","coordinates":[-114.58871,50.28526]},"properties":{"id":"05BL022","name":"Cataract Creek Near Forestry Road","prov":"AB","kind":"river","level":1.048,"discharge":1.1,"time":"2026-09-09T10:10:00Z","src":"eccc","class":"low","classBy":"level","p50":1.162}},{"type":"Feature","geometry":{"type":"Point","coordinates":[-111.7247,55.17239]},"properties":{"id":"07CA012","name":"Logan River Near The Mouth","prov":"AB","kind":"river","level":6.808,"discharge":1.28,"time":"2026-09-09T10:05:00Z","src":"eccc","class":"high","classBy":"level","p50":6.751}},{"type":"Feature","geometry":{"type":"Point","coordinates":[-115.02364,53.94799]},"properties":{"id":"07BB005","name":"Little Paddle River Near Mayerthorpe","prov":"AB","kind":"river","level":1.864,"discharge":0.106,"time":"2026-09-09T09:50:00Z","src":"eccc","class":"normal","classBy":"level","p50":1.606}},{"type":"Feature","geometry":{"type":"Point","coordinates":[-113.88531,53.59006]},"properties":{"id":"05EA012","name":"Atim Creek At Century Road","prov":"AB","kind":"river","level":8.598,"discharge":0.178,"time":"2026-09-09T10:05:00Z","src":"eccc","class":"normal","classBy":"level","p50":8.607}},{"type":"Feature","geometry":{"type":"Point","coordinates":[-114.94132,52.3767]},"properties":{"id":"05DC001","name":"North Saskatchewan River Near Rocky Mountain House","prov":"AB","kind":"river","level":1.762,"discharge":102.0,"time":"2026-09-09T10:10:00Z","src":"eccc","class":"very-low","classBy":"level","p50":1.896}},{"type":"Feature","geometry":{"type":"Point","coordinates":[-110.4736,51.56666]},"properties":{"id":"05GA008","name":"Sounding Creek Near Oyen","prov":"AB","kind":"river","level":0.563,"discharge":0.0006,"time":"2026-09-09T10:00:00Z","src":"eccc","class":"high","classBy":"level","p50":0.476}},{"type":"Feature","geometry":{"type":"Point","coordinates":[-118.24116,53.67866]},"properties":{"id":"07AC008","name":"Little Berland River At Highway No. 40","prov":"AB","kind":"river","level":0.72,"discharge":2.29,"time":"2026-09-09T10:05:00Z","src":"eccc","class":"very-high","classBy":"level","p50":0.585}},{"type":"Feature","geometry":{"type":"Point","coordinates":[-110.57635,51.96955]},"properties":{"id":"05GA003","name":"Monitor Creek Near Monitor","prov":"AB","kind":"river","level":0.375,"discharge":0.0,"time":"2026-09-09T09:45:00Z","src":"eccc","class":"high","classBy":"level","p50":0.155}},{"type":"Feature","geometry":{"type":"Point","coordinates":[-114.1355,53.67213]},"properties":{"id":"05EA013","name":"Kilini Creek At Twp Road No 543","prov":"AB","kind":"river","level":8.653,"discharge":0.12,"time":"2026-09-09T10:05:00Z","src":"eccc","class":"low","classBy":"level","p50":9.579}},{"type":"Feature","geometry":{"type":"Point","coordinates":[-114.41064,49.59732]},"properties":{"id":"05AA008","name":"Crowsnest River At Frank","prov":"AB","kind":"river","level":1.476,"discharge":5.08,"time":"2026-09-09T10:00:00Z","src":"eccc","class":"very-high","classBy":"level","p50":1.329}},{"type":"Feature","geometry":{"type":"Point","coordinates":[-114.35117,50.24177]},"properties":{"id":"05AB040","name":"Willow Creek At Secondary No. 532","prov":"AB","kind":"river","level":1.282,"discharge":0.22,"time":"2026-09-09T10:00:00Z","src":"eccc","class":"low","classBy":"level","p50":1.307}},{"type":"Feature","geometry":{"type":"Point","coordinates":[-111.5662,56.94532]},"properties":{"id":"07DA018","name":"Beaver River Above Syncrude","prov":"AB","kind":"river","level":2.878,"discharge":0.067,"time":"2026-09-09T09:55:00Z","src":"eccc","class":"high","classBy":"level","p50":2.587}},{"type":"Feature","geometry":{"type":"Point","coordinates":[-119.38406,55.40016]},"properties":{"id":"07GE007","name":"Bear River Near Valhalla Centre","prov":"AB","kind":"river","level":1.981,"discharge":0.0,"time":"2026-09-09T09:50:00Z","src":"eccc","class":"normal","classBy":"level","p50":2.321}},{"type":"Feature","geometry":{"type":"Point","coordinates":[-113.68416,49.32023]},"properties":{"id":"05AD026","name":"Waterton Reservoir","prov":"AB","kind":"lake","level":1178.99,"time":"2026-09-09T10:00:00Z","src":"eccc","class":"normal","classBy":"level","p50":1179.849}},{"type":"Feature","geometry":{"type":"Point","coordinates":[-111.75814,49.11104]},"properties":{"id":"11AA038","name":"Verdigris Coulee Near The Mouth","prov":"AB","kind":"river","level":1.105,"discharge":0.181,"time":"2026-09-09T10:15:00Z","src":"eccc","class":"high","classBy":"discharge","p50":0.0}},{"type":"Feature","geometry":{"type":"Point","coordinates":[-114.16517,50.43056]},"properties":{"id":"05BL007","name":"Stimson Creek Near Pekisko","prov":"AB","kind":"river","level":1.613,"discharge":0.599,"time":"2026-09-09T10:05:00Z","src":"eccc","class":"very-high","classBy":"level","p50":0.981}},{"type":"Feature","geometry":{"type":"Point","coordinates":[-118.81636,53.9262]},"properties":{"id":"07GA002","name":"Muskeg River Near Grande Cache","prov":"AB","kind":"river","level":3.456,"discharge":13.0,"time":"2026-09-09T10:10:00Z","src":"eccc","class":"high","classBy":"level","p50":3.278}},{"type":"Feature","geometry":{"type":"Point","coordinates":[-113.55455,53.48302]},"properties":{"id":"05DF009","name":"Whitemud Creek At Edmonton","prov":"AB","kind":"river","level":5.409,"discharge":0.595,"time":"2026-09-09T10:10:00Z","src":"eccc","class":"high","classBy":"level","p50":5.301}},{"type":"Feature","geometry":{"type":"Point","coordinates":[-113.82272,49.55781]},"properties":{"id":"05AA024","name":"Oldman River Near Brocket","prov":"AB","kind":"river","level":1.417,"discharge":30.1,"time":"2026-09-09T10:05:00Z","src":"eccc","class":"high","classBy":"level","p50":1.238}},{"type":"Feature","geometry":{"type":"Point","coordinates":[-113.82267,50.7825]},"properties":{"id":"05BL024","name":"Highwood River Near The Mouth","prov":"AB","kind":"river","level":2.331,"discharge":9.72,"time":"2026-09-09T10:10:00Z","src":"eccc","class":"high","classBy":"level","p50":2.24}},{"type":"Feature","geometry":{"type":"Point","coordinates":[-113.11456,49.36305]},"properties":{"id":"05AE025","name":"St. Mary Reservoir Near Spring Coulee","prov":"AB","kind":"lake","level":1098.811,"time":"2026-09-09T10:00:00Z","src":"eccc","class":"normal","classBy":"level","p50":1098.723}},{"type":"Feature","geometry":{"type":"Point","coordinates":[-112.0817,49.1436]},"properties":{"id":"11AA005","name":"Milk River At Milk River","prov":"AB","kind":"river","level":0.913,"discharge":20.5,"time":"2026-09-09T10:15:00Z","src":"eccc","class":"very-high","classBy":"level","p50":0.375}},{"type":"Feature","geometry":{"type":"Point","coordinates":[-117.15216,54.74518]},"properties":{"id":"07GG003","name":"Iosegun River Near Little Smoky","prov":"AB","kind":"river","level":1.143,"discharge":15.0,"time":"2026-09-09T09:50:00Z","src":"eccc","class":"high","classBy":"level","p50":0.823}},{"type":"Feature","geometry":{"type":"Point","coordinates":[-114.05544,52.6108]},"properties":{"id":"05CC006","name":"Gull Lake At Rv Heaven Marina","prov":"AB","kind":"lake","level":898.058,"time":"2026-09-09T10:05:00Z","src":"eccc","class":"very-low","classBy":"level","p50":898.877}},{"type":"Feature","geometry":{"type":"Point","coordinates":[-111.3563,56.70893]},"properties":{"id":"07CD004","name":"Hangingstone River At Fort Mcmurray","prov":"AB","kind":"river","level":1.995,"discharge":0.534,"time":"2026-09-09T10:05:00Z","src":"eccc","class":"low","classBy":"level","p50":2.13}},{"type":"Feature","geometry":{"type":"Point","coordinates":[-112.76438,49.83062]},"properties":{"id":"05AD037","name":"Piyami Drain Near Picture Butte","prov":"AB","kind":"river","level":0.734,"discharge":1.09,"time":"2026-09-09T10:05:00Z","src":"eccc","class":"very-high","classBy":"level","p50":0.536}},{"type":"Feature","geometry":{"type":"Point","coordinates":[-112.71699,51.47153]},"properties":{"id":"05CE020","name":"Michichi Creek At Drumheller","prov":"AB","kind":"river","level":1.947,"discharge":0.019,"time":"2026-09-09T09:55:00Z","src":"eccc","class":"normal","classBy":"level","p50":1.917}},{"type":"Feature","geometry":{"type":"Point","coordinates":[-114.23128,55.25551]},"properties":{"id":"07BK007","name":"Driftwood River Near The Mouth","prov":"AB","kind":"river","level":0.969,"discharge":3.56,"time":"2026-09-09T10:00:00Z","src":"eccc","class":"normal","classBy":"level","p50":0.812}},{"type":"Feature","geometry":{"type":"Point","coordinates":[-112.97293,49.02196]},"properties":{"id":"11AA001","name":"North Milk River Near International Boundary","prov":"AB","kind":"river","level":0.951,"discharge":17.1,"time":"2026-09-09T10:00:00Z","src":"eccc","class":"very-high","classBy":"level","p50":0.41}},{"type":"Feature","geometry":{"type":"Point","coordinates":[-113.57692,49.68706]},"properties":{"id":"05AB019","name":"Lethbridge Northern Irrigation District Canal Above Oldman Flume","prov":"AB","kind":"river","level":0.558,"discharge":5.12,"time":"2026-09-09T10:15:00Z","src":"eccc","class":"low","classBy":"level","p50":0.799}},{"type":"Feature","geometry":{"type":"Point","coordinates":[-117.31433,56.24494]},"properties":{"id":"07HA001","name":"Peace River At Peace River","prov":"AB","kind":"river","level":7.27,"discharge":2150.0,"time":"2026-09-09T10:00:00Z","src":"eccc","class":"very-high","classBy":"level","p50":6.644}},{"type":"Feature","geometry":{"type":"Point","coordinates":[-117.55896,55.11841]},"properties":{"id":"07GH003","name":"Sturgeon Lake Near Valleyview","prov":"AB","kind":"lake","level":676.955,"time":"2026-09-09T10:05:00Z","src":"eccc","class":"high","classBy":"level","p50":676.783}},{"type":"Feature","geometry":{"type":"Point","coordinates":[-118.55404,54.42152]},"properties":{"id":"07GB003","name":"Kakwa River At Highway No. 40","prov":"AB","kind":"river","level":1.475,"discharge":31.4,"time":"2026-09-09T09:55:00Z","src":"eccc","class":"normal","classBy":"level","p50":1.383}},{"type":"Feature","geometry":{"type":"Point","coordinates":[-115.36388,53.85935]},"properties":{"id":"07BB011","name":"Paddle River Near Anselmo","prov":"AB","kind":"river","level":0.71,"discharge":0.451,"time":"2026-09-09T09:50:00Z","src":"eccc","class":"high","classBy":"level","p50":0.576}},{"type":"Feature","geometry":{"type":"Point","coordinates":[-116.38972,55.81917]},"properties":{"id":"07BF010","name":"South Heart River Near Peavine","prov":"AB","kind":"river","level":4.788,"discharge":5.51,"time":"2026-09-09T10:10:00Z","src":"eccc","class":"very-high","classBy":"level","p50":4.027}},{"type":"Feature","geometry":{"type":"Point","coordinates":[-117.25957,55.6293]},"properties":{"id":"07GH004","name":"Peavine Creek Near Falher","prov":"AB","kind":"river","level":3.7,"discharge":0.055,"time":"2026-09-09T10:05:00Z","src":"eccc","class":"very-high","classBy":"level","p50":2.974}},{"type":"Feature","geometry":{"type":"Point","coordinates":[-116.25622,58.46433]},"properties":{"id":"07JF003","name":"Ponton River Above Boyer River","prov":"AB","kind":"river","level":2.36,"discharge":23.1,"time":"2026-09-09T10:10:00Z","src":"eccc","class":"high","classBy":"level","p50":1.785}},{"type":"Feature","geometry":{"type":"Point","coordinates":[-110.8691,55.83711]},"properties":{"id":"07CE002","name":"Christina River Near Chard","prov":"AB","kind":"river","level":5.478,"discharge":12.8,"time":"2026-09-09T09:55:00Z","src":"eccc","class":"high","classBy":"level","p50":5.205}},{"type":"Feature","geometry":{"type":"Point","coordinates":[-112.13808,52.38555]},"properties":{"id":"05FC004","name":"Paintearth Creek Near Halkirk","prov":"AB","kind":"river","level":1.277,"discharge":0.0003,"time":"2026-09-09T10:05:00Z","src":"eccc","class":"normal","classBy":"level","p50":1.257}},{"type":"Feature","geometry":{"type":"Point","coordinates":[-111.6908,57.32152]},"properties":{"id":"07DA045","name":"Tar River Near The Mouth","prov":"AB","kind":"river","level":97.572,"discharge":0.063,"time":"2026-09-09T09:55:00Z","src":"eccc","class":"low","classBy":"level","p50":97.776}},{"type":"Feature","geometry":{"type":"Point","coordinates":[-110.28902,49.66198]},"properties":{"id":"05AH025","name":"Elkwater Lake At Elkwater","prov":"AB","kind":"lake","level":1226.361,"time":"2026-09-09T10:05:00Z","src":"eccc","class":"high","classBy":"level","p50":1226.171}},{"type":"Feature","geometry":{"type":"Point","coordinates":[-111.59156,59.86346]},"properties":{"id":"07NB001","name":"Slave River At Fitzgerald","prov":"AB","kind":"river","level":3.763,"discharge":4180.0,"time":"2026-09-09T10:15:00Z","src":"eccc","class":"high","classBy":"level","p50":3.415}},{"type":"Feature","geometry":{"type":"Point","coordinates":[-111.14911,57.60995]},"properties":{"id":"07DC004","name":"Mcclelland Lake Outlet Above Firebag River","prov":"AB","kind":"lake","level":96.69,"discharge":0.744,"time":"2026-09-09T10:00:00Z","src":"eccc","class":"high","classBy":"level","p50":96.523}},{"type":"Feature","geometry":{"type":"Point","coordinates":[-111.4213,57.74324]},"properties":{"id":"07DA042","name":"Red Clay Creek Near The Mouth","prov":"AB","kind":"river","level":97.95,"discharge":1.76,"time":"2026-09-09T10:05:00Z","src":"eccc"}},{"type":"Feature","geometry":{"type":"Point","coordinates":[-114.24491,50.68855]},"properties":{"id":"05BL014","name":"Sheep River At Black Diamond","prov":"AB","kind":"river","level":1.345,"discharge":4.91,"time":"2026-09-09T10:05:00Z","src":"eccc","class":"high","classBy":"level","p50":0.818}},{"type":"Feature","geometry":{"type":"Point","coordinates":[-110.39761,49.43478]},"properties":{"id":"11AB094","name":"Bare Creek Reservoir Near Elkwater","prov":"AB","kind":"river","level":1135.594,"time":"2026-09-09T10:10:00Z","src":"eccc","class":"normal","classBy":"level","p50":1135.647}},{"type":"Feature","geometry":{"type":"Point","coordinates":[-110.05331,49.42536]},"properties":{"id":"11AB009","name":"Middle Creek Near The Saskatchewan Boundary","prov":"AB","kind":"river","level":1.078,"discharge":0.003,"time":"2026-09-09T09:55:00Z","src":"eccc","class":"low","classBy":"level","p50":1.093}},{"type":"Feature","geometry":{"type":"Point","coordinates":[-110.16249,49.70875]},"properties":{"id":"05AH055","name":"Mcalpine Creek Reservoir Near Elkwater","prov":"AB","kind":"river","level":1221.275,"time":"2026-09-09T10:00:00Z","src":"eccc","class":"normal","classBy":"level","p50":1221.176}},{"type":"Feature","geometry":{"type":"Point","coordinates":[-113.86995,50.5831]},"properties":{"id":"05BL015","name":"Little Bow Canal At High River","prov":"AB","kind":"river","level":1.706,"discharge":3.82,"time":"2026-09-09T10:00:00Z","src":"eccc","class":"very-high","classBy":"level","p50":1.316}},{"type":"Feature","geometry":{"type":"Point","coordinates":[-113.46346,54.29315]},"properties":{"id":"07BE004","name":"Stony Creek Near Tawatinaw","prov":"AB","kind":"river","level":0.46,"discharge":0.039,"time":"2026-09-09T10:00:00Z","src":"eccc","class":"normal","classBy":"level","p50":0.465}},{"type":"Feature","geometry":{"type":"Point","coordinates":[-113.29389,49.6335]},"properties":{"id":"05AD043","name":"Belly River At Highway No. 511","prov":"AB","kind":"river","level":91.042,"discharge":18.7,"time":"2026-09-09T10:10:00Z","src":"eccc"}},{"type":"Feature","geometry":{"type":"Point","coordinates":[-114.1265,53.02378]},"properties":{"id":"05FA013","name":"Pigeon Lake At Pigeon Lake Provincial Park","prov":"AB","kind":"lake","level":849.803,"time":"2026-09-09T10:00:00Z","src":"eccc","class":"normal","classBy":"level","p50":849.862}},{"type":"Feature","geometry":{"type":"Point","coordinates":[-111.5401,55.88895]},"properties":{"id":"07CE013","name":"Christina River Above Statoil Leismer","prov":"AB","kind":"river","level":96.897,"discharge":1.98,"time":"2026-09-09T10:05:00Z","src":"eccc","class":"normal","classBy":"level","p50":96.875}},{"type":"Feature","geometry":{"type":"Point","coordinates":[-117.44266,56.15501]},"properties":{"id":"07FD901","name":"Peace River Above Smoky River Confluence","prov":"AB","kind":"river","level":316.619,"time":"2026-09-09T10:00:00Z","src":"eccc","class":"high","classBy":"level","p50":316.119}},{"type":"Feature","geometry":{"type":"Point","coordinates":[-117.1619,55.45623]},"properties":{"id":"07GH002","name":"Little Smoky River Near Guy","prov":"AB","kind":"river","level":3.5,"discharge":116.0,"time":"2026-09-09T10:15:00Z","src":"eccc","class":"high","classBy":"level","p50":2.766}},{"type":"Feature","geometry":{"type":"Point","coordinates":[-114.19006,50.20184]},"properties":{"id":"05AB037","name":"Chain Lakes Reservoir Near Nanton","prov":"AB","kind":"lake","level":1297.171,"time":"2026-09-09T10:05:00Z","src":"eccc","class":"high","classBy":"level","p50":1297.01}},{"type":"Feature","geometry":{"type":"Point","coordinates":[-117.03265,57.74228]},"properties":{"id":"07HD001","name":"Peace River Near Carcajou","prov":"AB","kind":"river","level":6.039,"time":"2026-09-09T10:15:00Z","src":"eccc","class":"very-high","classBy":"level","p50":4.438}},{"type":"Feature","geometry":{"type":"Point","coordinates":[-113.48044,49.35212]},"properties":{"id":"05AD041","name":"Belly River Near Glenwood","prov":"AB","kind":"river","level":0.951,"discharge":12.1,"time":"2026-09-09T10:00:00Z","src":"eccc","class":"very-high","classBy":"level","p50":0.657}},{"type":"Feature","geometry":{"type":"Point","coordinates":[-110.83511,56.48444]},"properties":{"id":"07CE008","name":"Gregoire River Near The Mouth","prov":"AB","kind":"river","level":96.877,"discharge":0.781,"time":"2026-09-09T10:05:00Z","src":"eccc","class":"normal","classBy":"level","p50":96.936}},{"type":"Feature","geometry":{"type":"Point","coordinates":[-66.80869,45.27358]},"properties":{"id":"01AQ002","name":"Magaguadavic River At Elmcroft","prov":"NB","kind":"river","level":0.664,"discharge":2.35,"time":"2026-09-09T10:05:00Z","src":"eccc","class":"low","classBy":"level","p50":0.942}},{"type":"Feature","geometry":{"type":"Point","coordinates":[-111.46267,56.91089]},"properties":{"id":"07DA007","name":"Poplar Creek Near Fort Mcmurray","prov":"AB","kind":"river","level":96.894,"time":"2026-09-09T09:55:00Z","src":"eccc","class":"very-low","classBy":"level","p50":239.83}},{"type":"Feature","geometry":{"type":"Point","coordinates":[-101.01497,50.275]},"properties":{"id":"05ME008","name":"Minnewasta Creek Near Beulah","prov":"MB","kind":"river","level":97.635,"time":"2026-09-09T10:10:00Z","src":"eccc"}},{"type":"Feature","geometry":{"type":"Point","coordinates":[-97.00922,49.46192]},"properties":{"id":"05OE001","name":"Rat River Near Otterburne","prov":"MB","kind":"river","level":231.47,"discharge":0.759,"time":"2026-09-09T10:10:00Z","src":"eccc","class":"low","classBy":"level","p50":231.852}},{"type":"Feature","geometry":{"type":"Point","coordinates":[-95.66386,57.65328]},"properties":{"id":"06FB002","name":"Little Beaver River Near The Mouth","prov":"MB","kind":"river","level":27.793,"discharge":15.3,"time":"2026-09-09T10:00:00Z","src":"eccc"}},{"type":"Feature","geometry":{"type":"Point","coordinates":[-101.44161,50.54368]},"properties":{"id":"05ME014","name":"Deerhorn Creek Near Welby","prov":"MB","kind":"river","level":100.496,"time":"2026-09-09T10:10:00Z","src":"eccc"}},{"type":"Feature","geometry":{"type":"Point","coordinates":[-100.97708,49.26667]},"properties":{"id":"05NF001","name":"Souris River At Melita","prov":"MB","kind":"river","level":426.288,"discharge":7.32,"time":"2026-09-09T10:15:00Z","src":"eccc","class":"normal","classBy":"level","p50":425.997}},{"type":"Feature","geometry":{"type":"Point","coordinates":[-92.80917,56.41667]},"properties":{"id":"04AB001","name":"Hayes River Below Gods River","prov":"MB","kind":"river","level":20.595,"discharge":630.0,"time":"2026-09-09T10:10:00Z","src":"eccc","class":"normal","classBy":"level","p50":20.918}},{"type":"Feature","geometry":{"type":"Point","coordinates":[-99.52675,50.94881]},"properties":{"id":"05LJ007","name":"Turtle River Near Laurier","prov":"MB","kind":"river","level":277.583,"discharge":0.768,"time":"2026-09-09T10:10:00Z","src":"eccc","class":"high","classBy":"level","p50":277.435}},{"type":"Feature","geometry":{"type":"Point","coordinates":[-96.75914,52.77275]},"properties":{"id":"05RE002","name":"Weaver Lake At Outlet","prov":"MB","kind":"lake","level":28.429,"time":"2026-09-09T10:15:00Z","src":"eccc","class":"normal","classBy":"level","p50":28.17}},{"type":"Feature","geometry":{"type":"Point","coordinates":[-97.22383,49.00375]},"properties":{"id":"05OC001","name":"Red River At Emerson","prov":"MB","kind":"river","level":228.236,"discharge":54.2,"time":"2026-09-09T10:20:00Z","src":"eccc","class":"normal","classBy":"level","p50":228.814}},{"type":"Feature","geometry":{"type":"Point","coordinates":[-94.21617,56.51258]},"properties":{"id":"05UG001","name":"Limestone River Near Bird","prov":"MB","kind":"river","level":64.668,"discharge":13.3,"time":"2026-09-09T10:15:00Z","src":"eccc","class":"low","classBy":"level","p50":64.812}},{"type":"Feature","geometry":{"type":"Point","coordinates":[-99.325,49.74183]},"properties":{"id":"05MH007","name":"Epinette Creek Near Carberry","prov":"MB","kind":"river","level":0.966,"discharge":0.0,"time":"2026-09-09T10:15:00Z","src":"eccc","class":"high","classBy":"level","p50":0.472}},{"type":"Feature","geometry":{"type":"Point","coordinates":[-98.94136,56.7785]},"properties":{"id":"06EC001","name":"Southern Indian Lake Near South Indian Lake","prov":"MB","kind":"lake","level":258.109,"time":"2026-09-09T10:15:00Z","src":"eccc","class":"normal","classBy":"level","p50":257.998}},{"type":"Feature","geometry":{"type":"Point","coordinates":[-101.04892,49.05727]},"properties":{"id":"05NF002","name":"Antler River Near Melita","prov":"MB","kind":"river","level":1.487,"discharge":0.204,"time":"2026-09-09T10:15:00Z","src":"eccc","class":"normal","classBy":"level","p50":1.383}},{"type":"Feature","geometry":{"type":"Point","coordinates":[-96.90628,49.63544]},"properties":{"id":"05OE006","name":"Manning Canal Near Ile Des Chenes","prov":"MB","kind":"river","level":0.923,"discharge":0.523,"time":"2026-09-09T10:05:00Z","src":"eccc","class":"normal","classBy":"level","p50":1.076}},{"type":"Feature","geometry":{"type":"Point","coordinates":[-100.84889,49.87528]},"properties":{"id":"05MG014","name":"Assiniboine River East Of Virden","prov":"MB","kind":"river","level":369.733,"time":"2026-09-09T10:10:00Z","src":"eccc","class":"high","classBy":"level","p50":366.323}},{"type":"Feature","geometry":{"type":"Point","coordinates":[-97.30539,49.0745]},"properties":{"id":"05OC022","name":"Riviere Aux Marais Near Christie","prov":"MB","kind":"river","level":100.066,"discharge":0.0,"time":"2026-09-09T10:10:00Z","src":"eccc","class":"normal","classBy":"level","p50":99.735}},{"type":"Feature","geometry":{"type":"Point","coordinates":[-101.20872,53.83806]},"properties":{"id":"05KJ001","name":"Saskatchewan River At The Pas","prov":"MB","kind":"river","level":257.885,"discharge":687.0,"time":"2026-09-09T10:10:00Z","src":"eccc","class":"normal","classBy":"level","p50":257.496}},{"type":"Feature","geometry":{"type":"Point","coordinates":[-97.61956,52.81842]},"properties":{"id":"05RE003","name":"Lake Winnipeg At George Island","prov":"MB","kind":"reservoir","level":217.691,"time":"2026-09-09T10:00:00Z","src":"eccc","class":"normal","classBy":"level","p50":217.688,"resName":"Lake Winnipeg","resOperator":"Manitoba Hydro (Lake Winnipeg Regulation)","fslM":217.9,"fillPct":82.6}},{"type":"Feature","geometry":{"type":"Point","coordinates":[-98.32978,52.00195]},"properties":{"id":"05LM006","name":"Dauphin River Near Dauphin River","prov":"MB","kind":"river","level":4.281,"discharge":119.0,"time":"2026-09-09T10:05:00Z","src":"eccc","class":"normal","classBy":"level","p50":4.557}},{"type":"Feature","geometry":{"type":"Point","coordinates":[-96.17114,51.13075]},"properties":{"id":"05RA805","name":"Wanipigow River Above Wanipigow Dam","prov":"MB","kind":"river","level":230.687,"time":"2026-09-09T09:35:00Z","src":"eccc"}},{"type":"Feature","geometry":{"type":"Point","coordinates":[-100.46211,49.92457]},"properties":{"id":"05MG010","name":"Oak River Near Bradwardine","prov":"MB","kind":"river","level":92.835,"discharge":1.3,"time":"2026-09-09T10:15:00Z","src":"eccc","class":"very-high","classBy":"discharge","p50":0.002}},{"type":"Feature","geometry":{"type":"Point","coordinates":[-96.98478,49.53203]},"properties":{"id":"05OE009","name":"Tourond Creek Near Tourond","prov":"MB","kind":"river","level":238.316,"discharge":0.057,"time":"2026-09-09T10:15:00Z","src":"eccc","class":"normal","classBy":"level","p50":238.234}},{"type":"Feature","geometry":{"type":"Point","coordinates":[-100.46278,49.84306]},"properties":{"id":"05MG013","name":"Assiniboine River North Of Griswold","prov":"MB","kind":"river","level":362.879,"time":"2026-09-09T09:57:00Z","src":"eccc","class":"very-high","classBy":"level","p50":361.101}},{"type":"Feature","geometry":{"type":"Point","coordinates":[-96.56217,50.69511]},"properties":{"id":"05SA003","name":"Lake Winnipeg At Victoria Beach","prov":"MB","kind":"lake","level":217.893,"time":"2026-09-09T10:15:00Z","src":"eccc","class":"normal","classBy":"level","p50":217.703}},{"type":"Feature","geometry":{"type":"Point","coordinates":[-98.80264,51.44381]},"properties":{"id":"05LK002","name":"Lake Manitoba At Steep Rock","prov":"MB","kind":"lake","level":247.672,"time":"2026-09-09T10:10:00Z","src":"eccc","class":"high","classBy":"level","p50":247.45}},{"type":"Feature","geometry":{"type":"Point","coordinates":[-97.18175,49.567]},"properties":{"id":"05OC012","name":"Red River Near Ste. Agathe","prov":"MB","kind":"river","level":223.771,"discharge":53.0,"time":"2026-09-09T10:20:00Z","src":"eccc","class":"low","classBy":"level","p50":224.427}},{"type":"Feature","geometry":{"type":"Point","coordinates":[-97.42247,49.35484]},"properties":{"id":"05OF014","name":"Shannon Creek Near Morris","prov":"MB","kind":"river","level":233.394,"discharge":0.172,"time":"2026-09-09T10:10:00Z","src":"eccc","class":"normal","classBy":"level","p50":233.415}},{"type":"Feature","geometry":{"type":"Point","coordinates":[-98.15992,49.43319]},"properties":{"id":"05OF018","name":"Tobacco Creek Near Rosebank","prov":"MB","kind":"river","level":99.955,"discharge":0.0,"time":"2026-09-09T10:00:00Z","src":"eccc","class":"normal","classBy":"discharge","p50":0.0}},{"type":"Feature","geometry":{"type":"Point","coordinates":[-97.15594,49.50239]},"properties":{"id":"05OE010","name":"Marsh River Near Otterburne","prov":"MB","kind":"river","level":232.005,"discharge":0.0,"time":"2026-09-09T10:05:00Z","src":"eccc","class":"normal","classBy":"level","p50":231.696}},{"type":"Feature","geometry":{"type":"Point","coordinates":[-96.98445,49.19125]},"properties":{"id":"05OD001","name":"Roseau River Near Dominion City","prov":"MB","kind":"river","level":240.266,"discharge":2.02,"time":"2026-09-09T10:15:00Z","src":"eccc","class":"normal","classBy":"level","p50":240.366}},{"type":"Feature","geometry":{"type":"Point","coordinates":[-93.64111,56.67694]},"properties":{"id":"05UH001","name":"Angling River Near Bird","prov":"MB","kind":"river","level":12.685,"discharge":5.2,"time":"2026-09-09T10:15:00Z","src":"eccc","class":"normal","classBy":"level","p50":12.779}},{"type":"Feature","geometry":{"type":"Point","coordinates":[-100.20336,50.02966]},"properties":{"id":"05MF020","name":"Lake Wahtopanah Near Rivers","prov":"MB","kind":"lake","level":468.382,"time":"2026-09-09T10:20:00Z","src":"eccc","class":"high","classBy":"level","p50":468.208}},{"type":"Feature","geometry":{"type":"Point","coordinates":[-97.13348,49.75438]},"properties":{"id":"05OC020","name":"Red River Below Floodway Control Structure","prov":"MB","kind":"river","level":223.976,"time":"2026-09-09T10:15:00Z","src":"eccc"}},{"type":"Feature","geometry":{"type":"Point","coordinates":[-99.47728,50.47693]},"properties":{"id":"05LL027","name":"Pelican Creek South Tributary Near Birnie","prov":"MB","kind":"river","level":1.489,"discharge":0.013,"time":"2026-09-09T10:05:00Z","src":"eccc"}},{"type":"Feature","geometry":{"type":"Point","coordinates":[-95.50667,50.03492]},"properties":{"id":"05PG001","name":"Whiteshell River At Outlet Of Jessica Lake","prov":"MB","kind":"river","level":307.268,"discharge":0.658,"time":"2026-09-09T10:05:00Z","src":"eccc","class":"normal","classBy":"level","p50":307.373}},{"type":"Feature","geometry":{"type":"Point","coordinates":[-96.76372,49.32554]},"properties":{"id":"05OE015","name":"Joubert Creek Near Pansy","prov":"MB","kind":"river","level":5.108,"discharge":0.0,"time":"2026-09-09T10:15:00Z","src":"eccc","class":"normal","classBy":"level","p50":5.247}},{"type":"Feature","geometry":{"type":"Point","coordinates":[-98.11161,49.19658]},"properties":{"id":"05OC015","name":"Deadhorse Creek At Morden","prov":"MB","kind":"river","level":96.786,"time":"2026-09-09T10:10:00Z","src":"eccc"}},{"type":"Feature","geometry":{"type":"Point","coordinates":[-99.67222,49.17667]},"properties":{"id":"05OA803","name":"Killarney Lake At Killarney","prov":"MB","kind":"lake","level":492.402,"time":"2026-09-09T09:35:00Z","src":"eccc","class":"high","classBy":"level","p50":492.16}},{"type":"Feature","geometry":{"type":"Point","coordinates":[-100.14667,53.93829]},"properties":{"id":"05KK005","name":"North Moose Lake At Moose Lake Narrows Control Structure","prov":"MB","kind":"lake","level":256.405,"time":"2026-09-09T10:10:00Z","src":"eccc","class":"high","classBy":"level","p50":256.148}},{"type":"Feature","geometry":{"type":"Point","coordinates":[-99.21439,49.90092]},"properties":{"id":"05LL014","name":"Pine Creek Near Melbourne","prov":"MB","kind":"river","level":353.988,"discharge":0.363,"time":"2026-09-09T10:15:00Z","src":"eccc","class":"high","classBy":"level","p50":353.815}},{"type":"Feature","geometry":{"type":"Point","coordinates":[-99.96158,49.86144]},"properties":{"id":"05MH001","name":"Assiniboine River At Brandon","prov":"MB","kind":"river","level":356.942,"discharge":78.3,"time":"2026-09-09T10:05:00Z","src":"eccc","class":"very-high","classBy":"level","p50":356.339}},{"type":"Feature","geometry":{"type":"Point","coordinates":[-96.91331,51.724]},"properties":{"id":"05SD002","name":"Lake Winnipeg At Matheson Island Landing","prov":"MB","kind":"lake","level":218.042,"time":"2026-09-09T10:15:00Z","src":"eccc","class":"high","classBy":"level","p50":217.664}},{"type":"Feature","geometry":{"type":"Point","coordinates":[-97.53381,51.21522]},"properties":{"id":"05SD004","name":"East Fisher River Near Hodgson","prov":"MB","kind":"river","level":225.67,"discharge":2.56,"time":"2026-09-09T09:55:00Z","src":"eccc","class":"normal","classBy":"level","p50":225.336}},{"type":"Feature","geometry":{"type":"Point","coordinates":[-96.28303,51.10128]},"properties":{"id":"05RA001","name":"Manigotagan River Near Manigotagan","prov":"MB","kind":"river","level":223.366,"discharge":6.57,"time":"2026-09-09T10:05:00Z","src":"eccc","class":"normal","classBy":"level","p50":223.263}},{"type":"Feature","geometry":{"type":"Point","coordinates":[-99.67864,49.59694]},"properties":{"id":"05NG001","name":"Souris River At Wawanesa","prov":"MB","kind":"river","level":348.643,"discharge":28.3,"time":"2026-09-09T10:15:00Z","src":"eccc","class":"high","classBy":"level","p50":348.081}},{"type":"Feature","geometry":{"type":"Point","coordinates":[-96.94094,50.08403]},"properties":{"id":"05OJ024","name":"Red River Upstream Of St Andrews Dam At Lockport No.2","prov":"MB","kind":"river","level":223.75,"time":"2026-09-09T10:10:00Z","src":"eccc"}},{"type":"Feature","geometry":{"type":"Point","coordinates":[-97.00517,55.74062]},"properties":{"id":"05TD001","name":"Grass River Above Standing Stone Falls","prov":"MB","kind":"river","level":29.855,"discharge":111.0,"time":"2026-09-09T10:15:00Z","src":"eccc","class":"normal","classBy":"level","p50":29.642}},{"type":"Feature","geometry":{"type":"Point","coordinates":[-100.26264,49.22264]},"properties":{"id":"05NG023","name":"Whitewater Lake Near Boissevain","prov":"MB","kind":"lake","level":496.539,"time":"2026-09-09T10:07:00Z","src":"eccc","class":"normal","classBy":"level","p50":496.443}},{"type":"Feature","geometry":{"type":"Point","coordinates":[-97.50448,49.28057]},"properties":{"id":"05OC024","name":"Kronsgart Drain Near Sewell","prov":"MB","kind":"river","level":1.711,"discharge":0.0,"time":"2026-09-09T10:05:00Z","src":"eccc","class":"low","classBy":"level","p50":2.053}},{"type":"Feature","geometry":{"type":"Point","coordinates":[-100.20775,50.02361]},"properties":{"id":"05MF018","name":"Little Saskatchewan River Near Rivers","prov":"MB","kind":"river","level":451.362,"discharge":3.07,"time":"2026-09-09T10:10:00Z","src":"eccc","class":"normal","classBy":"level","p50":451.217}},{"type":"Feature","geometry":{"type":"Point","coordinates":[-65.8365,47.09475]},"properties":{"id":"01BQ001","name":"Northwest Miramichi River At Trout Brook","prov":"NB","kind":"river","level":0.575,"discharge":6.17,"time":"2026-09-09T10:00:00Z","src":"eccc","class":"normal","classBy":"level","p50":0.543}},{"type":"Feature","geometry":{"type":"Point","coordinates":[-67.73589,45.66489]},"properties":{"id":"01AR009","name":"Grand Lake At Forest City","prov":"NB","kind":"lake","level":131.696,"time":"2026-09-09T10:05:00Z","src":"eccc","class":"normal","classBy":"level","p50":131.691}},{"type":"Feature","geometry":{"type":"Point","coordinates":[-67.73844,46.43836]},"properties":{"id":"01AJ004","name":"Big Presque Isle Stream At Tracey Mills","prov":"NB","kind":"river","level":0.204,"discharge":0.757,"time":"2026-09-09T10:05:00Z","src":"eccc","class":"low","classBy":"level","p50":0.279}},{"type":"Feature","geometry":{"type":"Point","coordinates":[-65.72181,47.60839]},"properties":{"id":"01BJ010","name":"Middle River Near Bathurst","prov":"NB","kind":"river","level":0.709,"discharge":0.548,"time":"2026-09-09T10:05:00Z","src":"eccc","class":"normal","classBy":"level","p50":0.686}},{"type":"Feature","geometry":{"type":"Point","coordinates":[-65.90739,46.93597]},"properties":{"id":"01BP001","name":"Little Southwest Miramichi River At Lyttleton","prov":"NB","kind":"river","level":1.177,"discharge":8.28,"time":"2026-09-09T10:05:00Z","src":"eccc","class":"normal","classBy":"level","p50":1.236}},{"type":"Feature","geometry":{"type":"Point","coordinates":[-66.11542,45.82892]},"properties":{"id":"01AO004","name":"Jemseg River At Jemseg","prov":"NB","kind":"river","level":1.015,"time":"2026-09-09T10:05:00Z","src":"eccc","class":"normal","classBy":"level","p50":1.109}},{"type":"Feature","geometry":{"type":"Point","coordinates":[-66.46828,45.16978]},"properties":{"id":"01AQ001","name":"Lepreau River At Lepreau","prov":"NB","kind":"river","level":0.245,"discharge":0.893,"time":"2026-09-09T10:00:00Z","src":"eccc","class":"normal","classBy":"level","p50":0.338}},{"type":"Feature","geometry":{"type":"Point","coordinates":[-67.46511,46.34089]},"properties":{"id":"01AJ010","name":"Becaguimec Stream At Coldstream","prov":"NB","kind":"river","level":0.232,"discharge":0.688,"time":"2026-09-09T10:00:00Z","src":"eccc","class":"normal","classBy":"level","p50":0.259}},{"type":"Feature","geometry":{"type":"Point","coordinates":[-66.08828,45.27394]},"properties":{"id":"01AP005","name":"Saint John River At Saint John","prov":"NB","kind":"river","level":0.805,"time":"2026-09-09T10:00:00Z","src":"eccc","class":"low","classBy":"level","p50":1.033}},{"type":"Feature","geometry":{"type":"Point","coordinates":[-66.19011,46.85656]},"properties":{"id":"01BP002","name":"Catamaran Brook At Repap Road Bridge","prov":"NB","kind":"river","level":0.465,"discharge":0.143,"time":"2026-09-09T10:00:00Z","src":"eccc","class":"normal","classBy":"level","p50":0.522}},{"type":"Feature","geometry":{"type":"Point","coordinates":[-68.32489,47.36078]},"properties":{"id":"01AD004","name":"Saint John River At Edmundston","prov":"NB","kind":"river","level":134.376,"time":"2026-09-09T10:00:00Z","src":"eccc","class":"low","classBy":"level","p50":134.616}},{"type":"Feature","geometry":{"type":"Point","coordinates":[-66.14036,45.76867]},"properties":{"id":"01AO012","name":"Saint John River At Gagetown","prov":"NB","kind":"river","level":1.178,"time":"2026-09-09T10:00:00Z","src":"eccc","class":"low","classBy":"level","p50":1.31}},{"type":"Feature","geometry":{"type":"Point","coordinates":[-67.26215,45.20903]},"properties":{"id":"01AR006","name":"Dennis Stream Near St. Stephen","prov":"NB","kind":"river","level":1.38,"discharge":0.022,"time":"2026-09-09T10:00:00Z","src":"eccc","class":"very-low","classBy":"level","p50":1.505}},{"type":"Feature","geometry":{"type":"Point","coordinates":[-65.84922,45.30658]},"properties":{"id":"01BV004","name":"Black River At Garnet Settlement","prov":"NB","kind":"river","level":1.19,"discharge":0.313,"time":"2026-09-09T10:00:00Z","src":"eccc","class":"normal","classBy":"level","p50":1.188}},{"type":"Feature","geometry":{"type":"Point","coordinates":[-65.15539,47.70561]},"properties":{"id":"01BL002","name":"Riviere Caraquet At Burnsville","prov":"NB","kind":"river","level":0.4,"discharge":2.32,"time":"2026-09-09T10:00:00Z","src":"eccc","class":"normal","classBy":"level","p50":0.314}},{"type":"Feature","geometry":{"type":"Point","coordinates":[-66.23486,45.84725]},"properties":{"id":"01AO011","name":"Saint John River At Upper Gagetown","prov":"NB","kind":"river","level":1.227,"time":"2026-09-09T10:00:00Z","src":"eccc","class":"normal","classBy":"level","p50":1.235}},{"type":"Feature","geometry":{"type":"Point","coordinates":[-67.23961,46.04878]},"properties":{"id":"01AK007","name":"Nackawic Stream Near Temperance Vale","prov":"NB","kind":"river","level":0.51,"discharge":0.104,"time":"2026-09-09T10:00:00Z","src":"eccc","class":"low","classBy":"level","p50":0.602}},{"type":"Feature","geometry":{"type":"Point","coordinates":[-66.49061,47.98789]},"properties":{"id":"01BJ012","name":"Eel River Near Dundee","prov":"NB","kind":"river","level":0.87,"discharge":0.123,"time":"2026-09-09T10:00:00Z","src":"eccc","class":"normal","classBy":"level","p50":0.888}},{"type":"Feature","geometry":{"type":"Point","coordinates":[-66.02522,47.89381]},"properties":{"id":"01BJ003","name":"Jacquet River Near Durham Centre","prov":"NB","kind":"river","level":1.004,"discharge":2.61,"time":"2026-09-09T10:05:00Z","src":"eccc","class":"normal","classBy":"level","p50":1.096}},{"type":"Feature","geometry":{"type":"Point","coordinates":[-67.75197,46.81636]},"properties":{"id":"01AG003","name":"Aroostook River Near Tinker","prov":"NB","kind":"river","level":3.071,"discharge":18.8,"time":"2026-09-09T10:00:00Z","src":"eccc","class":"normal","classBy":"level","p50":3.056}},{"type":"Feature","geometry":{"type":"Point","coordinates":[-67.02139,46.27717]},"properties":{"id":"01AL004","name":"Narrows Mountain Brook Near Narrows Mountain","prov":"NB","kind":"river","level":5.11,"discharge":0.006,"time":"2026-09-09T10:05:00Z","src":"eccc","class":"normal","classBy":"level","p50":5.142}},{"type":"Feature","geometry":{"type":"Point","coordinates":[-67.73972,47.03889]},"properties":{"id":"01AF002","name":"Saint John River At Grand Falls","prov":"NB","kind":"river","level":88.971,"discharge":58.0,"time":"2026-09-09T10:05:00Z","src":"eccc","class":"low","classBy":"level","p50":89.394}},{"type":"Feature","geometry":{"type":"Point","coordinates":[-67.92128,47.24697]},"properties":{"id":"01AF007","name":"Grande Riviere At Violette Bridge","prov":"NB","kind":"river","level":0.379,"discharge":2.93,"time":"2026-09-09T10:05:00Z","src":"eccc","class":"normal","classBy":"level","p50":0.277}},{"type":"Feature","geometry":{"type":"Point","coordinates":[-66.73303,46.08281]},"properties":{"id":"01AK006","name":"Middle Branch Nashwaaksis Stream At Sandwith'S Farm","prov":"NB","kind":"river","level":0.213,"discharge":0.017,"time":"2026-09-09T10:00:00Z","src":"eccc","class":"normal","classBy":"level","p50":0.215}},{"type":"Feature","geometry":{"type":"Point","coordinates":[-67.72794,46.21622]},"properties":{"id":"01AJ003","name":"Meduxnekeag River Near Belleville","prov":"NB","kind":"river","level":0.636,"discharge":1.08,"time":"2026-09-09T10:00:00Z","src":"eccc","class":"low","classBy":"level","p50":0.746}},{"type":"Feature","geometry":{"type":"Point","coordinates":[-67.18356,45.71975]},"properties":{"id":"01AQ007","name":"Magaguadavic Lake Near Upper Magaguadavic","prov":"NB","kind":"lake","level":116.046,"time":"2026-09-09T10:05:00Z","src":"eccc","class":"normal","classBy":"level","p50":116.162}},{"type":"Feature","geometry":{"type":"Point","coordinates":[-66.94806,47.90867]},"properties":{"id":"01BJ007","name":"Restigouche River Above Rafting Ground Brook","prov":"NB","kind":"river","level":0.685,"discharge":27.5,"time":"2026-09-09T10:05:00Z","src":"eccc","class":"low","classBy":"level","p50":0.796}},{"type":"Feature","geometry":{"type":"Point","coordinates":[-67.47964,45.27432]},"properties":{"id":"01AR013","name":"Grand Falls Flowage At Grand Falls","prov":"NB","kind":"river","level":61.468,"time":"2026-09-09T10:00:00Z","src":"eccc","class":"low","classBy":"level","p50":61.719}},{"type":"Feature","geometry":{"type":"Point","coordinates":[-101.03794,50.11061]},"properties":{"id":"05ME006","name":"Assiniboine River Near Miniota","prov":"MB","kind":"river","level":375.313,"discharge":72.3,"time":"2026-09-09T10:17:00Z","src":"eccc","class":"high","classBy":"level","p50":373.445}},{"type":"Feature","geometry":{"type":"Point","coordinates":[-100.66764,49.86061]},"properties":{"id":"05MG015","name":"Baileys Creek Near Oak Lake","prov":"MB","kind":"river","level":102.857,"discharge":0.007,"time":"2026-09-09T10:10:00Z","src":"eccc","class":"normal","classBy":"level","p50":102.915}},{"type":"Feature","geometry":{"type":"Point","coordinates":[-99.72058,49.22097]},"properties":{"id":"05OA001","name":"Pembina River North Of Killarney","prov":"MB","kind":"river","level":481.057,"discharge":0.146,"time":"2026-09-09T10:00:00Z","src":"eccc","class":"high","classBy":"level","p50":480.899}},{"type":"Feature","geometry":{"type":"Point","coordinates":[-97.4034,49.19127]},"properties":{"id":"05OC019","name":"Buffalo Creek Near Rosenfeld","prov":"MB","kind":"river","level":234.903,"discharge":0.367,"time":"2026-09-09T10:05:00Z","src":"eccc","class":"normal","classBy":"level","p50":234.954}},{"type":"Feature","geometry":{"type":"Point","coordinates":[-96.71388,50.19474]},"properties":{"id":"05OJ016","name":"Devils Creek Near Libau","prov":"MB","kind":"river","level":1.873,"discharge":0.346,"time":"2026-09-09T10:15:00Z","src":"eccc","class":"high","classBy":"level","p50":1.753}},{"type":"Feature","geometry":{"type":"Point","coordinates":[-96.73136,49.38506]},"properties":{"id":"05OE014","name":"Pansy Drain Near Sarto","prov":"MB","kind":"river","level":0.169,"discharge":0.0,"time":"2026-09-09T10:15:00Z","src":"eccc","class":"low","classBy":"level","p50":0.364}},{"type":"Feature","geometry":{"type":"Point","coordinates":[-100.3325,51.15614]},"properties":{"id":"05LJ045","name":"Wilson River Near Ashville","prov":"MB","kind":"river","level":344.586,"discharge":0.268,"time":"2026-09-09T10:15:00Z","src":"eccc","class":"normal","classBy":"level","p50":344.567}},{"type":"Feature","geometry":{"type":"Point","coordinates":[-97.04417,50.32722]},"properties":{"id":"05OJ008","name":"Netley Creek Near Petersfield","prov":"MB","kind":"river","level":226.777,"discharge":2.19,"time":"2026-09-09T10:15:00Z","src":"eccc","class":"high","classBy":"level","p50":226.515}},{"type":"Feature","geometry":{"type":"Point","coordinates":[-95.20972,49.74472]},"properties":{"id":"05PG803","name":"West Hawk Lake At West Hawk Lake(Campground)","prov":"MB","kind":"lake","level":332.596,"time":"2026-09-09T09:35:00Z","src":"eccc","class":"normal","classBy":"level","p50":332.592}},{"type":"Feature","geometry":{"type":"Point","coordinates":[-98.19194,55.48975]},"properties":{"id":"05TG002","name":"Taylor River Near Thompson","prov":"MB","kind":"river","level":28.012,"discharge":2.92,"time":"2026-09-09T10:05:00Z","src":"eccc","class":"normal","classBy":"level","p50":28.025}},{"type":"Feature","geometry":{"type":"Point","coordinates":[-100.24361,49.44]},"properties":{"id":"05NG803","name":"Elgin Reservoir Near Elgin","prov":"MB","kind":"lake","level":467.072,"time":"2026-09-09T09:35:00Z","src":"eccc","class":"very-high","classBy":"level","p50":466.738}},{"type":"Feature","geometry":{"type":"Point","coordinates":[-97.11969,49.67953]},"properties":{"id":"05OC028","name":"Red River At St. Adolphe","prov":"MB","kind":"river","level":224.041,"time":"2026-09-09T09:57:00Z","src":"eccc","class":"high","classBy":"level","p50":223.793}},{"type":"Feature","geometry":{"type":"Point","coordinates":[-97.94864,55.71292]},"properties":{"id":"05TG005","name":"Burntwood River Above Manasan Falls","prov":"MB","kind":"river","level":197.252,"time":"2026-09-09T10:05:00Z","src":"eccc","class":"normal","classBy":"level","p50":196.796}},{"type":"Feature","geometry":{"type":"Point","coordinates":[-119.55864,50.49853]},"properties":{"id":"08LE020","name":"Salmon River At Falkland","prov":"BC","kind":"river","level":0.519,"discharge":0.434,"time":"2026-09-09T10:20:00Z","src":"eccc","class":"low","classBy":"level","p50":0.653}},{"type":"Feature","geometry":{"type":"Point","coordinates":[-124.12629,49.06016]},"properties":{"id":"08HB092","name":"South Nanaimo River Near Junction","prov":"BC","kind":"river","level":2.174,"discharge":1.45,"time":"2026-09-09T10:10:00Z","src":"eccc","class":"normal","classBy":"level","p50":2.151}},{"type":"Feature","geometry":{"type":"Point","coordinates":[-122.30294,49.12774]},"properties":{"id":"08MH024","name":"Fraser River At Mission","prov":"BC","kind":"river","level":1.049,"time":"2026-09-09T10:10:00Z","src":"eccc","class":"low","classBy":"level","p50":1.234}},{"type":"Feature","geometry":{"type":"Point","coordinates":[-139.83383,67.56833]},"properties":{"id":"09FD003","name":"Porcupine River Below Old Crow River","prov":"YT","kind":"river","level":11.725,"time":"2026-09-09T10:00:00Z","src":"eccc","class":"very-high","classBy":"level","p50":10.489}},{"type":"Feature","geometry":{"type":"Point","coordinates":[-135.20175,61.09017]},"properties":{"id":"09AB010","name":"Lake Laberge Near Whitehorse","prov":"YT","kind":"lake","level":8.266,"time":"2026-09-09T10:15:00Z","src":"eccc","class":"normal","classBy":"level","p50":8.225}},{"type":"Feature","geometry":{"type":"Point","coordinates":[-128.24211,61.48683]},"properties":{"id":"10AD002","name":"Hyland River At Kilometre 108.5 Nahanni Range Road","prov":"YT","kind":"river","level":0.65,"discharge":43.4,"time":"2026-09-09T10:10:00Z","src":"eccc"}},{"type":"Feature","geometry":{"type":"Point","coordinates":[-139.40778,64.04278]},"properties":{"id":"09EA003","name":"Klondike River Above Bonanza Creek","prov":"YT","kind":"river","level":1.031,"discharge":59.2,"time":"2026-09-09T10:15:00Z","src":"eccc","class":"low","classBy":"level","p50":1.28}},{"type":"Feature","geometry":{"type":"Point","coordinates":[-138.30212,65.3622]},"properties":{"id":"10MA002","name":"Ogilvie River At Kilometre 197.9 Dempster Highway","prov":"YT","kind":"river","level":6.516,"discharge":54.7,"time":"2026-09-09T10:15:00Z","src":"eccc","class":"normal","classBy":"level","p50":6.501}},{"type":"Feature","geometry":{"type":"Point","coordinates":[-139.33844,66.49769]},"properties":{"id":"09FA002","name":"Fishing Branch Near Chii Ch'A'An Mountain","prov":"YT","kind":"river","level":3.557,"time":"2026-09-09T10:10:00Z","src":"eccc"}},{"type":"Feature","geometry":{"type":"Point","coordinates":[-134.36781,60.53058]},"properties":{"id":"09AB004","name":"Marsh Lake Near Whitehorse","prov":"YT","kind":"lake","level":2.913,"time":"2026-09-09T10:10:00Z","src":"eccc","class":"normal","classBy":"level","p50":2.822}},{"type":"Feature","geometry":{"type":"Point","coordinates":[-137.50833,60.74806]},"properties":{"id":"08AA003","name":"Dezadeash River At Haines Junction","prov":"YT","kind":"river","level":3.033,"discharge":34.4,"time":"2026-09-09T10:10:00Z","src":"eccc","class":"normal","classBy":"level","p50":3.069}},{"type":"Feature","geometry":{"type":"Point","coordinates":[-137.97775,60.11831]},"properties":{"id":"08AB001","name":"Alsek River Above Bates River","prov":"YT","kind":"river","level":8.85,"discharge":647.0,"time":"2026-09-09T10:05:00Z","src":"eccc","class":"normal","classBy":"level","p50":8.596}},{"type":"Feature","geometry":{"type":"Point","coordinates":[-137.08464,60.11897]},"properties":{"id":"08AC002","name":"Tatshenshini River Near Dalton Post","prov":"YT","kind":"river","level":4.804,"discharge":28.1,"time":"2026-09-09T10:10:00Z","src":"eccc","class":"low","classBy":"level","p50":4.913}},{"type":"Feature","geometry":{"type":"Point","coordinates":[-130.52103,60.81078]},"properties":{"id":"10AA006","name":"Liard River Below Scurvy Creek","prov":"YT","kind":"river","level":6.795,"discharge":45.5,"time":"2026-09-09T10:10:00Z","src":"eccc","class":"normal","classBy":"level","p50":6.789}},{"type":"Feature","geometry":{"type":"Point","coordinates":[-139.0517,61.42694]},"properties":{"id":"09CA002","name":"Kluane River At Outlet Of Kluane Lake","prov":"YT","kind":"river","level":25.771,"discharge":47.9,"time":"2026-09-09T10:10:00Z","src":"eccc","class":"very-low","classBy":"discharge","p50":167.0}},{"type":"Feature","geometry":{"type":"Point","coordinates":[-135.06403,60.7445]},"properties":{"id":"09AB001","name":"Yukon River At Whitehorse","prov":"YT","kind":"river","level":30.122,"time":"2026-09-09T10:15:00Z","src":"eccc","class":"very-low","classBy":"level","p50":631.856}},{"type":"Feature","geometry":{"type":"Point","coordinates":[-131.4909,63.33352]},"properties":{"id":"09DA001","name":"Hess River Above Emerald Creek","prov":"YT","kind":"river","level":14.247,"discharge":83.4,"time":"2026-09-09T10:10:00Z","src":"eccc"}},{"type":"Feature","geometry":{"type":"Point","coordinates":[-130.53797,62.92567]},"properties":{"id":"09BB001","name":"South Macmillan River At Kilometre 407 Canol Road","prov":"YT","kind":"river","level":1.619,"discharge":23.8,"time":"2026-09-09T10:10:00Z","src":"eccc"}},{"type":"Feature","geometry":{"type":"Point","coordinates":[-139.16792,61.346]},"properties":{"id":"09CA004","name":"Duke River Near The Mouth","prov":"YT","kind":"river","level":5.598,"discharge":13.6,"time":"2026-09-09T10:10:00Z","src":"eccc","class":"low","classBy":"level","p50":5.765}},{"type":"Feature","geometry":{"type":"Point","coordinates":[-139.42543,64.07054]},"properties":{"id":"09EB001","name":"Yukon River At Dawson","prov":"YT","kind":"river","level":1.83,"discharge":2760.0,"time":"2026-09-09T10:10:00Z","src":"eccc","class":"normal","classBy":"level","p50":1.82}},{"type":"Feature","geometry":{"type":"Point","coordinates":[-134.37933,60.16183]},"properties":{"id":"09AA017","name":"Tagish Lake At 10 Mile Road","prov":"YT","kind":"lake","level":7.221,"time":"2026-09-09T10:15:00Z","src":"eccc","class":"normal","classBy":"level","p50":7.332}},{"type":"Feature","geometry":{"type":"Point","coordinates":[-137.57861,63.99658]},"properties":{"id":"09EA005","name":"Little South Klondike River Below Ross Creek","prov":"YT","kind":"river","level":3.823,"discharge":5.91,"time":"2026-09-09T10:10:00Z","src":"eccc"}},{"type":"Feature","geometry":{"type":"Point","coordinates":[-134.38792,62.20017]},"properties":{"id":"09AH005","name":"Drury Creek At Km 469 Robert Campbell Highway","prov":"YT","kind":"river","level":-10.434,"time":"2026-09-09T10:15:00Z","src":"eccc"}},{"type":"Feature","geometry":{"type":"Point","coordinates":[-133.37781,62.22075]},"properties":{"id":"09BC004","name":"Pelly River Below Vangorda Creek","prov":"YT","kind":"river","level":4.779,"discharge":159.0,"time":"2026-09-09T10:15:00Z","src":"eccc","class":"normal","classBy":"level","p50":4.963}},{"type":"Feature","geometry":{"type":"Point","coordinates":[-136.70928,66.44344]},"properties":{"id":"09FB002","name":"Eagle River At Dempster Highway Bridge","prov":"YT","kind":"river","level":3.729,"discharge":48.2,"time":"2026-09-09T10:10:00Z","src":"eccc","class":"high","classBy":"level","p50":3.147}},{"type":"Feature","geometry":{"type":"Point","coordinates":[-135.48625,60.72575]},"properties":{"id":"09AC007","name":"Ibex River Near Whitehorse","prov":"YT","kind":"river","level":4.216,"time":"2026-09-09T10:10:00Z","src":"eccc","class":"very-high","classBy":"level","p50":4.02}},{"type":"Feature","geometry":{"type":"Point","coordinates":[-134.88361,60.12778]},"properties":{"id":"09AA012","name":"Wheaton River Near Carcross","prov":"YT","kind":"river","level":1.893,"discharge":8.95,"time":"2026-09-09T10:00:00Z","src":"eccc","class":"high","classBy":"level","p50":1.79}},{"type":"Feature","geometry":{"type":"Point","coordinates":[-132.14444,60.00694]},"properties":{"id":"09AE006","name":"Morley River At Km 1251 Alaska Highway","prov":"YT","kind":"river","level":3.74,"discharge":13.6,"time":"2026-09-09T10:10:00Z","src":"eccc","class":"low","classBy":"level","p50":3.865}},{"type":"Feature","geometry":{"type":"Point","coordinates":[-134.7075,60.16389]},"properties":{"id":"09AA004","name":"Bennett Lake At Carcross","prov":"YT","kind":"lake","level":2.344,"time":"2026-09-09T10:05:00Z","src":"eccc","class":"normal","classBy":"level","p50":2.371}},{"type":"Feature","geometry":{"type":"Point","coordinates":[-138.40489,66.43036]},"properties":{"id":"09FA001","name":"Whitestone River Near The Mouth","prov":"YT","kind":"river","level":2.322,"discharge":171.0,"time":"2026-09-09T10:10:00Z","src":"eccc"}},{"type":"Feature","geometry":{"type":"Point","coordinates":[-138.27603,64.90142]},"properties":{"id":"10MA003","name":"Blackstone River Near Chapman Lake Airstrip","prov":"YT","kind":"river","level":3.935,"time":"2026-09-09T10:10:00Z","src":"eccc","class":"normal","classBy":"level","p50":3.914}},{"type":"Feature","geometry":{"type":"Point","coordinates":[-138.67475,68.83464]},"properties":{"id":"10MD003","name":"Caribou Creek Above Babbage River","prov":"YT","kind":"river","level":2.499,"time":"2026-09-09T10:10:00Z","src":"eccc"}},{"type":"Feature","geometry":{"type":"Point","coordinates":[-134.13917,64.015]},"properties":{"id":"09DB001","name":"Beaver River Below Matson Creek","prov":"YT","kind":"river","level":6.003,"discharge":63.0,"time":"2026-09-09T10:05:00Z","src":"eccc","class":"low","classBy":"level","p50":6.112}},{"type":"Feature","geometry":{"type":"Point","coordinates":[-135.74111,60.85111]},"properties":{"id":"09AC001","name":"Takhini River Near Whitehorse","prov":"YT","kind":"river","level":3.617,"discharge":101.0,"time":"2026-09-09T10:10:00Z","src":"eccc","class":"normal","classBy":"level","p50":3.741}},{"type":"Feature","geometry":{"type":"Point","coordinates":[-134.81728,63.79508]},"properties":{"id":"09DC005","name":"Mayo Lake","prov":"YT","kind":"lake","level":3.458,"time":"2026-09-09T10:10:00Z","src":"eccc","class":"high","classBy":"level","p50":3.13}},{"type":"Feature","geometry":{"type":"Point","coordinates":[-136.92764,60.11344]},"properties":{"id":"08AC001","name":"Takhanne River At Km 167 Haines Highway","prov":"YT","kind":"river","level":28.994,"discharge":3.93,"time":"2026-09-09T10:10:00Z","src":"eccc","class":"low","classBy":"level","p50":29.066}},{"type":"Feature","geometry":{"type":"Point","coordinates":[-82.091,50.58544]},"properties":{"id":"04LM001","name":"Missinaibi River Below Waboose River","prov":"ON","kind":"river","level":24.59,"discharge":69.8,"time":"2026-09-09T10:10:00Z","src":"eccc","class":"normal","classBy":"level","p50":24.576}},{"type":"Feature","geometry":{"type":"Point","coordinates":[-89.42228,51.36658]},"properties":{"id":"04GC002","name":"Albany River Below Achapi Lake","prov":"ON","kind":"river","level":26.496,"discharge":29.1,"time":"2026-09-09T10:15:00Z","src":"eccc","class":"normal","classBy":"level","p50":26.733}},{"type":"Feature","geometry":{"type":"Point","coordinates":[-81.44836,48.40431]},"properties":{"id":"04LA002","name":"Mattagami River Near Timmins","prov":"ON","kind":"river","level":2.371,"discharge":35.6,"time":"2026-09-09T10:10:00Z","src":"eccc","class":"normal","classBy":"level","p50":2.294}},{"type":"Feature","geometry":{"type":"Point","coordinates":[-74.638,45.30647]},"properties":{"id":"02MC037","name":"Garry River Near Alexandria","prov":"ON","kind":"river","level":81.527,"time":"2026-09-09T10:00:00Z","src":"eccc","class":"normal","classBy":"level","p50":81.502}},{"type":"Feature","geometry":{"type":"Point","coordinates":[-84.28478,46.71739]},"properties":{"id":"02BF014","name":"Goulais River Near Kirby'S Corner","prov":"ON","kind":"river","level":2.819,"discharge":4.41,"time":"2026-09-09T10:10:00Z","src":"eccc","class":"low","classBy":"level","p50":3.111}},{"type":"Feature","geometry":{"type":"Point","coordinates":[-79.41733,45.718]},"properties":{"id":"02EA020","name":"Bernard Lake At Sundridge","prov":"ON","kind":"lake","level":8.525,"time":"2026-09-09T10:00:00Z","src":"eccc","class":"high","classBy":"level","p50":8.476}},{"type":"Feature","geometry":{"type":"Point","coordinates":[-80.53997,44.34614]},"properties":{"id":"02FB013","name":"Beaver River Near Vandeleur","prov":"ON","kind":"river","level":7.212,"discharge":3.71,"time":"2026-09-09T09:50:00Z","src":"eccc","class":"high","classBy":"level","p50":7.171}},{"type":"Feature","geometry":{"type":"Point","coordinates":[-80.93019,44.52225]},"properties":{"id":"02FB007","name":"Sydenham River Near Owen Sound","prov":"ON","kind":"river","level":4.904,"discharge":0.846,"time":"2026-09-09T10:05:00Z","src":"eccc","class":"normal","classBy":"level","p50":4.903}},{"type":"Feature","geometry":{"type":"Point","coordinates":[-80.93806,43.37653]},"properties":{"id":"02GD026","name":"Avon River Above Stratford","prov":"ON","kind":"river","level":6.307,"time":"2026-09-09T10:00:00Z","src":"eccc","class":"high","classBy":"level","p50":6.145}},{"type":"Feature","geometry":{"type":"Point","coordinates":[-81.61261,47.71519]},"properties":{"id":"04LA005","name":"Minisinakwa River Near Gogama","prov":"ON","kind":"river","level":348.642,"time":"2026-09-09T10:10:00Z","src":"eccc","class":"normal","classBy":"level","p50":348.669}},{"type":"Feature","geometry":{"type":"Point","coordinates":[-78.84161,44.28964]},"properties":{"id":"02HG001","name":"Mariposa Brook Near Little Britain","prov":"ON","kind":"river","level":2.298,"time":"2026-09-09T10:00:00Z","src":"eccc","class":"high","classBy":"level","p50":2.128}},{"type":"Feature","geometry":{"type":"Point","coordinates":[-74.63814,45.15547]},"properties":{"id":"02MC001","name":"Raisin River Near Williamstown","prov":"ON","kind":"river","level":9.346,"discharge":3.58,"time":"2026-09-09T09:55:00Z","src":"eccc","class":"very-high","classBy":"level","p50":8.964}},{"type":"Feature","geometry":{"type":"Point","coordinates":[-80.55333,43.54111]},"properties":{"id":"02GA006","name":"Conestogo River At St. Jacobs","prov":"ON","kind":"river","level":0.24,"discharge":2.65,"time":"2026-09-09T09:50:00Z","src":"eccc","class":"very-low","classBy":"level","p50":0.335}},{"type":"Feature","geometry":{"type":"Point","coordinates":[-82.04143,49.31084]},"properties":{"id":"04LD001","name":"Groundhog River At Fauquier","prov":"ON","kind":"river","level":29.515,"discharge":73.0,"time":"2026-09-09T10:20:00Z","src":"eccc","class":"normal","classBy":"level","p50":29.293}},{"type":"Feature","geometry":{"type":"Point","coordinates":[-91.51022,53.48947]},"properties":{"id":"04CA002","name":"Severn River At Outlet Of Muskrat Dam Lake","prov":"ON","kind":"river","level":27.373,"time":"2026-09-09T10:15:00Z","src":"eccc","class":"normal","classBy":"level","p50":27.681}},{"type":"Feature","geometry":{"type":"Point","coordinates":[-84.13125,46.53258]},"properties":{"id":"02CA003","name":"St. Marys River Near Garden River","prov":"ON","kind":"river","level":24.201,"time":"2026-09-09T09:55:00Z","src":"eccc","class":"normal","classBy":"level","p50":24.234}},{"type":"Feature","geometry":{"type":"Point","coordinates":[-79.35692,45.83969]},"properties":{"id":"02DD023","name":"Forest Lake At South River","prov":"ON","kind":"lake","level":8.939,"time":"2026-09-09T10:00:00Z","src":"eccc","class":"normal","classBy":"level","p50":8.929}},{"type":"Feature","geometry":{"type":"Point","coordinates":[-81.46319,43.76033]},"properties":{"id":"02FE014","name":"Blyth Brook Below Blyth","prov":"ON","kind":"river","level":3.965,"discharge":1.75,"time":"2026-09-09T10:05:00Z","src":"eccc","class":"high","classBy":"level","p50":3.723}},{"type":"Feature","geometry":{"type":"Point","coordinates":[-81.33178,42.9625]},"properties":{"id":"02GE002","name":"Thames River At Byron","prov":"ON","kind":"river","level":1.868,"discharge":14.7,"time":"2026-09-09T09:45:00Z","src":"eccc","class":"high","classBy":"level","p50":1.762}},{"type":"Feature","geometry":{"type":"Point","coordinates":[-81.38197,46.5995]},"properties":{"id":"02CF010","name":"Onaping River Near Levack","prov":"ON","kind":"river","level":1.127,"time":"2026-09-09T10:15:00Z","src":"eccc","class":"normal","classBy":"level","p50":1.014}},{"type":"Feature","geometry":{"type":"Point","coordinates":[-81.62714,42.95886]},"properties":{"id":"02GG005","name":"Sydenham River At Strathroy","prov":"ON","kind":"river","level":1.847,"discharge":0.413,"time":"2026-09-09T10:00:00Z","src":"eccc","class":"normal","classBy":"level","p50":1.838}},{"type":"Feature","geometry":{"type":"Point","coordinates":[-80.38372,43.12625]},"properties":{"id":"02GB008","name":"Whitemans Creek Near Mount Vernon","prov":"ON","kind":"river","level":1.154,"discharge":1.27,"time":"2026-09-09T10:05:00Z","src":"eccc","class":"normal","classBy":"level","p50":1.127}},{"type":"Feature","geometry":{"type":"Point","coordinates":[-80.61164,46.06858]},"properties":{"id":"02DD010","name":"French River At Dry Pine Bay","prov":"ON","kind":"river","level":0.558,"discharge":47.9,"time":"2026-09-09T10:15:00Z","src":"eccc","class":"normal","classBy":"level","p50":0.567}},{"type":"Feature","geometry":{"type":"Point","coordinates":[-79.64375,44.70719]},"properties":{"id":"02ED007","name":"Coldwater River At Coldwater","prov":"ON","kind":"river","level":1.199,"discharge":1.56,"time":"2026-09-09T10:00:00Z","src":"eccc","class":"normal","classBy":"level","p50":1.194}},{"type":"Feature","geometry":{"type":"Point","coordinates":[-92.27224,50.32023]},"properties":{"id":"05QB001","name":"Lac Seul At Lac Seul","prov":"ON","kind":"lake","level":356.395,"time":"2026-09-09T10:00:00Z","src":"eccc","class":"normal","classBy":"level","p50":356.25}},{"type":"Feature","geometry":{"type":"Point","coordinates":[-76.61256,44.25656]},"properties":{"id":"02HM005","name":"Collins Creek Near Kingston","prov":"ON","kind":"river","level":11.801,"discharge":0.529,"time":"2026-09-09T09:55:00Z","src":"eccc","class":"high","classBy":"level","p50":11.568}},{"type":"Feature","geometry":{"type":"Point","coordinates":[-92.65856,48.49686]},"properties":{"id":"05PA013","name":"Namakan Lake At Squirrel Island","prov":"ON","kind":"lake","level":340.6,"time":"2026-09-09T10:15:00Z","src":"eccc","class":"high","classBy":"level","p50":340.542}},{"type":"Feature","geometry":{"type":"Point","coordinates":[-89.80986,48.29211]},"properties":{"id":"02AB017","name":"Whitefish River At Nolalu","prov":"ON","kind":"river","level":0.548,"discharge":0.394,"time":"2026-09-09T09:55:00Z","src":"eccc","class":"normal","classBy":"level","p50":0.498}},{"type":"Feature","geometry":{"type":"Point","coordinates":[-81.98661,45.65169]},"properties":{"id":"02CG003","name":"Blue Jay Creek Near Tehkummah","prov":"ON","kind":"river","level":7.945,"discharge":0.492,"time":"2026-09-09T10:15:00Z","src":"eccc","class":"high","classBy":"level","p50":7.931}},{"type":"Feature","geometry":{"type":"Point","coordinates":[-80.67467,48.64457]},"properties":{"id":"04MB002","name":"Driftwood River At Monteith","prov":"ON","kind":"river","level":261.095,"time":"2026-09-09T10:15:00Z","src":"eccc","class":"high","classBy":"level","p50":260.884}},{"type":"Feature","geometry":{"type":"Point","coordinates":[-75.80808,45.34358]},"properties":{"id":"02KF015","name":"Graham Creek At Nepean","prov":"ON","kind":"river","level":0.818,"discharge":0.102,"time":"2026-09-09T10:00:00Z","src":"eccc","class":"normal","classBy":"level","p50":0.793}},{"type":"Feature","geometry":{"type":"Point","coordinates":[-80.60362,46.01661]},"properties":{"id":"02DD029","name":"French River At Recollet Falls","prov":"ON","kind":"river","discharge":46.8,"time":"2026-09-09T10:15:00Z","src":"eccc"}},{"type":"Feature","geometry":{"type":"Point","coordinates":[-80.95714,46.81944]},"properties":{"id":"02CF014","name":"Vermilion River Near Milnet","prov":"ON","kind":"river","level":3.66,"discharge":3.13,"time":"2026-09-09T10:00:00Z","src":"eccc","class":"normal","classBy":"level","p50":3.622}},{"type":"Feature","geometry":{"type":"Point","coordinates":[-81.12464,43.71839]},"properties":{"id":"02FE013","name":"Middle Maitland River Above Ethel","prov":"ON","kind":"river","level":4.114,"discharge":0.172,"time":"2026-09-09T10:05:00Z","src":"eccc","class":"very-low","classBy":"level","p50":4.22}},{"type":"Feature","geometry":{"type":"Point","coordinates":[-81.45139,50.75158]},"properties":{"id":"04LG004","name":"Moose River Above Moose River","prov":"ON","kind":"river","level":87.486,"discharge":174.0,"time":"2026-09-09T10:10:00Z","src":"eccc","class":"normal","classBy":"level","p50":87.594}},{"type":"Feature","geometry":{"type":"Point","coordinates":[-79.81003,47.32139]},"properties":{"id":"02JD014","name":"Montreal River At Latchford","prov":"ON","kind":"river","level":4.74,"time":"2026-09-09T09:55:00Z","src":"eccc"}},{"type":"Feature","geometry":{"type":"Point","coordinates":[-90.19796,51.0374]},"properties":{"id":"04GA003","name":"Pashkokogan River At Outlet Of Pashkokogan Lake","prov":"ON","kind":"river","level":27.349,"discharge":20.4,"time":"2026-09-09T09:20:00Z","src":"eccc","class":"normal","classBy":"level","p50":27.283}},{"type":"Feature","geometry":{"type":"Point","coordinates":[-79.07044,44.72561]},"properties":{"id":"02EC022","name":"Head River Near Sebright","prov":"ON","kind":"river","level":8.994,"discharge":0.926,"time":"2026-09-09T10:05:00Z","src":"eccc","class":"high","classBy":"level","p50":8.884}},{"type":"Feature","geometry":{"type":"Point","coordinates":[-86.29661,48.77408]},"properties":{"id":"02BB003","name":"Pic River Near Marathon","prov":"ON","kind":"river","level":1.628,"time":"2026-09-09T10:15:00Z","src":"eccc","class":"very-low","classBy":"level","p50":1.951}},{"type":"Feature","geometry":{"type":"Point","coordinates":[-124.54333,50.12777]},"properties":{"id":"08GC007","name":"Theodosia River Below Olsen Lake Diversion","prov":"BC","kind":"river","level":3.73,"discharge":0.049,"time":"2026-09-09T10:05:00Z","src":"eccc","class":"normal","classBy":"level","p50":3.734}},{"type":"Feature","geometry":{"type":"Point","coordinates":[-125.90671,49.84107]},"properties":{"id":"08HC006","name":"Crest Lake Near Highway 28","prov":"BC","kind":"lake","level":0.933,"discharge":0.05,"time":"2026-09-09T10:20:00Z","src":"eccc","class":"normal","classBy":"level","p50":0.909}},{"type":"Feature","geometry":{"type":"Point","coordinates":[-116.45249,49.15912]},"properties":{"id":"08NH084","name":"Arrow Creek Near Erickson","prov":"BC","kind":"river","level":0.324,"discharge":0.46,"time":"2026-09-09T10:05:00Z","src":"eccc","class":"high","classBy":"level","p50":0.305}},{"type":"Feature","geometry":{"type":"Point","coordinates":[-121.99189,52.07708]},"properties":{"id":"08MC040","name":"San Jose River Above Borland Creek","prov":"BC","kind":"river","level":1.822,"discharge":0.101,"time":"2026-09-09T10:05:00Z","src":"eccc","class":"normal","classBy":"level","p50":1.878}},{"type":"Feature","geometry":{"type":"Point","coordinates":[-124.91028,49.28972]},"properties":{"id":"08HB008","name":"Sproat River Near Alberni","prov":"BC","kind":"river","level":0.649,"discharge":2.45,"time":"2026-09-09T10:10:00Z","src":"eccc","class":"normal","classBy":"level","p50":0.687}},{"type":"Feature","geometry":{"type":"Point","coordinates":[-119.07283,50.00041]},"properties":{"id":"08NM232","name":"Belgo Creek Below Hilda Creek","prov":"BC","kind":"river","level":1.24,"discharge":0.399,"time":"2026-09-09T10:05:00Z","src":"eccc","class":"normal","classBy":"level","p50":1.256}},{"type":"Feature","geometry":{"type":"Point","coordinates":[-128.74396,54.6793]},"properties":{"id":"08EG019","name":"Kitsumkalum River Below Alice Creek","prov":"BC","kind":"river","level":3.63,"discharge":102.0,"time":"2026-09-09T10:05:00Z","src":"eccc","class":"normal","classBy":"level","p50":3.661}},{"type":"Feature","geometry":{"type":"Point","coordinates":[-120.56436,55.95736]},"properties":{"id":"07FD001","name":"Kiskatinaw River Near Farmington","prov":"BC","kind":"river","level":94.931,"discharge":0.379,"time":"2026-09-09T10:00:00Z","src":"eccc","class":"very-high","classBy":"level","p50":0.212}},{"type":"Feature","geometry":{"type":"Point","coordinates":[-127.20416,54.80994]},"properties":{"id":"08EE012","name":"Simpson Creek At The Mouth","prov":"BC","kind":"river","level":0.39,"discharge":0.178,"time":"2026-09-09T09:50:00Z","src":"eccc","class":"normal","classBy":"level","p50":0.38}},{"type":"Feature","geometry":{"type":"Point","coordinates":[-121.23995,50.83575]},"properties":{"id":"08LF099","name":"Arrowstone Creek Near The Mouth","prov":"BC","kind":"river","level":1.727,"discharge":0.041,"time":"2026-09-09T10:10:00Z","src":"eccc","class":"normal","classBy":"level","p50":1.719}},{"type":"Feature","geometry":{"type":"Point","coordinates":[-133.70547,59.57253]},"properties":{"id":"09AA001","name":"Atlin Lake At Atlin","prov":"BC","kind":"lake","level":2.698,"time":"2026-09-09T10:05:00Z","src":"eccc","class":"normal","classBy":"level","p50":2.688}},{"type":"Feature","geometry":{"type":"Point","coordinates":[-119.67539,50.95358]},"properties":{"id":"08LD003","name":"Adams Lake Near Squilax","prov":"BC","kind":"lake","level":2.024,"time":"2026-09-09T10:15:00Z","src":"eccc","class":"low","classBy":"level","p50":2.252}},{"type":"Feature","geometry":{"type":"Point","coordinates":[-101.06086,52.15098]},"properties":{"id":"05LE005","name":"Roaring River Near Minitonas","prov":"MB","kind":"river","level":285.29,"discharge":5.4,"time":"2026-09-09T10:10:00Z","src":"eccc","class":"very-high","classBy":"level","p50":284.767}},{"type":"Feature","geometry":{"type":"Point","coordinates":[-100.23569,49.59025]},"properties":{"id":"05NG012","name":"Elgin Creek Near Souris","prov":"MB","kind":"river","level":1.319,"discharge":0.585,"time":"2026-09-09T10:15:00Z","src":"eccc","class":"very-high","classBy":"level","p50":0.585}},{"type":"Feature","geometry":{"type":"Point","coordinates":[-101.29923,50.79514]},"properties":{"id":"05ME005","name":"Conjuring Creek Near Russell","prov":"MB","kind":"river","level":553.327,"discharge":0.751,"time":"2026-09-09T10:15:00Z","src":"eccc","class":"high","classBy":"level","p50":552.664}},{"type":"Feature","geometry":{"type":"Point","coordinates":[-99.94614,50.52331]},"properties":{"id":"05MF008","name":"Rolling River Near Erickson","prov":"MB","kind":"river","level":607.293,"discharge":3.99,"time":"2026-09-09T10:15:00Z","src":"eccc","class":"high","classBy":"level","p50":606.735}},{"type":"Feature","geometry":{"type":"Point","coordinates":[-101.08636,52.37086]},"properties":{"id":"05LE010","name":"Birch River Near Birch River","prov":"MB","kind":"river","level":296.437,"discharge":3.22,"time":"2026-09-09T10:11:00Z","src":"eccc","class":"high","classBy":"level","p50":296.229}},{"type":"Feature","geometry":{"type":"Point","coordinates":[-97.80017,49.57597]},"properties":{"id":"05OF026","name":"Norquay Channel Near Homewood","prov":"MB","kind":"river","level":6.696,"discharge":0.279,"time":"2026-09-09T10:15:00Z","src":"eccc","class":"high","classBy":"level","p50":6.649}},{"type":"Feature","geometry":{"type":"Point","coordinates":[-97.13219,49.8985]},"properties":{"id":"05OJ015","name":"Red River At James Avenue Pumping Station","prov":"MB","kind":"river","level":223.935,"time":"2026-09-09T09:58:00Z","src":"eccc","class":"high","classBy":"level","p50":223.729}},{"type":"Feature","geometry":{"type":"Point","coordinates":[-96.93742,50.08389]},"properties":{"id":"05OJ021","name":"Red River Upstream Of St. Andrews Dam At Lockport","prov":"MB","kind":"river","level":223.721,"time":"2026-09-09T10:00:00Z","src":"eccc","class":"high","classBy":"level","p50":223.596}},{"type":"Feature","geometry":{"type":"Point","coordinates":[-97.35762,55.99526]},"properties":{"id":"05TG003","name":"Odei River Near Thompson","prov":"MB","kind":"river","level":96.528,"discharge":34.7,"time":"2026-09-09T10:15:00Z","src":"eccc","class":"normal","classBy":"level","p50":96.565}},{"type":"Feature","geometry":{"type":"Point","coordinates":[-100.95514,50.09281]},"properties":{"id":"05MG001","name":"Arrow River Near Arrow River","prov":"MB","kind":"river","level":101.128,"discharge":0.699,"time":"2026-09-09T10:17:00Z","src":"eccc","class":"very-high","classBy":"level","p50":0.576}},{"type":"Feature","geometry":{"type":"Point","coordinates":[-97.47028,51.41031]},"properties":{"id":"05SD006","name":"Fisher River North Of Dallas","prov":"MB","kind":"river","level":219.914,"discharge":1.3,"time":"2026-09-09T10:10:00Z","src":"eccc","class":"normal","classBy":"level","p50":219.923}},{"type":"Feature","geometry":{"type":"Point","coordinates":[-97.94461,49.51747]},"properties":{"id":"05OF003","name":"Boyne River Near Carman","prov":"MB","kind":"river","level":252.16,"discharge":0.527,"time":"2026-09-09T10:00:00Z","src":"eccc","class":"normal","classBy":"level","p50":252.208}},{"type":"Feature","geometry":{"type":"Point","coordinates":[-100.48961,51.66739]},"properties":{"id":"05LG003","name":"Garland River Near Garland","prov":"MB","kind":"river","level":7.802,"discharge":0.457,"time":"2026-09-09T10:05:00Z","src":"eccc","class":"normal","classBy":"level","p50":7.908}},{"type":"Feature","geometry":{"type":"Point","coordinates":[-98.67939,49.23206]},"properties":{"id":"05OB001","name":"Pembina River Near La Riviere","prov":"MB","kind":"river","level":391.956,"discharge":4.79,"time":"2026-09-09T10:15:00Z","src":"eccc","class":"low","classBy":"level","p50":392.472}},{"type":"Feature","geometry":{"type":"Point","coordinates":[-99.90753,50.35881]},"properties":{"id":"05MF001","name":"Little Saskatchewan River Near Minnedosa","prov":"MB","kind":"river","level":522.474,"discharge":4.39,"time":"2026-09-09T10:05:00Z","src":"eccc","class":"high","classBy":"level","p50":522.293}},{"type":"Feature","geometry":{"type":"Point","coordinates":[-99.51233,49.56211]},"properties":{"id":"05NG010","name":"Oak Creek Near Stockton","prov":"MB","kind":"river","level":364.589,"discharge":0.218,"time":"2026-09-09T10:15:00Z","src":"eccc","class":"normal","classBy":"level","p50":364.663}},{"type":"Feature","geometry":{"type":"Point","coordinates":[-101.25167,52.12072]},"properties":{"id":"05LE001","name":"Swan River At Swan River","prov":"MB","kind":"river","level":5.016,"time":"2026-09-09T10:05:00Z","src":"eccc","class":"very-high","classBy":"level","p50":4.629}},{"type":"Feature","geometry":{"type":"Point","coordinates":[-98.25031,49.37925]},"properties":{"id":"05OF017","name":"South Tobacco Creek Near Miami","prov":"MB","kind":"river","level":307.983,"discharge":5.74,"time":"2026-09-09T10:05:00Z","src":"eccc","class":"very-high","classBy":"level","p50":307.242}},{"type":"Feature","geometry":{"type":"Point","coordinates":[-98.38028,49.96556]},"properties":{"id":"05LL019","name":"Portage Diversion Near Portage La Prairie","prov":"MB","kind":"river","level":260.142,"discharge":4.38,"time":"2026-09-09T10:05:00Z","src":"eccc","class":"very-high","classBy":"level","p50":259.717}},{"type":"Feature","geometry":{"type":"Point","coordinates":[-99.48533,50.8015]},"properties":{"id":"05LJ027","name":"Mckinnon Creek Near Mccreary","prov":"MB","kind":"river","level":1.75,"discharge":0.089,"time":"2026-09-09T10:10:00Z","src":"eccc","class":"normal","classBy":"level","p50":1.762}},{"type":"Feature","geometry":{"type":"Point","coordinates":[-101.31861,50.44222]},"properties":{"id":"05ME011","name":"Assiniboine River Southwest Of St. Lazare","prov":"MB","kind":"river","level":389.753,"time":"2026-09-09T10:10:00Z","src":"eccc","class":"very-high","classBy":"level","p50":388.125}},{"type":"Feature","geometry":{"type":"Point","coordinates":[-97.13522,49.78472]},"properties":{"id":"05OC008","name":"Red River Near St. Norbert","prov":"MB","kind":"river","level":223.989,"discharge":59.2,"time":"2026-09-09T10:00:00Z","src":"eccc","class":"normal","classBy":"level","p50":223.909}},{"type":"Feature","geometry":{"type":"Point","coordinates":[-97.03747,50.96472]},"properties":{"id":"05SC002","name":"Icelandic River Near Riverton","prov":"MB","kind":"river","level":218.997,"discharge":0.215,"time":"2026-09-09T10:00:00Z","src":"eccc","class":"normal","classBy":"level","p50":219.049}},{"type":"Feature","geometry":{"type":"Point","coordinates":[-101.49477,50.94526]},"properties":{"id":"05MD013","name":"Blackbird Creek Near Shellmouth","prov":"MB","kind":"river","level":94.337,"time":"2026-09-09T10:10:00Z","src":"eccc"}},{"type":"Feature","geometry":{"type":"Point","coordinates":[-97.14278,49.13339]},"properties":{"id":"05OD028","name":"Main Drain Near Dominion City","prov":"MB","kind":"river","level":235.154,"discharge":0.0,"time":"2026-09-09T10:15:00Z","src":"eccc","class":"normal","classBy":"level","p50":235.272}},{"type":"Feature","geometry":{"type":"Point","coordinates":[-99.54617,51.8485]},"properties":{"id":"05LH005","name":"Waterhen River Near Waterhen","prov":"MB","kind":"river","level":250.747,"discharge":251.0,"time":"2026-09-09T10:20:00Z","src":"eccc","class":"high","classBy":"level","p50":250.272}},{"type":"Feature","geometry":{"type":"Point","coordinates":[-96.08729,56.24386]},"properties":{"id":"05UF003","name":"Split Lake At Split Lake","prov":"MB","kind":"lake","level":167.102,"time":"2026-09-09T10:00:00Z","src":"eccc","class":"normal","classBy":"level","p50":167.019}},{"type":"Feature","geometry":{"type":"Point","coordinates":[-98.71181,51.58733]},"properties":{"id":"05LM001","name":"Fairford River Near Fairford","prov":"MB","kind":"river","level":246.124,"discharge":133.0,"time":"2026-09-09T10:05:00Z","src":"eccc","class":"normal","classBy":"level","p50":246.301}},{"type":"Feature","geometry":{"type":"Point","coordinates":[-95.41425,50.46281]},"properties":{"id":"05PJ001","name":"Bird River At Outlet Of Bird Lake","prov":"MB","kind":"river","level":0.956,"discharge":2.69,"time":"2026-09-09T10:15:00Z","src":"eccc","class":"normal","classBy":"level","p50":1.029}},{"type":"Feature","geometry":{"type":"Point","coordinates":[-94.62245,58.11862]},"properties":{"id":"06FD001","name":"Churchill River Above Red Head Rapids","prov":"MB","kind":"river","level":22.513,"discharge":242.0,"time":"2026-09-09T10:00:00Z","src":"eccc","class":"normal","classBy":"level","p50":23.334}},{"type":"Feature","geometry":{"type":"Point","coordinates":[-97.40528,49.86828]},"properties":{"id":"05MJ001","name":"Assiniboine River At Headingley","prov":"MB","kind":"river","level":231.84,"discharge":94.8,"time":"2026-09-09T10:00:00Z","src":"eccc","class":"high","classBy":"level","p50":231.111}},{"type":"Feature","geometry":{"type":"Point","coordinates":[-99.48118,49.13833]},"properties":{"id":"05OA006","name":"Long River Near Holmfield","prov":"MB","kind":"river","level":468.444,"discharge":0.076,"time":"2026-09-09T10:10:00Z","src":"eccc","class":"high","classBy":"level","p50":468.322}},{"type":"Feature","geometry":{"type":"Point","coordinates":[-97.19473,49.88424]},"properties":{"id":"05MJ013","name":"Omands Creek Near Empress Street East","prov":"MB","kind":"river","level":3.777,"discharge":0.404,"time":"2026-09-09T10:10:00Z","src":"eccc","class":"normal","classBy":"level","p50":3.751}},{"type":"Feature","geometry":{"type":"Point","coordinates":[-98.16111,57.31306]},"properties":{"id":"06EC006","name":"Southern Indian Lake At Missi Falls","prov":"MB","kind":"lake","level":258.146,"time":"2026-09-09T10:15:00Z","src":"eccc","class":"normal","classBy":"level","p50":258.148}},{"type":"Feature","geometry":{"type":"Point","coordinates":[-99.78808,51.0515]},"properties":{"id":"05LJ005","name":"Ochre River At Ochre River","prov":"MB","kind":"river","level":279.21,"discharge":1.93,"time":"2026-09-09T10:05:00Z","src":"eccc","class":"normal","classBy":"level","p50":279.127}},{"type":"Feature","geometry":{"type":"Point","coordinates":[-101.66717,57.88028]},"properties":{"id":"06DB001","name":"Reindeer Lake At Brochet","prov":"MB","kind":"lake","level":336.624,"time":"2026-09-09T10:05:00Z","src":"eccc","class":"very-high","classBy":"level","p50":336.232}},{"type":"Feature","geometry":{"type":"Point","coordinates":[-99.21198,53.19112]},"properties":{"id":"05SG001","name":"Lake Winnipeg At Mission Point","prov":"MB","kind":"lake","level":217.561,"time":"2026-09-09T10:15:00Z","src":"eccc","class":"normal","classBy":"level","p50":217.679}},{"type":"Feature","geometry":{"type":"Point","coordinates":[-93.45306,57.02306]},"properties":{"id":"05UH002","name":"Weir River Above The Mouth","prov":"MB","kind":"river","level":95.39,"discharge":10.6,"time":"2026-09-09T10:15:00Z","src":"eccc","class":"normal","classBy":"level","p50":95.478}},{"type":"Feature","geometry":{"type":"Point","coordinates":[-92.09486,55.85036]},"properties":{"id":"04AD002","name":"Gods River Near Shamattawa","prov":"MB","kind":"river","level":25.149,"discharge":430.0,"time":"2026-09-09T10:10:00Z","src":"eccc"}},{"type":"Feature","geometry":{"type":"Point","coordinates":[-96.85856,50.283]},"properties":{"id":"05OJ022","name":"Red River At Breezy Point","prov":"MB","kind":"river","level":217.576,"time":"2026-09-09T10:00:00Z","src":"eccc","class":"normal","classBy":"level","p50":217.501}},{"type":"Feature","geometry":{"type":"Point","coordinates":[-101.1025,53.14294]},"properties":{"id":"05LD001","name":"Overflowing River At Overflowing River","prov":"MB","kind":"river","level":254.175,"discharge":15.6,"time":"2026-09-09T10:15:00Z","src":"eccc"}},{"type":"Feature","geometry":{"type":"Point","coordinates":[-97.54981,49.25081]},"properties":{"id":"05OC016","name":"Deadhorse Creek Near Rosenfeld","prov":"MB","kind":"river","level":1.163,"discharge":0.034,"time":"2026-09-09T10:05:00Z","src":"eccc","class":"normal","classBy":"level","p50":1.238}},{"type":"Feature","geometry":{"type":"Point","coordinates":[-98.58406,50.13494]},"properties":{"id":"05LL002","name":"Whitemud River At Westbourne","prov":"MB","kind":"river","level":0.517,"discharge":7.47,"time":"2026-09-09T10:15:00Z","src":"eccc","class":"high","classBy":"level","p50":0.353}},{"type":"Feature","geometry":{"type":"Point","coordinates":[-96.28714,49.20981]},"properties":{"id":"05OE004","name":"Rat River Near Sundown","prov":"MB","kind":"river","level":315.669,"discharge":0.832,"time":"2026-09-09T10:10:00Z","src":"eccc","class":"normal","classBy":"level","p50":315.63}},{"type":"Feature","geometry":{"type":"Point","coordinates":[-97.43205,49.68]},"properties":{"id":"05OG001","name":"La Salle River Near Sanford","prov":"MB","kind":"river","level":231.42,"discharge":1.54,"time":"2026-09-09T10:05:00Z","src":"eccc","class":"high","classBy":"level","p50":231.216}},{"type":"Feature","geometry":{"type":"Point","coordinates":[-96.75908,52.77269]},"properties":{"id":"05RE001","name":"Poplar River At Outlet Of Weaver Lake","prov":"MB","kind":"river","discharge":29.7,"time":"2026-09-09T10:15:00Z","src":"eccc","class":"normal","classBy":"discharge","p50":17.0}},{"type":"Feature","geometry":{"type":"Point","coordinates":[-96.42833,50.09014]},"properties":{"id":"05SA002","name":"Brokenhead River Near Beausejour","prov":"MB","kind":"river","level":228.324,"discharge":0.296,"time":"2026-09-09T10:05:00Z","src":"eccc","class":"normal","classBy":"level","p50":228.474}},{"type":"Feature","geometry":{"type":"Point","coordinates":[-101.55664,56.53925]},"properties":{"id":"06EB007","name":"Eager Lake Near Tod Lake","prov":"MB","kind":"lake","level":33.788,"time":"2026-09-09T10:15:00Z","src":"eccc","class":"high","classBy":"level","p50":33.248}},{"type":"Feature","geometry":{"type":"Point","coordinates":[-123.11589,51.52369]},"properties":{"id":"08MB006","name":"Big Creek Above Groundhog Creek","prov":"BC","kind":"river","level":1.001,"discharge":11.4,"time":"2026-09-09T10:10:00Z","src":"eccc","class":"very-high","classBy":"level","p50":0.771}},{"type":"Feature","geometry":{"type":"Point","coordinates":[-120.13493,49.96492]},"properties":{"id":"08LG016","name":"Pennask Creek Near Quilchena","prov":"BC","kind":"river","level":0.372,"discharge":0.049,"time":"2026-09-09T10:15:00Z","src":"eccc","class":"low","classBy":"level","p50":0.386}},{"type":"Feature","geometry":{"type":"Point","coordinates":[-133.81442,59.59536]},"properties":{"id":"09AA006","name":"Atlin River Near Atlin","prov":"BC","kind":"river","discharge":244.0,"time":"2026-09-09T10:05:00Z","src":"eccc","class":"high","classBy":"discharge","p50":211.0}},{"type":"Feature","geometry":{"type":"Point","coordinates":[-122.66164,58.78811]},"properties":{"id":"10CD001","name":"Muskwa River Near Fort Nelson","prov":"BC","kind":"river","level":0.059,"discharge":147.0,"time":"2026-09-09T09:50:00Z","src":"eccc","class":"normal","classBy":"level","p50":0.287}},{"type":"Feature","geometry":{"type":"Point","coordinates":[-132.14786,53.24399]},"properties":{"id":"08OA005","name":"Tarundl Creek Near Daajing Giids","prov":"BC","kind":"river","level":0.913,"discharge":0.072,"time":"2026-09-09T10:00:00Z","src":"eccc"}},{"type":"Feature","geometry":{"type":"Point","coordinates":[-124.5425,50.12833]},"properties":{"id":"08GC006","name":"Theodosia River Diversion Bypass","prov":"BC","kind":"river","level":6.784,"discharge":1.28,"time":"2026-09-09T10:05:00Z","src":"eccc","class":"normal","classBy":"level","p50":6.74}},{"type":"Feature","geometry":{"type":"Point","coordinates":[-122.92169,51.24492]},"properties":{"id":"08MD035","name":"Dash Creek Above Churn Creek","prov":"BC","kind":"river","level":3.339,"discharge":0.351,"time":"2026-09-09T10:10:00Z","src":"eccc","class":"high","classBy":"level","p50":3.269}},{"type":"Feature","geometry":{"type":"Point","coordinates":[-124.31138,48.57623]},"properties":{"id":"08HA010","name":"San Juan River Near Port Renfrew","prov":"BC","kind":"river","level":2.032,"discharge":2.16,"time":"2026-09-09T10:15:00Z","src":"eccc","class":"normal","classBy":"level","p50":1.912}},{"type":"Feature","geometry":{"type":"Point","coordinates":[-128.54593,55.60061]},"properties":{"id":"08DB015","name":"Cranberry River At Cranberry Junction","prov":"BC","kind":"river","level":2.453,"time":"2026-09-09T10:10:00Z","src":"eccc"}},{"type":"Feature","geometry":{"type":"Point","coordinates":[-127.42658,54.11683]},"properties":{"id":"08ED002","name":"Morice River Near Houston","prov":"BC","kind":"river","level":1.149,"discharge":89.8,"time":"2026-09-09T09:55:00Z","src":"eccc","class":"high","classBy":"level","p50":1.019}},{"type":"Feature","geometry":{"type":"Point","coordinates":[-114.95689,49.58542]},"properties":{"id":"08NK026","name":"Hosmer Creek Above Diversions","prov":"BC","kind":"river","level":2.123,"discharge":0.038,"time":"2026-09-09T10:05:00Z","src":"eccc","class":"very-high","classBy":"level","p50":1.049}},{"type":"Feature","geometry":{"type":"Point","coordinates":[-121.06694,52.29139]},"properties":{"id":"08KH010","name":"Horsefly River Above Mckinley Creek","prov":"BC","kind":"river","level":0.263,"discharge":6.29,"time":"2026-09-09T10:00:00Z","src":"eccc","class":"normal","classBy":"level","p50":0.264}},{"type":"Feature","geometry":{"type":"Point","coordinates":[-122.13208,51.18367]},"properties":{"id":"08MD013","name":"Fraser River At Big Bar Creek","prov":"BC","kind":"river","level":5.562,"discharge":1210.0,"time":"2026-09-09T10:05:00Z","src":"eccc","class":"normal","classBy":"level","p50":5.362}},{"type":"Feature","geometry":{"type":"Point","coordinates":[-125.59436,51.14478]},"properties":{"id":"08GE002","name":"Klinaklini River East Channel (Main) Near The Mouth","prov":"BC","kind":"river","level":5.113,"discharge":449.0,"time":"2026-09-09T09:55:00Z","src":"eccc","class":"normal","classBy":"level","p50":5.075}},{"type":"Feature","geometry":{"type":"Point","coordinates":[-121.77583,49.20369]},"properties":{"id":"08MF035","name":"Fraser River Near Agassiz","prov":"BC","kind":"river","level":12.687,"time":"2026-09-09T10:05:00Z","src":"eccc","class":"very-high","classBy":"level","p50":3.194}},{"type":"Feature","geometry":{"type":"Point","coordinates":[-124.40722,51.67322]},"properties":{"id":"08GD008","name":"Homathko River At Inlet To Tatlayoko Lake","prov":"BC","kind":"river","level":2.121,"discharge":2.72,"time":"2026-09-09T10:10:00Z","src":"eccc","class":"very-high","classBy":"level","p50":2.044}},{"type":"Feature","geometry":{"type":"Point","coordinates":[-122.67986,54.09642]},"properties":{"id":"08KC001","name":"Salmon River Near Prince George","prov":"BC","kind":"river","level":0.907,"discharge":4.3,"time":"2026-09-09T10:00:00Z","src":"eccc","class":"normal","classBy":"level","p50":1.106}},{"type":"Feature","geometry":{"type":"Point","coordinates":[-127.45169,53.93033]},"properties":{"id":"08ED001","name":"Nanika River At Outlet Of Kidprice Lake","prov":"BC","kind":"river","level":3.481,"discharge":24.0,"time":"2026-09-09T09:55:00Z","src":"eccc","class":"high","classBy":"level","p50":3.365}},{"type":"Feature","geometry":{"type":"Point","coordinates":[-125.81268,49.85723]},"properties":{"id":"08HD018","name":"Elk River Above Campbell Lake","prov":"BC","kind":"river","level":4.411,"discharge":1.88,"time":"2026-09-09T10:15:00Z","src":"eccc","class":"normal","classBy":"level","p50":4.37}},{"type":"Feature","geometry":{"type":"Point","coordinates":[-124.27062,54.41686]},"properties":{"id":"08JE001","name":"Stuart River Near Fort St. James","prov":"BC","kind":"river","level":1.413,"discharge":118.0,"time":"2026-09-09T09:50:00Z","src":"eccc","class":"normal","classBy":"level","p50":1.269}},{"type":"Feature","geometry":{"type":"Point","coordinates":[-122.73494,53.90078]},"properties":{"id":"08KE018","name":"Fraser River At South Fort George","prov":"BC","kind":"river","level":4.475,"time":"2026-09-09T10:00:00Z","src":"eccc","class":"normal","classBy":"level","p50":4.776}},{"type":"Feature","geometry":{"type":"Point","coordinates":[-128.1684,50.66933]},"properties":{"id":"08HF006","name":"San Josef River Below Sharp Creek","prov":"BC","kind":"river","level":2.399,"discharge":1.23,"time":"2026-09-09T10:10:00Z","src":"eccc","class":"normal","classBy":"level","p50":2.458}},{"type":"Feature","geometry":{"type":"Point","coordinates":[-120.4999,50.14161]},"properties":{"id":"08LG017","name":"Quilchena Creek At Quilchena","prov":"BC","kind":"river","level":2.111,"discharge":0.088,"time":"2026-09-09T10:05:00Z","src":"eccc","class":"normal","classBy":"level","p50":2.113}},{"type":"Feature","geometry":{"type":"Point","coordinates":[-119.01285,50.54366]},"properties":{"id":"08LC002","name":"Shuswap River Near Enderby","prov":"BC","kind":"river","level":1.786,"discharge":24.3,"time":"2026-09-09T10:15:00Z","src":"eccc","class":"low","classBy":"level","p50":1.958}},{"type":"Feature","geometry":{"type":"Point","coordinates":[-125.9225,50.32014]},"properties":{"id":"08HD006","name":"Salmon River Near Sayward","prov":"BC","kind":"river","level":1.331,"discharge":7.33,"time":"2026-09-09T10:10:00Z","src":"eccc","class":"very-low","classBy":"level","p50":6.325}},{"type":"Feature","geometry":{"type":"Point","coordinates":[-121.15444,50.84079]},"properties":{"id":"08LF100","name":"Dairy Creek Above Tsotin Lake","prov":"BC","kind":"river","level":0.234,"discharge":0.009,"time":"2026-09-09T10:15:00Z","src":"eccc","class":"normal","classBy":"level","p50":0.245}},{"type":"Feature","geometry":{"type":"Point","coordinates":[-117.7185,51.67799]},"properties":{"id":"08NB014","name":"Gold River Above Palmer Creek","prov":"BC","kind":"river","level":1.818,"discharge":21.6,"time":"2026-09-09T10:10:00Z","src":"eccc","class":"normal","classBy":"level","p50":1.813}},{"type":"Feature","geometry":{"type":"Point","coordinates":[-126.69763,55.42654]},"properties":{"id":"08EC013","name":"Babine River At Outlet Of Nilkitkwa Lake","prov":"BC","kind":"river","level":0.313,"discharge":32.1,"time":"2026-09-09T09:55:00Z","src":"eccc","class":"low","classBy":"level","p50":0.385}},{"type":"Feature","geometry":{"type":"Point","coordinates":[-128.60261,54.06405]},"properties":{"id":"08FF002","name":"Hirsch Creek Near The Mouth","prov":"BC","kind":"river","level":0.804,"discharge":8.69,"time":"2026-09-09T10:00:00Z","src":"eccc","class":"normal","classBy":"level","p50":0.925}},{"type":"Feature","geometry":{"type":"Point","coordinates":[-124.96944,48.8925]},"properties":{"id":"08HB014","name":"Sarita River Near Bamfield","prov":"BC","kind":"river","level":1.55,"discharge":3.48,"time":"2026-09-09T08:10:00Z","src":"eccc","class":"normal","classBy":"level","p50":1.407}},{"type":"Feature","geometry":{"type":"Point","coordinates":[-122.73407,49.24481]},"properties":{"id":"08MH035","name":"Pitt River Near Port Coquitlam","prov":"BC","kind":"river","level":3.427,"time":"2026-09-09T10:15:00Z","src":"eccc","class":"high","classBy":"level","p50":3.171}},{"type":"Feature","geometry":{"type":"Point","coordinates":[-120.803,50.1098]},"properties":{"id":"08LG010","name":"Coldwater River At Merritt","prov":"BC","kind":"river","level":1.026,"discharge":0.427,"time":"2026-09-09T10:00:00Z","src":"eccc","class":"high","classBy":"level","p50":0.933}},{"type":"Feature","geometry":{"type":"Point","coordinates":[-119.39408,50.88804]},"properties":{"id":"08LE111","name":"Shuswap Lake At Blind Bay","prov":"BC","kind":"lake","level":345.288,"time":"2026-09-09T10:15:00Z","src":"eccc"}},{"type":"Feature","geometry":{"type":"Point","coordinates":[-125.00852,54.00736]},"properties":{"id":"08JB002","name":"Stellako River At Glenannan","prov":"BC","kind":"river","level":1.896,"discharge":10.2,"time":"2026-09-09T10:00:00Z","src":"eccc","class":"normal","classBy":"level","p50":1.861}},{"type":"Feature","geometry":{"type":"Point","coordinates":[-127.12333,54.64861]},"properties":{"id":"08EE008","name":"Goathorn Creek Near Telkwa","prov":"BC","kind":"river","level":1.27,"discharge":0.868,"time":"2026-09-09T10:05:00Z","src":"eccc","class":"high","classBy":"level","p50":1.141}},{"type":"Feature","geometry":{"type":"Point","coordinates":[-118.042,49.44847]},"properties":{"id":"08NE087","name":"Deer Creek At Deer Park","prov":"BC","kind":"river","level":0.13,"discharge":0.138,"time":"2026-09-09T10:05:00Z","src":"eccc","class":"normal","classBy":"level","p50":0.142}},{"type":"Feature","geometry":{"type":"Point","coordinates":[-119.88164,51.35438]},"properties":{"id":"08LB076","name":"Harper Creek Near The Mouth","prov":"BC","kind":"river","level":0.905,"discharge":0.563,"time":"2026-09-09T10:05:00Z","src":"eccc","class":"very-low","classBy":"level","p50":0.984}},{"type":"Feature","geometry":{"type":"Point","coordinates":[-123.5395,52.06975]},"properties":{"id":"08MA001","name":"Chilko River Near Redstone","prov":"BC","kind":"river","level":1.767,"discharge":175.0,"time":"2026-09-09T10:15:00Z","src":"eccc","class":"high","classBy":"level","p50":1.516}},{"type":"Feature","geometry":{"type":"Point","coordinates":[-119.53284,50.91317]},"properties":{"id":"08LE077","name":"Corning Creek Near Squilax","prov":"BC","kind":"river","level":0.899,"discharge":0.021,"time":"2026-09-09T10:05:00Z","src":"eccc","class":"low","classBy":"level","p50":0.925}},{"type":"Feature","geometry":{"type":"Point","coordinates":[-122.62475,54.00367]},"properties":{"id":"08KB001","name":"Fraser River At Shelley","prov":"BC","kind":"river","level":2.161,"discharge":482.0,"time":"2026-09-09T10:05:00Z","src":"eccc","class":"normal","classBy":"level","p50":2.484}},{"type":"Feature","geometry":{"type":"Point","coordinates":[-118.80165,50.93634]},"properties":{"id":"08LE024","name":"Eagle River Near Malakwa","prov":"BC","kind":"river","level":1.15,"discharge":9.29,"time":"2026-09-09T10:15:00Z","src":"eccc","class":"low","classBy":"level","p50":1.3}},{"type":"Feature","geometry":{"type":"Point","coordinates":[-123.08864,49.20536]},"properties":{"id":"08MH032","name":"North Arm Fraser River At Vancouver","prov":"BC","kind":"river","level":3.648,"time":"2026-09-09T10:10:00Z","src":"eccc","class":"very-high","classBy":"level","p50":2.878}},{"type":"Feature","geometry":{"type":"Point","coordinates":[-127.13333,54.76972]},"properties":{"id":"08EE005","name":"Bulkley River Near Smithers","prov":"BC","kind":"river","level":3.165,"discharge":120.0,"time":"2026-09-09T09:55:00Z","src":"eccc","class":"normal","classBy":"level","p50":3.072}},{"type":"Feature","geometry":{"type":"Point","coordinates":[-120.94183,55.09017]},"properties":{"id":"07FB009","name":"Flatbed Creek At Kilometre 110 Heritage Highway","prov":"BC","kind":"river","level":7.962,"discharge":0.746,"time":"2026-09-09T10:05:00Z","src":"eccc","class":"normal","classBy":"level","p50":8.164}},{"type":"Feature","geometry":{"type":"Point","coordinates":[-119.22455,50.21671]},"properties":{"id":"08NM248","name":"Coldstream Creek At Coldstream Creek Road","prov":"BC","kind":"river","level":4.18,"discharge":0.069,"time":"2026-09-09T10:00:00Z","src":"eccc"}},{"type":"Feature","geometry":{"type":"Point","coordinates":[-122.44433,52.53028]},"properties":{"id":"08MC018","name":"Fraser River Near Marguerite","prov":"BC","kind":"river","level":2.868,"discharge":968.0,"time":"2026-09-09T10:15:00Z","src":"eccc","class":"normal","classBy":"level","p50":2.913}},{"type":"Feature","geometry":{"type":"Point","coordinates":[-120.15217,49.37708]},"properties":{"id":"08NL038","name":"Similkameen River Near Hedley","prov":"BC","kind":"river","level":0.652,"discharge":5.34,"time":"2026-09-09T10:15:00Z","src":"eccc","class":"low","classBy":"level","p50":0.729}},{"type":"Feature","geometry":{"type":"Point","coordinates":[-118.85912,50.2979]},"properties":{"id":"08LC039","name":"Bessette Creek Above Beaverjack Creek","prov":"BC","kind":"river","level":0.374,"discharge":0.345,"time":"2026-09-09T10:05:00Z","src":"eccc","class":"very-low","classBy":"level","p50":0.5}},{"type":"Feature","geometry":{"type":"Point","coordinates":[-123.45328,50.85622]},"properties":{"id":"08ME023","name":"Bridge River (South Branch) Below Bridge Glacier","prov":"BC","kind":"river","level":1.312,"discharge":26.0,"time":"2026-09-09T10:00:00Z","src":"eccc","class":"normal","classBy":"level","p50":1.294}},{"type":"Feature","geometry":{"type":"Point","coordinates":[-62.38233,46.45314]},"properties":{"id":"01CD005","name":"Bear River At St. Margarets","prov":"PE","kind":"river","level":0.603,"discharge":0.27,"time":"2026-09-09T10:00:00Z","src":"eccc","class":"high","classBy":"level","p50":0.531}},{"type":"Feature","geometry":{"type":"Point","coordinates":[-64.187,46.74411]},"properties":{"id":"01CA003","name":"Carruthers Brook Near St. Anthony","prov":"PE","kind":"river","level":0.48,"discharge":0.825,"time":"2026-09-09T10:05:00Z","src":"eccc","class":"high","classBy":"level","p50":0.329}},{"type":"Feature","geometry":{"type":"Point","coordinates":[-63.35108,46.23139]},"properties":{"id":"01CC005","name":"West River At Riverdale","prov":"PE","kind":"river","level":1.478,"discharge":5.76,"time":"2026-09-09T10:00:00Z","src":"eccc","class":"very-high","classBy":"level","p50":1.11}},{"type":"Feature","geometry":{"type":"Point","coordinates":[-63.63333,46.34586]},"properties":{"id":"01CB002","name":"Dunk River At Wall Road","prov":"PE","kind":"river","level":0.863,"discharge":4.63,"time":"2026-09-09T10:05:00Z","src":"eccc","class":"very-high","classBy":"level","p50":0.564}},{"type":"Feature","geometry":{"type":"Point","coordinates":[-63.68042,46.4275]},"properties":{"id":"01CB018","name":"Barbara Weit Stream At Cavendish Farm","prov":"PE","kind":"river","level":0.976,"discharge":0.516,"time":"2026-09-09T10:00:00Z","src":"eccc","class":"very-high","classBy":"level","p50":0.842}},{"type":"Feature","geometry":{"type":"Point","coordinates":[-63.06547,46.33206]},"properties":{"id":"01CC002","name":"Winter River Near Suffolk","prov":"PE","kind":"river","level":1.236,"discharge":0.536,"time":"2026-09-09T10:00:00Z","src":"eccc","class":"high","classBy":"level","p50":1.049}},{"type":"Feature","geometry":{"type":"Point","coordinates":[-63.19489,46.31025]},"properties":{"id":"01CC011","name":"Coles Creek At Miltonvale Pumping Station","prov":"PE","kind":"river","level":1.009,"discharge":0.185,"time":"2026-09-09T10:00:00Z","src":"eccc","class":"high","classBy":"level","p50":0.941}},{"type":"Feature","geometry":{"type":"Point","coordinates":[-127.36943,65.44552]},"properties":{"id":"10KA008","name":"Oscar Creek Near Norman Wells","prov":"NT","kind":"river","level":7.967,"discharge":6.9,"time":"2026-09-09T10:05:00Z","src":"eccc","class":"high","classBy":"level","p50":7.866}},{"type":"Feature","geometry":{"type":"Point","coordinates":[-121.74311,64.56314]},"properties":{"id":"10JB001","name":"Johnny Hoe River Above Lac Ste. Therese","prov":"NT","kind":"river","level":3.453,"discharge":22.6,"time":"2026-09-09T10:10:00Z","src":"eccc","class":"low","classBy":"level","p50":3.786}},{"type":"Feature","geometry":{"type":"Point","coordinates":[-116.97208,60.00386]},"properties":{"id":"07OB008","name":"Hay River Near Alta/Nwt Boundary","prov":"NT","kind":"river","level":284.977,"discharge":70.4,"time":"2026-09-09T10:10:00Z","src":"eccc","class":"normal","classBy":"level","p50":285.22}},{"type":"Feature","geometry":{"type":"Point","coordinates":[-128.74978,65.76426]},"properties":{"id":"10KD001","name":"Mackenzie River At Sans Sault Rapids","prov":"NT","kind":"river","level":4.441,"time":"2026-09-09T10:15:00Z","src":"eccc","class":"normal","classBy":"level","p50":4.458}},{"type":"Feature","geometry":{"type":"Point","coordinates":[-110.66448,60.4085]},"properties":{"id":"07QC007","name":"Tazin River Near The Mouth","prov":"NT","kind":"river","level":8.746,"discharge":88.0,"time":"2026-09-09T10:10:00Z","src":"eccc","class":"high","classBy":"level","p50":8.145}},{"type":"Feature","geometry":{"type":"Point","coordinates":[-114.90389,60.71367]},"properties":{"id":"07PA001","name":"Buffalo River At Highway No. 5","prov":"NT","kind":"river","level":1.478,"discharge":30.2,"time":"2026-09-09T10:10:00Z","src":"eccc","class":"normal","classBy":"discharge","p50":65.85}},{"type":"Feature","geometry":{"type":"Point","coordinates":[-130.90247,67.49853]},"properties":{"id":"10LB006","name":"Thunder River Near The Mouth","prov":"NT","kind":"river","level":7.514,"time":"2026-09-09T10:10:00Z","src":"eccc","class":"very-low","classBy":"level","p50":7.678}},{"type":"Feature","geometry":{"type":"Point","coordinates":[-117.60606,66.61216]},"properties":{"id":"10JE002","name":"Great Bear Lake At Hornby Bay","prov":"NT","kind":"lake","level":6.176,"time":"2026-09-09T10:15:00Z","src":"eccc","class":"very-low","classBy":"level","p50":6.472}},{"type":"Feature","geometry":{"type":"Point","coordinates":[-114.00778,65.41583]},"properties":{"id":"10PB001","name":"Coppermine River At Outlet Of Point Lake","prov":"NT","kind":"river","discharge":111.0,"time":"2026-09-09T10:15:00Z","src":"eccc","class":"low","classBy":"discharge","p50":157.0}},{"type":"Feature","geometry":{"type":"Point","coordinates":[-120.79192,61.8165]},"properties":{"id":"10FB006","name":"Mackenzie River At Strong Point","prov":"NT","kind":"river","level":7.308,"discharge":5760.0,"time":"2026-09-09T10:05:00Z","src":"eccc","class":"normal","classBy":"level","p50":7.124}},{"type":"Feature","geometry":{"type":"Point","coordinates":[-110.1765,62.94031]},"properties":{"id":"07SC005","name":"Barnston River Near The Mouth","prov":"NT","kind":"river","level":7.509,"time":"2026-09-09T10:20:00Z","src":"eccc","class":"normal","classBy":"level","p50":7.504}},{"type":"Feature","geometry":{"type":"Point","coordinates":[-109.75365,60.20482]},"properties":{"id":"07QC009","name":"Tazin River Above Tatse Lake","prov":"NT","kind":"river","level":8.982,"time":"2026-09-09T10:15:00Z","src":"eccc"}},{"type":"Feature","geometry":{"type":"Point","coordinates":[-114.96997,64.21747]},"properties":{"id":"07SA008","name":"Snare River Above Indin Lake","prov":"NT","kind":"river","level":6.471,"discharge":18.5,"time":"2026-09-09T10:10:00Z","src":"eccc","class":"low","classBy":"level","p50":6.696}},{"type":"Feature","geometry":{"type":"Point","coordinates":[-133.86264,67.75356]},"properties":{"id":"10LC003","name":"Rengleng River Below Highway No. 8 (Dempster Highway)","prov":"NT","kind":"river","level":5.547,"time":"2026-09-09T10:10:00Z","src":"eccc","class":"high","classBy":"level","p50":5.112}},{"type":"Feature","geometry":{"type":"Point","coordinates":[-113.20119,62.05828]},"properties":{"id":"07SC001","name":"Beaulieu River Near Great Slave Lake","prov":"NT","kind":"river","level":2.956,"time":"2026-09-09T10:20:00Z","src":"eccc","class":"normal","classBy":"level","p50":2.909}},{"type":"Feature","geometry":{"type":"Point","coordinates":[-128.80175,66.51419]},"properties":{"id":"10LB004","name":"Loon River Near The Arctic Circle","prov":"NT","kind":"river","level":7.158,"discharge":5.79,"time":"2026-09-09T10:05:00Z","src":"eccc","class":"normal","classBy":"level","p50":7.082}},{"type":"Feature","geometry":{"type":"Point","coordinates":[-134.42975,68.29242]},"properties":{"id":"10MC008","name":"Mackenzie River (Middle Channel) Below Raymond Channel","prov":"NT","kind":"river","level":11.465,"discharge":9440.0,"time":"2026-09-09T10:10:00Z","src":"eccc","class":"normal","classBy":"level","p50":11.473}},{"type":"Feature","geometry":{"type":"Point","coordinates":[-111.95464,64.61575]},"properties":{"id":"10PA001","name":"Coppermine River Below Desteffany Lake","prov":"NT","kind":"river","level":6.248,"discharge":20.1,"time":"2026-09-09T10:15:00Z","src":"eccc","class":"low","classBy":"level","p50":6.333}},{"type":"Feature","geometry":{"type":"Point","coordinates":[-113.99492,65.40444]},"properties":{"id":"10PB003","name":"Point Lake Near The Outlet","prov":"NT","kind":"lake","level":7.822,"time":"2026-09-09T10:15:00Z","src":"eccc","class":"low","classBy":"level","p50":8.091}},{"type":"Feature","geometry":{"type":"Point","coordinates":[-115.85964,60.743]},"properties":{"id":"07OB001","name":"Hay River Near Hay River","prov":"NT","kind":"river","level":2.403,"discharge":76.1,"time":"2026-09-09T10:05:00Z","src":"eccc","class":"normal","classBy":"level","p50":2.52}},{"type":"Feature","geometry":{"type":"Point","coordinates":[-123.47542,60.24156]},"properties":{"id":"10ED001","name":"Liard River At Fort Liard","prov":"NT","kind":"river","level":3.06,"discharge":1560.0,"time":"2026-09-09T10:10:00Z","src":"eccc","class":"low","classBy":"level","p50":3.512}},{"type":"Feature","geometry":{"type":"Point","coordinates":[-114.40975,62.51356]},"properties":{"id":"07SB013","name":"Baker Creek At Outlet Of Lower Martin Lake","prov":"NT","kind":"river","level":28.963,"time":"2026-09-09T10:15:00Z","src":"eccc","class":"low","classBy":"level","p50":29.138}},{"type":"Feature","geometry":{"type":"Point","coordinates":[-128.25972,66.40083]},"properties":{"id":"10LD004","name":"Hare Indian River Near Fort Good Hope","prov":"NT","kind":"river","level":3.785,"discharge":63.1,"time":"2026-09-09T10:15:00Z","src":"eccc","class":"normal","classBy":"level","p50":3.672}},{"type":"Feature","geometry":{"type":"Point","coordinates":[-128.13414,65.85486]},"properties":{"id":"10KD009","name":"Chick Creek Above Chick Lake","prov":"NT","kind":"river","level":8.573,"discharge":0.211,"time":"2026-09-09T10:10:00Z","src":"eccc","class":"normal","classBy":"level","p50":8.701}},{"type":"Feature","geometry":{"type":"Point","coordinates":[-128.56333,65.22944]},"properties":{"id":"10KC001","name":"Mountain River Below Cambrian Creek","prov":"NT","kind":"river","level":5.663,"discharge":421.0,"time":"2026-09-09T10:10:00Z","src":"eccc","class":"very-high","classBy":"level","p50":4.303}},{"type":"Feature","geometry":{"type":"Point","coordinates":[-104.83953,62.56758]},"properties":{"id":"06JA001","name":"Thelon River At The Outlet Of Double Barrel Lake","prov":"NT","kind":"river","discharge":112.0,"time":"2026-09-09T10:15:00Z","src":"eccc","class":"normal","classBy":"discharge","p50":151.5}},{"type":"Feature","geometry":{"type":"Point","coordinates":[-121.22786,61.74267]},"properties":{"id":"10ED002","name":"Liard River Near The Mouth","prov":"NT","kind":"river","level":2.68,"discharge":2350.0,"time":"2026-09-09T10:05:00Z","src":"eccc","class":"normal","classBy":"level","p50":2.875}},{"type":"Feature","geometry":{"type":"Point","coordinates":[-109.23719,62.88103]},"properties":{"id":"07SC004","name":"Hoarfrost River Near The Mouth","prov":"NT","kind":"river","level":7.889,"time":"2026-09-09T10:20:00Z","src":"eccc","class":"normal","classBy":"level","p50":7.881}},{"type":"Feature","geometry":{"type":"Point","coordinates":[-102.23892,62.85986]},"properties":{"id":"06KB003","name":"Dubawnt River Above Dubawnt Lake","prov":"NT","kind":"river","level":9.795,"discharge":361.0,"time":"2026-09-09T10:20:00Z","src":"eccc","class":"normal","classBy":"level","p50":9.655}},{"type":"Feature","geometry":{"type":"Point","coordinates":[-113.52308,62.49086]},"properties":{"id":"07SB010","name":"Cameron River Below Reid Lake","prov":"NT","kind":"river","level":1.913,"discharge":2.59,"time":"2026-09-09T10:15:00Z","src":"eccc","class":"normal","classBy":"level","p50":1.966}},{"type":"Feature","geometry":{"type":"Point","coordinates":[-117.25231,64.27333]},"properties":{"id":"10JA003","name":"Camsell River Above Lac Ste. Croix","prov":"NT","kind":"river","level":8.892,"discharge":5.4,"time":"2026-09-09T10:10:00Z","src":"eccc","class":"normal","classBy":"level","p50":9.171}},{"type":"Feature","geometry":{"type":"Point","coordinates":[-128.42144,68.63067]},"properties":{"id":"10NC001","name":"Anderson River Below Carnwath River","prov":"NT","kind":"river","level":2.245,"discharge":190.0,"time":"2026-09-09T10:10:00Z","src":"eccc","class":"normal","classBy":"level","p50":2.018}},{"type":"Feature","geometry":{"type":"Point","coordinates":[-135.11481,68.20367]},"properties":{"id":"10MC003","name":"Mackenzie River (Peel Channel) Above Aklavik","prov":"NT","kind":"river","level":10.95,"discharge":682.0,"time":"2026-09-09T10:15:00Z","src":"eccc","class":"normal","classBy":"level","p50":10.81}},{"type":"Feature","geometry":{"type":"Point","coordinates":[-135.71806,67.67694]},"properties":{"id":"10MC007","name":"Rat River Near Fort Mcpherson","prov":"NT","kind":"river","level":3.491,"discharge":20.9,"time":"2026-09-09T10:15:00Z","src":"eccc","class":"high","classBy":"discharge","p50":9.32}},{"type":"Feature","geometry":{"type":"Point","coordinates":[-110.4875,63.04806]},"properties":{"id":"07SC002","name":"Waldron River Near The Mouth","prov":"NT","kind":"river","level":2.144,"discharge":4.72,"time":"2026-09-09T10:20:00Z","src":"eccc","class":"normal","classBy":"level","p50":2.151}},{"type":"Feature","geometry":{"type":"Point","coordinates":[-116.97464,63.10769]},"properties":{"id":"07TA001","name":"La Martre River Below Outlet Of Lac La Martre","prov":"NT","kind":"river","level":3.747,"discharge":20.7,"time":"2026-09-09T10:10:00Z","src":"eccc","class":"low","classBy":"level","p50":4.042}},{"type":"Feature","geometry":{"type":"Point","coordinates":[-133.49233,68.08728]},"properties":{"id":"10LC007","name":"Caribou Creek Above Highway No. 8 (Dempster Highway)","prov":"NT","kind":"river","level":5.908,"discharge":2.75,"time":"2026-09-09T10:15:00Z","src":"eccc","class":"low","classBy":"level","p50":6.076}},{"type":"Feature","geometry":{"type":"Point","coordinates":[-129.28587,66.69322]},"properties":{"id":"10LB007","name":"Tieda River Near The Mouth","prov":"NT","kind":"river","level":7.108,"discharge":0.455,"time":"2026-09-09T10:00:00Z","src":"eccc","class":"normal","classBy":"level","p50":7.129}},{"type":"Feature","geometry":{"type":"Point","coordinates":[-105.15444,63.59111]},"properties":{"id":"06JB001","name":"Hanbury River Above Hoare Lake","prov":"NT","kind":"river","level":4.774,"discharge":23.3,"time":"2026-09-09T10:20:00Z","src":"eccc","class":"normal","classBy":"level","p50":4.878}},{"type":"Feature","geometry":{"type":"Point","coordinates":[-111.67806,64.80667]},"properties":{"id":"10PA002","name":"Yamba River Below Daring Lake","prov":"NT","kind":"river","level":3.991,"discharge":19.9,"time":"2026-09-09T10:15:00Z","src":"eccc","class":"normal","classBy":"level","p50":4.01}},{"type":"Feature","geometry":{"type":"Point","coordinates":[-123.72428,61.47253]},"properties":{"id":"10GD002","name":"Tetcela River At Canadian Zinc Road","prov":"NT","kind":"river","level":7.596,"time":"2026-09-09T10:10:00Z","src":"eccc","class":"normal","classBy":"level","p50":7.595}},{"type":"Feature","geometry":{"type":"Point","coordinates":[-73.96211,45.33444]},"properties":{"id":"02MC005","name":"Saint-Laurent (Fleuve) A Pointe-Des-Cascades","prov":"QC","kind":"river","level":21.272,"time":"2026-09-09T10:00:00Z","src":"eccc","class":"normal","classBy":"level","p50":21.11}},{"type":"Feature","geometry":{"type":"Point","coordinates":[-79.10503,46.71844]},"properties":{"id":"02JE025","name":"Temiscamingue (Lac) A Temiscaming","prov":"QC","kind":"lake","level":5.346,"time":"2026-09-09T09:55:00Z","src":"eccc","class":"normal","classBy":"level","p50":5.249}},{"type":"Feature","geometry":{"type":"Point","coordinates":[-73.75216,45.66294]},"properties":{"id":"02OA003","name":"Mille Iles (Riviere Des) A Bois-Des-Filion","prov":"QC","kind":"river","level":0.894,"discharge":96.0,"time":"2026-09-09T10:00:00Z","src":"eccc","class":"normal","classBy":"level","p50":0.849}},{"type":"Feature","geometry":{"type":"Point","coordinates":[-73.99811,45.38906]},"properties":{"id":"02OA107","name":"Outaouais (Riviere Des) A Terrasse-Vaudreuil","prov":"QC","kind":"river","level":21.567,"discharge":122.0,"time":"2026-09-09T10:00:00Z","src":"eccc","class":"normal","classBy":"level","p50":21.62}},{"type":"Feature","geometry":{"type":"Point","coordinates":[-73.25012,45.30231]},"properties":{"id":"02OJ016","name":"Richelieu (Riviere) A La Marina De Saint-Jean","prov":"QC","kind":"river","level":0.255,"time":"2026-09-09T10:00:00Z","src":"eccc","class":"low","classBy":"level","p50":0.42}},{"type":"Feature","geometry":{"type":"Point","coordinates":[-73.07806,45.03965]},"properties":{"id":"02OH001","name":"Champlain (Lac) A Philipsburg","prov":"QC","kind":"lake","level":4.272,"time":"2026-09-09T09:45:00Z","src":"eccc","class":"low","classBy":"level","p50":4.514}},{"type":"Feature","geometry":{"type":"Point","coordinates":[-126.61081,50.21483]},"properties":{"id":"08HF005","name":"Nimpkish River Above Woss River","prov":"BC","kind":"river","level":0.557,"discharge":15.7,"time":"2026-09-09T10:05:00Z","src":"eccc","class":"normal","classBy":"level","p50":0.475}},{"type":"Feature","geometry":{"type":"Point","coordinates":[-124.14336,51.62486]},"properties":{"id":"08MA002","name":"Chilko River At Outlet Of Chilko Lake","prov":"BC","kind":"river","level":1.461,"discharge":82.4,"time":"2026-09-09T10:15:00Z","src":"eccc","class":"high","classBy":"level","p50":1.333}},{"type":"Feature","geometry":{"type":"Point","coordinates":[-119.33053,50.69251]},"properties":{"id":"08LE021","name":"Salmon River Near Salmon Arm","prov":"BC","kind":"river","level":-0.273,"discharge":0.645,"time":"2026-09-09T10:10:00Z","src":"eccc","class":"very-low","classBy":"level","p50":-0.043}},{"type":"Feature","geometry":{"type":"Point","coordinates":[-126.11778,51.0025]},"properties":{"id":"08GF009","name":"Kingcome River Below Atlatzi River","prov":"BC","kind":"river","level":4.33,"time":"2026-09-09T09:55:00Z","src":"eccc","class":"normal","classBy":"level","p50":4.435}},{"type":"Feature","geometry":{"type":"Point","coordinates":[-124.60085,54.08507]},"properties":{"id":"08JB003","name":"Nautley River Near Fort Fraser","prov":"BC","kind":"river","level":1.321,"discharge":13.1,"time":"2026-09-09T10:00:00Z","src":"eccc","class":"normal","classBy":"level","p50":1.353}},{"type":"Feature","geometry":{"type":"Point","coordinates":[-128.69051,54.04872]},"properties":{"id":"08FF001","name":"Kitimat River Below Hirsch Creek","prov":"BC","kind":"river","level":0.842,"discharge":62.1,"time":"2026-09-09T10:15:00Z","src":"eccc","class":"normal","classBy":"level","p50":0.924}},{"type":"Feature","geometry":{"type":"Point","coordinates":[-120.59139,53.68167]},"properties":{"id":"08KA013","name":"Morkill River Below Hellroaring Creek","prov":"BC","kind":"river","level":1.45,"discharge":13.7,"time":"2026-09-09T10:05:00Z","src":"eccc","class":"low","classBy":"level","p50":1.61}},{"type":"Feature","geometry":{"type":"Point","coordinates":[-122.66009,49.0957]},"properties":{"id":"08MH155","name":"Nicomekl River At 203 Street, Langley","prov":"BC","kind":"river","level":0.819,"discharge":0.786,"time":"2026-09-09T09:50:00Z","src":"eccc","class":"high","classBy":"level","p50":0.579}},{"type":"Feature","geometry":{"type":"Point","coordinates":[-117.49161,51.48781]},"properties":{"id":"08NB021","name":"Beaver River Above Cupola Creek","prov":"BC","kind":"river","level":2.123,"discharge":33.7,"time":"2026-09-09T10:15:00Z","src":"eccc","class":"normal","classBy":"level","p50":2.107}},{"type":"Feature","geometry":{"type":"Point","coordinates":[-123.09986,49.35616]},"properties":{"id":"08GA061","name":"Mackay Creek At Montroyal Boulevard","prov":"BC","kind":"river","level":0.493,"discharge":0.007,"time":"2026-09-09T10:15:00Z","src":"eccc","class":"very-low","classBy":"level","p50":0.536}},{"type":"Feature","geometry":{"type":"Point","coordinates":[-119.00667,52.98628]},"properties":{"id":"08KA007","name":"Fraser River At Red Pass","prov":"BC","kind":"river","level":2.466,"discharge":40.8,"time":"2026-09-09T10:10:00Z","src":"eccc","class":"normal","classBy":"level","p50":2.408}},{"type":"Feature","geometry":{"type":"Point","coordinates":[-123.72547,48.78922]},"properties":{"id":"08HA016","name":"Bings Creek Near The Mouth","prov":"BC","kind":"river","level":1.357,"discharge":0.007,"time":"2026-09-09T10:10:00Z","src":"eccc","class":"low","classBy":"level","p50":1.377}},{"type":"Feature","geometry":{"type":"Point","coordinates":[-121.54028,52.57472]},"properties":{"id":"08KH011","name":"Quesnel Lake Near Likely","prov":"BC","kind":"lake","level":0.641,"time":"2026-09-09T09:55:00Z","src":"eccc","class":"normal","classBy":"level","p50":0.791}},{"type":"Feature","geometry":{"type":"Point","coordinates":[-118.08514,51.01263]},"properties":{"id":"08ND013","name":"Illecillewaet River At Greeley","prov":"BC","kind":"river","level":1.187,"discharge":18.5,"time":"2026-09-09T10:00:00Z","src":"eccc","class":"very-low","classBy":"level","p50":1.479}},{"type":"Feature","geometry":{"type":"Point","coordinates":[-117.23917,49.23454]},"properties":{"id":"08NE114","name":"Hidden Creek Near The Mouth","prov":"BC","kind":"river","level":0.239,"discharge":0.155,"time":"2026-09-09T10:20:00Z","src":"eccc","class":"normal","classBy":"level","p50":0.264}},{"type":"Feature","geometry":{"type":"Point","coordinates":[-121.41814,52.44431]},"properties":{"id":"08KH031","name":"Horsefly River Above Quesnel Lake","prov":"BC","kind":"river","level":4.427,"discharge":6.46,"time":"2026-09-09T09:50:00Z","src":"eccc"}},{"type":"Feature","geometry":{"type":"Point","coordinates":[-122.61222,54.52972]},"properties":{"id":"07EE009","name":"Chuchinka Creek Near The Mouth","prov":"BC","kind":"river","level":2.883,"discharge":0.705,"time":"2026-09-09T10:05:00Z","src":"eccc","class":"normal","classBy":"level","p50":2.91}},{"type":"Feature","geometry":{"type":"Point","coordinates":[-124.14531,51.67386]},"properties":{"id":"08MA006","name":"Lingfield Creek Near The Mouth","prov":"BC","kind":"river","level":0.321,"discharge":0.152,"time":"2026-09-09T10:15:00Z","src":"eccc","class":"normal","classBy":"level","p50":0.305}},{"type":"Feature","geometry":{"type":"Point","coordinates":[-120.07253,49.35894]},"properties":{"id":"08NL050","name":"Hedley Creek Near The Mouth","prov":"BC","kind":"river","level":2.072,"discharge":0.165,"time":"2026-09-09T10:05:00Z","src":"eccc","class":"normal","classBy":"level","p50":2.046}},{"type":"Feature","geometry":{"type":"Point","coordinates":[-123.88694,49.06861]},"properties":{"id":"08HB034","name":"Nanaimo River Near Cassidy","prov":"BC","kind":"river","level":0.65,"discharge":4.28,"time":"2026-09-09T10:10:00Z","src":"eccc","class":"normal","classBy":"level","p50":0.664}},{"type":"Feature","geometry":{"type":"Point","coordinates":[-127.95236,53.56355]},"properties":{"id":"08FE003","name":"Kemano River Above Powerhouse Tailrace","prov":"BC","kind":"river","level":2.071,"discharge":34.9,"time":"2026-09-09T09:40:00Z","src":"eccc","class":"high","classBy":"level","p50":1.683}},{"type":"Feature","geometry":{"type":"Point","coordinates":[-127.4972,54.60736]},"properties":{"id":"08EE020","name":"Telkwa River Below Tsai Creek","prov":"BC","kind":"river","level":0.768,"discharge":13.4,"time":"2026-09-09T09:55:00Z","src":"eccc","class":"normal","classBy":"level","p50":0.765}},{"type":"Feature","geometry":{"type":"Point","coordinates":[-124.18681,49.02497]},"properties":{"id":"08HB041","name":"Jump Creek At The Mouth","prov":"BC","kind":"river","level":0.811,"discharge":1.57,"time":"2026-09-09T10:10:00Z","src":"eccc","class":"high","classBy":"level","p50":0.773}},{"type":"Feature","geometry":{"type":"Point","coordinates":[-120.20204,51.42759]},"properties":{"id":"08LB078","name":"Lemieux Creek Near The Mouth","prov":"BC","kind":"river","level":0.862,"discharge":0.155,"time":"2026-09-09T10:05:00Z","src":"eccc","class":"normal","classBy":"level","p50":0.862}},{"type":"Feature","geometry":{"type":"Point","coordinates":[-122.65889,55.94611]},"properties":{"id":"07EF004","name":"Carbon Creek Near The Mouth","prov":"BC","kind":"river","level":4.102,"discharge":4.23,"time":"2026-09-09T10:05:00Z","src":"eccc","class":"normal","classBy":"level","p50":4.085}},{"type":"Feature","geometry":{"type":"Point","coordinates":[-120.92075,51.58761]},"properties":{"id":"08LA027","name":"Bridge Creek Below Deka Creek","prov":"BC","kind":"river","level":3.553,"discharge":0.229,"time":"2026-09-09T10:10:00Z","src":"eccc","class":"normal","classBy":"level","p50":3.57}},{"type":"Feature","geometry":{"type":"Point","coordinates":[-121.38449,49.36846]},"properties":{"id":"08MF068","name":"Coquihalla River Above Alexander Creek","prov":"BC","kind":"river","level":1.278,"discharge":3.48,"time":"2026-09-09T10:05:00Z","src":"eccc","class":"normal","classBy":"level","p50":1.497}},{"type":"Feature","geometry":{"type":"Point","coordinates":[-127.67256,55.30106]},"properties":{"id":"08EB003","name":"Skeena River At Glen Vowell","prov":"BC","kind":"river","level":1.367,"time":"2026-09-09T09:55:00Z","src":"eccc","class":"normal","classBy":"level","p50":1.484}},{"type":"Feature","geometry":{"type":"Point","coordinates":[-122.47187,49.00368]},"properties":{"id":"08MH156","name":"Pepin Creek At International Boundary","prov":"BC","kind":"river","level":1.151,"discharge":0.083,"time":"2026-09-09T10:05:00Z","src":"eccc","class":"low","classBy":"level","p50":1.28}},{"type":"Feature","geometry":{"type":"Point","coordinates":[-123.70464,48.87836]},"properties":{"id":"08HA001","name":"Chemainus River Near Westholme","prov":"BC","kind":"river","level":0.544,"discharge":0.324,"time":"2026-09-09T10:10:00Z","src":"eccc","class":"normal","classBy":"level","p50":0.449}},{"type":"Feature","geometry":{"type":"Point","coordinates":[-122.22528,52.84306]},"properties":{"id":"08KH006","name":"Quesnel River Near Quesnel","prov":"BC","kind":"river","level":2.008,"discharge":159.0,"time":"2026-09-09T10:05:00Z","src":"eccc","class":"normal","classBy":"level","p50":2.145}},{"type":"Feature","geometry":{"type":"Point","coordinates":[-124.64467,56.245]},"properties":{"id":"07EC003","name":"Mesilinka River Above Gopherhole Creek","prov":"BC","kind":"river","level":2.33,"discharge":44.4,"time":"2026-09-09T10:15:00Z","src":"eccc","class":"high","classBy":"level","p50":2.141}},{"type":"Feature","geometry":{"type":"Point","coordinates":[-127.71616,55.43385]},"properties":{"id":"08EB004","name":"Kispiox River Near Hazelton","prov":"BC","kind":"river","level":0.926,"discharge":19.2,"time":"2026-09-09T10:10:00Z","src":"eccc","class":"normal","classBy":"level","p50":1.056}},{"type":"Feature","geometry":{"type":"Point","coordinates":[-120.5251,50.15839]},"properties":{"id":"08LG046","name":"Nicola Lake Near Quilchena","prov":"BC","kind":"lake","level":2.063,"time":"2026-09-09T10:10:00Z","src":"eccc","class":"very-low","classBy":"level","p50":2.47}},{"type":"Feature","geometry":{"type":"Point","coordinates":[-125.67146,51.22761]},"properties":{"id":"08GE003","name":"Icy Creek Near The Mouth","prov":"BC","kind":"river","level":2.932,"discharge":3.25,"time":"2026-09-09T10:05:00Z","src":"eccc","class":"low","classBy":"level","p50":3.072}},{"type":"Feature","geometry":{"type":"Point","coordinates":[-116.95349,49.90762]},"properties":{"id":"08NH005","name":"Kaslo River Below Kemp Creek","prov":"BC","kind":"river","level":2.01,"discharge":5.41,"time":"2026-09-09T10:10:00Z","src":"eccc","class":"normal","classBy":"level","p50":2.056}},{"type":"Feature","geometry":{"type":"Point","coordinates":[-125.33897,49.92964]},"properties":{"id":"08HD027","name":"Quinsam River Below Lower Quinsam Lake","prov":"BC","kind":"river","level":2.179,"discharge":0.66,"time":"2026-09-09T10:20:00Z","src":"eccc","class":"very-low","classBy":"level","p50":2.252}},{"type":"Feature","geometry":{"type":"Point","coordinates":[-128.80672,54.9925]},"properties":{"id":"08EG018","name":"Clarence Creek Near Rosswood","prov":"BC","kind":"river","level":2.142,"discharge":0.126,"time":"2026-09-09T10:05:00Z","src":"eccc","class":"low","classBy":"level","p50":2.325}},{"type":"Feature","geometry":{"type":"Point","coordinates":[-126.52108,52.42456]},"properties":{"id":"08FB004","name":"Salloomt River Near Hagensborg","prov":"BC","kind":"river","level":0.021,"discharge":4.02,"time":"2026-09-09T10:05:00Z","src":"eccc","class":"low","classBy":"level","p50":0.445}},{"type":"Feature","geometry":{"type":"Point","coordinates":[-119.74283,50.76303]},"properties":{"id":"08LE031","name":"South Thompson River At Chase","prov":"BC","kind":"river","level":1.56,"discharge":158.0,"time":"2026-09-09T10:10:00Z","src":"eccc","class":"low","classBy":"level","p50":1.812}},{"type":"Feature","geometry":{"type":"Point","coordinates":[-122.10286,54.01694]},"properties":{"id":"08KD007","name":"Bowron River Below Box Canyon","prov":"BC","kind":"river","level":3.643,"discharge":21.7,"time":"2026-09-09T10:10:00Z","src":"eccc","class":"normal","classBy":"level","p50":3.815}},{"type":"Feature","geometry":{"type":"Point","coordinates":[-123.67133,48.72929]},"properties":{"id":"08HA003","name":"Koksilah River At Cowichan Station","prov":"BC","kind":"river","level":0.435,"discharge":0.19,"time":"2026-09-09T10:10:00Z","src":"eccc","class":"low","classBy":"level","p50":0.671}},{"type":"Feature","geometry":{"type":"Point","coordinates":[-123.1922,49.12452]},"properties":{"id":"08MH028","name":"Fraser River At Steveston","prov":"BC","kind":"river","level":3.667,"time":"2026-09-09T10:10:00Z","src":"eccc","class":"very-high","classBy":"level","p50":2.837}},{"type":"Feature","geometry":{"type":"Point","coordinates":[-123.64022,49.42083]},"properties":{"id":"08GA047","name":"Roberts Creek At Roberts Creek","prov":"BC","kind":"river","level":0.253,"discharge":0.055,"time":"2026-09-09T10:15:00Z","src":"eccc","class":"very-low","classBy":"level","p50":0.379}},{"type":"Feature","geometry":{"type":"Point","coordinates":[-125.99724,53.77238]},"properties":{"id":"08JA023","name":"Nechako Reservoir At Skins Lake Spillway","prov":"BC","kind":"lake","level":11.94,"time":"2026-09-09T10:05:00Z","src":"eccc","class":"high","classBy":"level","p50":11.325}},{"type":"Feature","geometry":{"type":"Point","coordinates":[-97.13336,49.75072]},"properties":{"id":"05OC021","name":"Red River Above Floodway Control Structure","prov":"MB","kind":"river","level":223.95,"time":"2026-09-09T10:10:00Z","src":"eccc"}},{"type":"Feature","geometry":{"type":"Point","coordinates":[-98.27743,49.03142]},"properties":{"id":"05OB007","name":"Pembina River Near Windygates","prov":"MB","kind":"river","level":337.497,"discharge":3.77,"time":"2026-09-09T10:05:00Z","src":"eccc","class":"very-high","classBy":"level","p50":336.98}},{"type":"Feature","geometry":{"type":"Point","coordinates":[-97.13022,49.73931]},"properties":{"id":"05OC026","name":"Red River Above Red River Floodway","prov":"MB","kind":"river","level":223.953,"time":"2026-09-09T10:15:00Z","src":"eccc","class":"normal","classBy":"level","p50":223.944}},{"type":"Feature","geometry":{"type":"Point","coordinates":[-96.68453,49.08942]},"properties":{"id":"05OD004","name":"Roseau River At Gardenton","prov":"MB","kind":"river","level":292.389,"discharge":0.751,"time":"2026-09-09T10:15:00Z","src":"eccc","class":"normal","classBy":"level","p50":292.386}},{"type":"Feature","geometry":{"type":"Point","coordinates":[-97.26308,49.69403]},"properties":{"id":"05OG002","name":"La Salle River At La Salle","prov":"MB","kind":"river","level":228.104,"time":"2026-09-09T10:12:00Z","src":"eccc","class":"high","classBy":"level","p50":228.018}},{"type":"Feature","geometry":{"type":"Point","coordinates":[-98.52889,51.50883]},"properties":{"id":"05LM005","name":"Lake St. Martin Near Hilbre","prov":"MB","kind":"lake","level":243.63,"time":"2026-09-09T10:05:00Z","src":"eccc","class":"normal","classBy":"level","p50":243.377}},{"type":"Feature","geometry":{"type":"Point","coordinates":[-60.94181,46.19]},"properties":{"id":"01FF001","name":"Middle River At Maclennans Cross","prov":"NS","kind":"river","level":1.268,"discharge":5.77,"time":"2026-09-09T10:00:00Z","src":"eccc","class":"high","classBy":"level","p50":1.09}},{"type":"Feature","geometry":{"type":"Point","coordinates":[-60.76831,46.81217]},"properties":{"id":"01FC004","name":"Macintosh Brook Near Pleasant Bay","prov":"NS","kind":"river","level":98.072,"time":"2026-09-09T09:50:00Z","src":"eccc"}},{"type":"Feature","geometry":{"type":"Point","coordinates":[-63.66389,44.85111]},"properties":{"id":"01DG003","name":"Beaverbank River Near Kinsac","prov":"NS","kind":"river","level":0.651,"discharge":4.36,"time":"2026-09-09T10:05:00Z","src":"eccc","class":"high","classBy":"level","p50":0.287}},{"type":"Feature","geometry":{"type":"Point","coordinates":[-64.45069,45.58681]},"properties":{"id":"01DL001","name":"Kelley River (Mill Creek) At Eight Mile Ford","prov":"NS","kind":"river","level":1.013,"discharge":1.7,"time":"2026-09-09T10:05:00Z","src":"eccc","class":"high","classBy":"level","p50":0.849}},{"type":"Feature","geometry":{"type":"Point","coordinates":[-60.97528,46.36897]},"properties":{"id":"01FB001","name":"Northeast Margaree River At Margaree Valley","prov":"NS","kind":"river","level":0.364,"discharge":11.4,"time":"2026-09-09T10:05:00Z","src":"eccc","class":"normal","classBy":"level","p50":0.427}},{"type":"Feature","geometry":{"type":"Point","coordinates":[-60.95622,46.37525]},"properties":{"id":"01FB007","name":"Ingram Brook Near Rivulet","prov":"NS","kind":"river","level":96.213,"discharge":0.945,"time":"2026-09-09T09:55:00Z","src":"eccc"}},{"type":"Feature","geometry":{"type":"Point","coordinates":[-63.79017,44.78083]},"properties":{"id":"01EJ009","name":"Tomahawk Lake Near Hammonds Plains","prov":"NS","kind":"lake","level":99.247,"time":"2026-09-09T10:05:00Z","src":"eccc"}},{"type":"Feature","geometry":{"type":"Point","coordinates":[-65.22186,44.43678]},"properties":{"id":"01ED007","name":"Mersey River Below Mill Falls","prov":"NS","kind":"river","level":0.619,"discharge":0.904,"time":"2026-09-09T09:50:00Z","src":"eccc","class":"normal","classBy":"level","p50":0.722}},{"type":"Feature","geometry":{"type":"Point","coordinates":[-65.04778,44.46183]},"properties":{"id":"01EE005","name":"Moose Pit Brook At Tupper Lake","prov":"NS","kind":"river","level":0.832,"discharge":0.03,"time":"2026-09-09T09:51:00Z","src":"eccc","class":"normal","classBy":"level","p50":0.912}},{"type":"Feature","geometry":{"type":"Point","coordinates":[-62.62278,44.96183]},"properties":{"id":"01EM004","name":"West River Sheet Harbour Near Marinette","prov":"NS","kind":"river","level":98.185,"discharge":15.4,"time":"2026-09-09T10:05:00Z","src":"eccc"}},{"type":"Feature","geometry":{"type":"Point","coordinates":[-63.21544,45.36917]},"properties":{"id":"01DH002","name":"Salmon River At Murray","prov":"NS","kind":"river","level":1.462,"discharge":13.2,"time":"2026-09-09T10:05:00Z","src":"eccc","class":"high","classBy":"level","p50":1.054}},{"type":"Feature","geometry":{"type":"Point","coordinates":[-65.24142,44.21542]},"properties":{"id":"01ED013","name":"Shelburne River At Pollard'S Falls Bridge","prov":"NS","kind":"river","level":0.424,"discharge":0.658,"time":"2026-09-09T10:00:00Z","src":"eccc","class":"normal","classBy":"level","p50":0.512}},{"type":"Feature","geometry":{"type":"Point","coordinates":[-60.94611,46.64158]},"properties":{"id":"01FC002","name":"Cheticamp River Above Robert Brook","prov":"NS","kind":"river","level":1.136,"discharge":7.91,"time":"2026-09-09T10:05:00Z","src":"eccc","class":"high","classBy":"level","p50":1.027}},{"type":"Feature","geometry":{"type":"Point","coordinates":[-63.34278,45.12056]},"properties":{"id":"01DG043","name":"St Andrews River At Stewiacke","prov":"NS","kind":"river","level":1.734,"discharge":1.74,"time":"2026-09-09T10:15:00Z","src":"eccc","class":"high","classBy":"level","p50":1.54}},{"type":"Feature","geometry":{"type":"Point","coordinates":[-60.00467,46.11789]},"properties":{"id":"01FJ002","name":"Macaskills Brook Near Birch Grove","prov":"NS","kind":"river","level":1.123,"discharge":1.86,"time":"2026-09-09T10:05:00Z","src":"eccc","class":"high","classBy":"level","p50":0.869}},{"type":"Feature","geometry":{"type":"Point","coordinates":[-62.72392,45.00864]},"properties":{"id":"01EM003","name":"West River Sheet Harbour At Beaver Dam Mines Road","prov":"NS","kind":"river","level":98.919,"time":"2026-09-09T10:00:00Z","src":"eccc"}},{"type":"Feature","geometry":{"type":"Point","coordinates":[-65.86844,43.92456]},"properties":{"id":"01EA003","name":"Tusket River At Wilson'S Bridge","prov":"NS","kind":"river","level":0.73,"discharge":8.12,"time":"2026-09-09T10:20:00Z","src":"eccc","class":"normal","classBy":"level","p50":0.726}},{"type":"Feature","geometry":{"type":"Point","coordinates":[-63.25472,45.42556]},"properties":{"id":"01DH004","name":"North River At North River","prov":"NS","kind":"river","level":2.255,"discharge":6.63,"time":"2026-09-09T10:05:00Z","src":"eccc","class":"high","classBy":"level","p50":1.915}},{"type":"Feature","geometry":{"type":"Point","coordinates":[-63.6875,44.76447]},"properties":{"id":"01EJ004","name":"Little Sackville River At Middle Sackville","prov":"NS","kind":"river","level":1.571,"discharge":0.185,"time":"2026-09-09T10:11:00Z","src":"eccc","class":"high","classBy":"level","p50":1.457}},{"type":"Feature","geometry":{"type":"Point","coordinates":[-60.53369,46.37172]},"properties":{"id":"01FE002","name":"Indian Brook At Indian Brook","prov":"NS","kind":"river","level":0.814,"discharge":9.38,"time":"2026-09-09T10:10:00Z","src":"eccc","class":"high","classBy":"level","p50":0.621}},{"type":"Feature","geometry":{"type":"Point","coordinates":[-63.56051,45.68189]},"properties":{"id":"01DN004","name":"Wallace River At Wentworth Centre","prov":"NS","kind":"river","level":93.768,"time":"2026-09-09T09:50:00Z","src":"eccc"}},{"type":"Feature","geometry":{"type":"Point","coordinates":[-63.55167,44.90294]},"properties":{"id":"01DG004","name":"Bennery Lake Outlet Near Enfield","prov":"NS","kind":"lake","level":98.465,"discharge":0.385,"time":"2026-09-09T10:15:00Z","src":"eccc"}},{"type":"Feature","geometry":{"type":"Point","coordinates":[-61.97992,45.17439]},"properties":{"id":"01EO001","name":"St. Marys River At Stillwater","prov":"NS","kind":"river","level":3.422,"discharge":92.1,"time":"2026-09-09T10:00:00Z","src":"eccc","class":"high","classBy":"level","p50":2.066}},{"type":"Feature","geometry":{"type":"Point","coordinates":[-61.13692,46.22311]},"properties":{"id":"01FB003","name":"Southwest Margaree River Near Upper Margaree","prov":"NS","kind":"river","level":0.994,"discharge":9.83,"time":"2026-09-09T10:20:00Z","src":"eccc","class":"high","classBy":"level","p50":0.792}},{"type":"Feature","geometry":{"type":"Point","coordinates":[-63.78975,44.78106]},"properties":{"id":"01EJ010","name":"Tomahawk Lake Outlet Near Hammonds Plains","prov":"NS","kind":"lake","level":98.639,"discharge":0.326,"time":"2026-09-09T10:05:00Z","src":"eccc"}},{"type":"Feature","geometry":{"type":"Point","coordinates":[-101.02897,61.11392]},"properties":{"id":"06LA003","name":"Ennadai Lake Near Ennadai","prov":"NU","kind":"lake","level":312.554,"time":"2026-09-09T10:15:00Z","src":"eccc","class":"high","classBy":"level","p50":312.332}},{"type":"Feature","geometry":{"type":"Point","coordinates":[-98.77694,60.78653]},"properties":{"id":"06HB002","name":"Thlewiaza River Above Outlet Sealhole Lake","prov":"NU","kind":"river","level":26.106,"discharge":309.0,"time":"2026-09-09T10:15:00Z","src":"eccc","class":"normal","classBy":"level","p50":25.931}},{"type":"Feature","geometry":{"type":"Point","coordinates":[-97.05386,64.77828]},"properties":{"id":"06MA006","name":"Thelon River Below Outlet Of Schultz Lake","prov":"NU","kind":"river","level":24.861,"discharge":958.0,"time":"2026-09-09T10:20:00Z","src":"eccc","class":"normal","classBy":"level","p50":24.937}},{"type":"Feature","geometry":{"type":"Point","coordinates":[-68.47718,63.7614]},"properties":{"id":"10UH015","name":"Apex River 1Km Above Bridge To Nowhere","prov":"NU","kind":"river","level":6.554,"discharge":0.771,"time":"2026-09-09T10:20:00Z","src":"eccc"}},{"type":"Feature","geometry":{"type":"Point","coordinates":[-115.88889,67.22833]},"properties":{"id":"10PC004","name":"Coppermine River Above Copper Creek","prov":"NU","kind":"river","level":17.323,"discharge":251.0,"time":"2026-09-09T10:15:00Z","src":"eccc","class":"low","classBy":"level","p50":17.624}},{"type":"Feature","geometry":{"type":"Point","coordinates":[-101.36233,64.53039]},"properties":{"id":"06JC002","name":"Thelon River Above Beverly Lake","prov":"NU","kind":"river","level":23.948,"discharge":280.0,"time":"2026-09-09T10:20:00Z","src":"eccc","class":"low","classBy":"level","p50":24.685}},{"type":"Feature","geometry":{"type":"Point","coordinates":[-99.47608,64.23242]},"properties":{"id":"06KC003","name":"Dubawnt River At Outlet Of Marjorie Lake","prov":"NU","kind":"river","level":14.13,"discharge":604.0,"time":"2026-09-09T10:20:00Z","src":"eccc","class":"normal","classBy":"level","p50":13.858}},{"type":"Feature","geometry":{"type":"Point","coordinates":[-95.85211,63.65258]},"properties":{"id":"06LC001","name":"Kazan River Above Kazan Falls","prov":"NU","kind":"river","level":75.16,"discharge":867.0,"time":"2026-09-09T10:15:00Z","src":"eccc","class":"high","classBy":"level","p50":74.528}},{"type":"Feature","geometry":{"type":"Point","coordinates":[-106.08583,65.18722]},"properties":{"id":"10RA001","name":"Back River Below Beechy Lake","prov":"NU","kind":"river","level":1.778,"time":"2026-09-09T10:15:00Z","src":"eccc","class":"low","classBy":"level","p50":1.92}},{"type":"Feature","geometry":{"type":"Point","coordinates":[-91.06656,65.93458]},"properties":{"id":"06OA007","name":"Brown River At The Outlet Of Brown Lake","prov":"NU","kind":"river","level":6.351,"discharge":58.8,"time":"2026-09-09T10:15:00Z","src":"eccc","class":"normal","classBy":"level","p50":6.372}},{"type":"Feature","geometry":{"type":"Point","coordinates":[-68.58061,63.76642]},"properties":{"id":"10UH001","name":"Sylvia Grinnell River Near Iqaluit","prov":"NU","kind":"river","level":3.412,"discharge":41.8,"time":"2026-09-09T10:20:00Z","src":"eccc","class":"normal","classBy":"level","p50":3.49}},{"type":"Feature","geometry":{"type":"Point","coordinates":[-108.87094,59.64117]},"properties":{"id":"07QC008","name":"Charlot River At Outlet Of Webb Lake","prov":"SK","kind":"river","level":6.83,"discharge":1.05,"time":"2026-09-09T10:10:00Z","src":"eccc","class":"high","classBy":"level","p50":6.664}},{"type":"Feature","geometry":{"type":"Point","coordinates":[-103.71194,49.38583]},"properties":{"id":"05NB014","name":"Jewel Creek Near Goodwater","prov":"SK","kind":"river","level":1.473,"discharge":0.0,"time":"2026-09-09T10:10:00Z","src":"eccc","class":"high","classBy":"level","p50":1.351}},{"type":"Feature","geometry":{"type":"Point","coordinates":[-103.76928,49.57539]},"properties":{"id":"05NB020","name":"Nickle Lake Near Weyburn","prov":"SK","kind":"lake","level":562.994,"time":"2026-09-09T09:55:00Z","src":"eccc","class":"high","classBy":"level","p50":562.624}},{"type":"Feature","geometry":{"type":"Point","coordinates":[-103.948,49.59986]},"properties":{"id":"05NB018","name":"Tatagwa Lake Drain Near Weyburn","prov":"SK","kind":"lake","level":0.817,"discharge":0.638,"time":"2026-09-09T09:55:00Z","src":"eccc","class":"very-high","classBy":"discharge","p50":0.0}},{"type":"Feature","geometry":{"type":"Point","coordinates":[-104.50178,55.35226]},"properties":{"id":"06CB002","name":"Rapid River At Outlet Of Lac La Ronge","prov":"SK","kind":"river","level":7.046,"discharge":44.0,"time":"2026-09-09T10:10:00Z","src":"eccc","class":"normal","classBy":"level","p50":7.61}},{"type":"Feature","geometry":{"type":"Point","coordinates":[-125.42982,54.40544]},"properties":{"id":"08EC004","name":"Pinkut Creek Near Tintagel","prov":"BC","kind":"river","level":0.909,"discharge":2.81,"time":"2026-09-09T10:05:00Z","src":"eccc","class":"normal","classBy":"level","p50":0.932}},{"type":"Feature","geometry":{"type":"Point","coordinates":[-132.13803,53.25268]},"properties":{"id":"08OA004","name":"Honna River Near The Mouth","prov":"BC","kind":"river","level":1.227,"discharge":0.208,"time":"2026-09-09T09:55:00Z","src":"eccc","class":"normal","classBy":"level","p50":1.244}},{"type":"Feature","geometry":{"type":"Point","coordinates":[-111.3363,57.35319]},"properties":{"id":"07DA028","name":"Muskeg River Above Stanley Creek","prov":"AB","kind":"river","level":98.318,"discharge":1.48,"time":"2026-09-09T09:25:00Z","src":"eccc","class":"very-high","classBy":"level","p50":97.842}},{"type":"Feature","geometry":{"type":"Point","coordinates":[-110.1484,52.56523]},"properties":{"id":"05GA010","name":"Killarney Lake Tributary Near Chauvin","prov":"AB","kind":"lake","level":0.875,"discharge":0.001,"time":"2026-09-09T09:20:00Z","src":"eccc","class":"high","classBy":"level","p50":0.761}},{"type":"Feature","geometry":{"type":"Point","coordinates":[-112.84209,50.99449]},"properties":{"id":"05BM007","name":"Parflesh Creek Near Chancellor","prov":"AB","kind":"river","level":1.117,"discharge":0.0,"time":"2026-09-09T09:25:00Z","src":"eccc","class":"high","classBy":"level","p50":0.609}},{"type":"Feature","geometry":{"type":"Point","coordinates":[-110.22367,49.10772]},"properties":{"id":"11AA026","name":"Sage Creek At Q Ranch Near Wildhorse","prov":"AB","kind":"river","level":0.33,"discharge":0.0,"time":"2026-09-09T09:25:00Z","src":"eccc","class":"normal","classBy":"level","p50":0.347}},{"type":"Feature","geometry":{"type":"Point","coordinates":[-117.62308,55.7146]},"properties":{"id":"07GJ001","name":"Smoky River At Watino","prov":"AB","kind":"river","level":2.693,"discharge":489.0,"time":"2026-09-09T09:25:00Z","src":"eccc","class":"high","classBy":"level","p50":2.171}},{"type":"Feature","geometry":{"type":"Point","coordinates":[-116.8062,53.37592]},"properties":{"id":"07AF014","name":"Embarras River Near Weald","prov":"AB","kind":"river","level":0.964,"discharge":4.69,"time":"2026-09-09T09:20:00Z","src":"eccc","class":"high","classBy":"level","p50":0.78}},{"type":"Feature","geometry":{"type":"Point","coordinates":[-117.61842,56.92004]},"properties":{"id":"07HC001","name":"Notikewin River At Manning","prov":"AB","kind":"river","level":0.618,"discharge":2.32,"time":"2026-09-09T09:25:00Z","src":"eccc","class":"normal","classBy":"level","p50":0.583}},{"type":"Feature","geometry":{"type":"Point","coordinates":[-116.17495,51.43311]},"properties":{"id":"05BA002","name":"Pipestone River Near Lake Louise","prov":"AB","kind":"river","level":0.646,"discharge":3.29,"time":"2026-09-09T09:25:00Z","src":"eccc","class":"normal","classBy":"level","p50":0.698}},{"type":"Feature","geometry":{"type":"Point","coordinates":[-111.415,57.23933]},"properties":{"id":"07DA026","name":"Jackpine Creek At Canterra Road","prov":"AB","kind":"river","level":296.578,"discharge":0.088,"time":"2026-09-09T09:25:00Z","src":"eccc","class":"very-low","classBy":"level","p50":296.828}},{"type":"Feature","geometry":{"type":"Point","coordinates":[-114.0751,49.30934]},"properties":{"id":"05AA034","name":"Pincher Creek At Front Range Road","prov":"AB","kind":"river","level":7.871,"discharge":0.681,"time":"2026-09-09T09:25:00Z","src":"eccc","class":"very-high","classBy":"level","p50":7.761}},{"type":"Feature","geometry":{"type":"Point","coordinates":[-119.6805,56.30783]},"properties":{"id":"07FD009","name":"Clear River Near Bear Canyon","prov":"AB","kind":"river","level":0.716,"discharge":0.0,"time":"2026-09-09T09:30:00Z","src":"eccc","class":"very-low","classBy":"level","p50":1.111}},{"type":"Feature","geometry":{"type":"Point","coordinates":[-112.86288,49.70942]},"properties":{"id":"05AD007","name":"Oldman River Near Lethbridge","prov":"AB","kind":"river","level":0.807,"discharge":67.4,"time":"2026-09-09T09:25:00Z","src":"eccc","class":"high","classBy":"level","p50":0.373}},{"type":"Feature","geometry":{"type":"Point","coordinates":[-116.264,58.44908]},"properties":{"id":"07JF002","name":"Boyer River Near Fort Vermilion","prov":"AB","kind":"river","level":1.069,"discharge":0.355,"time":"2026-09-09T09:25:00Z","src":"eccc","class":"normal","classBy":"level","p50":0.758}},{"type":"Feature","geometry":{"type":"Point","coordinates":[-110.9211,53.8888]},"properties":{"id":"05ED002","name":"Atimoswe Creek Near Elk Point","prov":"AB","kind":"river","level":1.554,"discharge":0.068,"time":"2026-09-09T09:25:00Z","src":"eccc","class":"high","classBy":"level","p50":1.035}},{"type":"Feature","geometry":{"type":"Point","coordinates":[-111.68934,50.73393]},"properties":{"id":"05CJ006","name":"Onetree Creek Near Patricia","prov":"AB","kind":"river","level":0.658,"discharge":1.74,"time":"2026-09-09T09:25:00Z","src":"eccc","class":"normal","classBy":"level","p50":0.649}},{"type":"Feature","geometry":{"type":"Point","coordinates":[-113.76247,53.65535]},"properties":{"id":"05EA005","name":"Sturgeon River Near Villeneuve","prov":"AB","kind":"river","level":0.801,"discharge":0.912,"time":"2026-09-09T09:20:00Z","src":"eccc","class":"low","classBy":"level","p50":0.953}},{"type":"Feature","geometry":{"type":"Point","coordinates":[-112.04985,53.29409]},"properties":{"id":"05EE006","name":"Vermilion River Tributary Near Bruce","prov":"AB","kind":"river","level":0.623,"discharge":0.082,"time":"2026-09-09T09:25:00Z","src":"eccc","class":"normal","classBy":"level","p50":0.605}},{"type":"Feature","geometry":{"type":"Point","coordinates":[-111.27658,57.49172]},"properties":{"id":"07DA023","name":"Mcclelland Lake At East End","prov":"AB","kind":"lake","level":294.768,"time":"2026-09-09T09:25:00Z","src":"eccc","class":"very-high","classBy":"level","p50":294.563}},{"type":"Feature","geometry":{"type":"Point","coordinates":[-114.47748,52.08928]},"properties":{"id":"05CB004","name":"Raven River Near Raven","prov":"AB","kind":"river","level":0.661,"discharge":1.69,"time":"2026-09-09T09:25:00Z","src":"eccc","class":"normal","classBy":"level","p50":0.594}},{"type":"Feature","geometry":{"type":"Point","coordinates":[-110.47364,57.33497]},"properties":{"id":"07DC003","name":"Firebag River Upstream Of Suncor Firebag","prov":"AB","kind":"river","level":98.884,"discharge":6.97,"time":"2026-09-09T09:30:00Z","src":"eccc","class":"normal","classBy":"level","p50":98.885}},{"type":"Feature","geometry":{"type":"Point","coordinates":[-113.71484,50.01852]},"properties":{"id":"05AB021","name":"Willow Creek Near Claresholm","prov":"AB","kind":"river","level":0.813,"discharge":3.68,"time":"2026-09-09T09:25:00Z","src":"eccc","class":"high","classBy":"level","p50":0.606}},{"type":"Feature","geometry":{"type":"Point","coordinates":[-111.64056,51.25521]},"properties":{"id":"05CH014","name":"Berry Creek Reservoir Near Sunnynook","prov":"AB","kind":"river","level":733.666,"time":"2026-09-09T09:25:00Z","src":"eccc","class":"high","classBy":"level","p50":732.402}},{"type":"Feature","geometry":{"type":"Point","coordinates":[-119.16112,53.94651]},"properties":{"id":"07GA001","name":"Smoky River Above Hells Creek","prov":"AB","kind":"river","level":1.686,"discharge":96.3,"time":"2026-09-09T09:25:00Z","src":"eccc","class":"normal","classBy":"level","p50":1.537}},{"type":"Feature","geometry":{"type":"Point","coordinates":[-114.85582,52.2521]},"properties":{"id":"05DB006","name":"Clearwater River Near Dovercourt","prov":"AB","kind":"river","level":0.952,"discharge":18.1,"time":"2026-09-09T09:25:00Z","src":"eccc","class":"normal","classBy":"level","p50":0.963}},{"type":"Feature","geometry":{"type":"Point","coordinates":[-111.45168,53.61928]},"properties":{"id":"05EE010","name":"Vermilion River At Range Road No. 105","prov":"AB","kind":"river","level":16.891,"discharge":0.142,"time":"2026-09-09T09:30:00Z","src":"eccc","class":"normal","classBy":"level","p50":16.923}},{"type":"Feature","geometry":{"type":"Point","coordinates":[-116.68919,51.88427]},"properties":{"id":"05DA007","name":"Mistaya River Near Saskatchewan Crossing","prov":"AB","kind":"river","level":1.218,"discharge":7.42,"time":"2026-09-09T09:25:00Z","src":"eccc","class":"normal","classBy":"level","p50":1.253}},{"type":"Feature","geometry":{"type":"Point","coordinates":[-110.40039,49.48153]},"properties":{"id":"11AB092","name":"Greasewood Reservoir Near Elkwater","prov":"AB","kind":"lake","level":29.338,"time":"2026-09-09T09:30:00Z","src":"eccc","class":"high","classBy":"level","p50":27.826}},{"type":"Feature","geometry":{"type":"Point","coordinates":[-111.40258,56.78089]},"properties":{"id":"07DA001","name":"Athabasca River Below Fort Mcmurray","prov":"AB","kind":"river","level":2.276,"discharge":698.0,"time":"2026-09-09T09:20:00Z","src":"eccc","class":"normal","classBy":"level","p50":2.08}},{"type":"Feature","geometry":{"type":"Point","coordinates":[-111.47577,53.64189]},"properties":{"id":"05EE011","name":"Vermilion Lakes Near Morecambe","prov":"AB","kind":"river","level":599.034,"time":"2026-09-09T09:30:00Z","src":"eccc","class":"high","classBy":"level","p50":598.948}},{"type":"Feature","geometry":{"type":"Point","coordinates":[-113.32314,53.0368]},"properties":{"id":"05FA012","name":"Pipestone Creek Near Wetaskiwin","prov":"AB","kind":"river","level":0.908,"discharge":0.013,"time":"2026-09-09T09:20:00Z","src":"eccc","class":"low","classBy":"level","p50":0.948}},{"type":"Feature","geometry":{"type":"Point","coordinates":[-110.91736,55.86969]},"properties":{"id":"07CE003","name":"Pony Creek Near Chard","prov":"AB","kind":"river","level":8.5,"discharge":0.371,"time":"2026-09-09T09:25:00Z","src":"eccc","class":"low","classBy":"level","p50":8.697}},{"type":"Feature","geometry":{"type":"Point","coordinates":[-111.9055,56.96756]},"properties":{"id":"07DB006","name":"Mackay River At Petro-Canada Bridge","prov":"AB","kind":"river","level":96.385,"discharge":3.52,"time":"2026-09-09T09:30:00Z","src":"eccc","class":"normal","classBy":"level","p50":96.416}},{"type":"Feature","geometry":{"type":"Point","coordinates":[-114.56986,50.94851]},"properties":{"id":"05BJ004","name":"Elbow River At Bragg Creek","prov":"AB","kind":"river","level":0.959,"discharge":7.13,"time":"2026-09-09T09:25:00Z","src":"eccc","class":"low","classBy":"level","p50":1.368}},{"type":"Feature","geometry":{"type":"Point","coordinates":[-110.86734,53.00723]},"properties":{"id":"05FE002","name":"Buffalo Creek At Highway No. 41","prov":"AB","kind":"river","level":0.979,"discharge":0.154,"time":"2026-09-09T09:25:00Z","src":"eccc","class":"normal","classBy":"level","p50":1.044}},{"type":"Feature","geometry":{"type":"Point","coordinates":[-110.68351,50.02365]},"properties":{"id":"05AH005","name":"Seven Persons Creek At Medicine Hat","prov":"AB","kind":"river","level":0.692,"discharge":0.99,"time":"2026-09-09T09:25:00Z","src":"eccc","class":"normal","classBy":"level","p50":0.704}},{"type":"Feature","geometry":{"type":"Point","coordinates":[-113.69057,53.22203]},"properties":{"id":"05DF007","name":"West Whitemud Creek Near Ireton","prov":"AB","kind":"river","level":0.777,"discharge":0.0,"time":"2026-09-09T09:20:00Z","src":"eccc","class":"normal","classBy":"discharge","p50":0.0}},{"type":"Feature","geometry":{"type":"Point","coordinates":[-114.40035,54.11262]},"properties":{"id":"07BB006","name":"Paddle River At Barrhead","prov":"AB","kind":"river","level":0.765,"discharge":2.26,"time":"2026-09-09T09:25:00Z","src":"eccc","class":"normal","classBy":"level","p50":0.796}},{"type":"Feature","geometry":{"type":"Point","coordinates":[-113.4855,53.53721]},"properties":{"id":"05DF001","name":"North Saskatchewan River At Edmonton","prov":"AB","kind":"river","level":3.101,"discharge":140.0,"time":"2026-09-09T09:25:00Z","src":"eccc","class":"low","classBy":"level","p50":3.261}},{"type":"Feature","geometry":{"type":"Point","coordinates":[-112.96467,52.94859]},"properties":{"id":"05FA011","name":"Battle River At Duhamel","prov":"AB","kind":"river","level":12.445,"discharge":0.542,"time":"2026-09-09T09:30:00Z","src":"eccc","class":"normal","classBy":"level","p50":12.465}},{"type":"Feature","geometry":{"type":"Point","coordinates":[-110.36961,49.52714]},"properties":{"id":"11AB091","name":"Michel Reservoir Near Elkwater","prov":"AB","kind":"lake","level":1102.211,"time":"2026-09-09T09:25:00Z","src":"eccc","class":"high","classBy":"level","p50":1101.959}},{"type":"Feature","geometry":{"type":"Point","coordinates":[-110.32566,53.44246]},"properties":{"id":"05EE005","name":"Stretton Creek Near Marwayne","prov":"AB","kind":"river","level":0.744,"discharge":0.0006,"time":"2026-09-09T09:25:00Z","src":"eccc","class":"normal","classBy":"level","p50":0.683}},{"type":"Feature","geometry":{"type":"Point","coordinates":[-110.508,50.89896]},"properties":{"id":"05CK005","name":"Alkali Creek Near The Mouth","prov":"AB","kind":"river","level":1.104,"discharge":0.0,"time":"2026-09-09T09:25:00Z","src":"eccc","class":"normal","classBy":"level","p50":0.796}},{"type":"Feature","geometry":{"type":"Point","coordinates":[-113.08031,54.65261]},"properties":{"id":"07CA008","name":"Babette Creek Near Colinton","prov":"AB","kind":"river","level":1.712,"discharge":0.038,"time":"2026-09-09T09:25:00Z","src":"eccc","class":"normal","classBy":"level","p50":1.627}},{"type":"Feature","geometry":{"type":"Point","coordinates":[-113.63383,49.32703]},"properties":{"id":"05AD027","name":"Waterton - Belly Diversion Canal","prov":"AB","kind":"river","level":1.432,"discharge":13.1,"time":"2026-09-09T09:20:00Z","src":"eccc","class":"normal","classBy":"level","p50":1.544}},{"type":"Feature","geometry":{"type":"Point","coordinates":[-113.19576,52.40747]},"properties":{"id":"05CD007","name":"Parlby Creek At Alix","prov":"AB","kind":"river","level":0.297,"discharge":0.002,"time":"2026-09-09T09:25:00Z","src":"eccc","class":"low","classBy":"level","p50":0.332}},{"type":"Feature","geometry":{"type":"Point","coordinates":[-113.0113,51.29354]},"properties":{"id":"05CE005","name":"Rosebud River At Redland","prov":"AB","kind":"river","level":0.595,"discharge":3.12,"time":"2026-09-09T09:20:00Z","src":"eccc","class":"high","classBy":"level","p50":0.523}},{"type":"Feature","geometry":{"type":"Point","coordinates":[-110.26181,49.23397]},"properties":{"id":"11AB097","name":"Cressday Reservoir Near Cressday","prov":"AB","kind":"lake","level":963.369,"time":"2026-09-09T09:25:00Z","src":"eccc","class":"normal","classBy":"level","p50":963.37}},{"type":"Feature","geometry":{"type":"Point","coordinates":[-111.18007,56.48356]},"properties":{"id":"07CE001","name":"Gregoire Lake Near Fort Mcmurray","prov":"AB","kind":"lake","level":475.651,"time":"2026-09-09T09:25:00Z","src":"eccc","class":"high","classBy":"level","p50":475.507}},{"type":"Feature","geometry":{"type":"Point","coordinates":[-81.51344,43.96528]},"properties":{"id":"02FD002","name":"Lucknow River At Lucknow","prov":"ON","kind":"river","level":6.387,"discharge":0.115,"time":"2026-09-09T10:05:00Z","src":"eccc","class":"normal","classBy":"level","p50":6.394}},{"type":"Feature","geometry":{"type":"Point","coordinates":[-80.83956,46.34567]},"properties":{"id":"02DB005","name":"Wanapitei River Near Wanup","prov":"ON","kind":"river","level":1.893,"discharge":20.8,"time":"2026-09-09T10:15:00Z","src":"eccc","class":"normal","classBy":"level","p50":1.579}},{"type":"Feature","geometry":{"type":"Point","coordinates":[-79.94906,43.33486]},"properties":{"id":"02HB028","name":"Grindstone Creek Near Millgrove","prov":"ON","kind":"river","level":2.212,"time":"2026-09-09T10:00:00Z","src":"eccc","class":"normal","classBy":"level","p50":2.245}},{"type":"Feature","geometry":{"type":"Point","coordinates":[-89.24067,48.56244]},"properties":{"id":"02AB021","name":"Current River At Stepstone","prov":"ON","kind":"river","level":1.807,"discharge":0.238,"time":"2026-09-09T09:55:00Z","src":"eccc","class":"low","classBy":"level","p50":1.907}},{"type":"Feature","geometry":{"type":"Point","coordinates":[-80.51427,43.47192]},"properties":{"id":"02GA024","name":"Laurel Creek At Waterloo","prov":"ON","kind":"river","level":2.943,"discharge":0.306,"time":"2026-09-09T10:05:00Z","src":"eccc","class":"high","classBy":"level","p50":2.897}},{"type":"Feature","geometry":{"type":"Point","coordinates":[-81.13472,42.83519]},"properties":{"id":"02GC029","name":"Kettle Creek Above St. Thomas","prov":"ON","kind":"river","level":5.542,"discharge":0.083,"time":"2026-09-09T10:00:00Z","src":"eccc","class":"normal","classBy":"level","p50":5.539}},{"type":"Feature","geometry":{"type":"Point","coordinates":[-76.84922,44.23943]},"properties":{"id":"02HM004","name":"Wilton Creek Near Napanee","prov":"ON","kind":"river","level":6.267,"discharge":0.214,"time":"2026-09-09T09:55:00Z","src":"eccc","class":"very-high","classBy":"level","p50":6.165}},{"type":"Feature","geometry":{"type":"Point","coordinates":[-81.19911,46.58336]},"properties":{"id":"02CF007","name":"Whitson River At Chelmsford","prov":"ON","kind":"river","level":8.766,"discharge":1.45,"time":"2026-09-09T09:55:00Z","src":"eccc","class":"high","classBy":"level","p50":8.641}},{"type":"Feature","geometry":{"type":"Point","coordinates":[-80.55264,43.17394]},"properties":{"id":"02GB006","name":"Horner Creek Near Princeton","prov":"ON","kind":"river","level":3.264,"time":"2026-09-09T10:05:00Z","src":"eccc","class":"normal","classBy":"level","p50":3.254}},{"type":"Feature","geometry":{"type":"Point","coordinates":[-80.05281,43.28292]},"properties":{"id":"02HB023","name":"Spencer Creek At Highway No. 5","prov":"ON","kind":"river","level":0.576,"discharge":0.317,"time":"2026-09-09T10:10:00Z","src":"eccc","class":"high","classBy":"level","p50":0.476}},{"type":"Feature","geometry":{"type":"Point","coordinates":[-85.73092,48.16039]},"properties":{"id":"02BC006","name":"Pukaskwa River Below Fox River","prov":"ON","kind":"river","level":3.709,"time":"2026-09-09T10:15:00Z","src":"eccc","class":"low","classBy":"level","p50":3.963}},{"type":"Feature","geometry":{"type":"Point","coordinates":[-80.76408,51.07672]},"properties":{"id":"04MF001","name":"North French River Near The Mouth","prov":"ON","kind":"river","level":24.136,"discharge":84.0,"time":"2026-09-09T10:10:00Z","src":"eccc","class":"normal","classBy":"level","p50":23.986}},{"type":"Feature","geometry":{"type":"Point","coordinates":[-79.28798,45.5567]},"properties":{"id":"02EA018","name":"Magnetawan River Near Emsdale","prov":"ON","kind":"river","level":7.527,"discharge":2.65,"time":"2026-09-09T09:50:00Z","src":"eccc","class":"normal","classBy":"level","p50":7.47}},{"type":"Feature","geometry":{"type":"Point","coordinates":[-79.05928,43.89128]},"properties":{"id":"02HC019","name":"Duffins Creek Above Pickering","prov":"ON","kind":"river","level":1.595,"discharge":0.777,"time":"2026-09-09T10:05:00Z","src":"eccc","class":"normal","classBy":"level","p50":1.661}},{"type":"Feature","geometry":{"type":"Point","coordinates":[-86.60722,48.84911]},"properties":{"id":"02BA003","name":"Little Pic River Near Coldwell","prov":"ON","kind":"river","level":2.175,"discharge":2.36,"time":"2026-09-09T09:50:00Z","src":"eccc","class":"low","classBy":"level","p50":2.321}},{"type":"Feature","geometry":{"type":"Point","coordinates":[-81.62619,43.71756]},"properties":{"id":"02FE015","name":"Maitland River At Benmiller","prov":"ON","kind":"river","level":1.936,"discharge":6.07,"time":"2026-09-09T10:05:00Z","src":"eccc","class":"normal","classBy":"level","p50":1.906}},{"type":"Feature","geometry":{"type":"Point","coordinates":[-80.98267,42.77375]},"properties":{"id":"02GC030","name":"Catfish Creek At Aylmer","prov":"ON","kind":"river","level":2.928,"discharge":0.382,"time":"2026-09-09T10:00:00Z","src":"eccc","class":"high","classBy":"level","p50":2.873}},{"type":"Feature","geometry":{"type":"Point","coordinates":[-80.25222,43.53372]},"properties":{"id":"02GA015","name":"Speed River Below Guelph","prov":"ON","kind":"river","level":0.604,"discharge":1.98,"time":"2026-09-09T09:50:00Z","src":"eccc","class":"normal","classBy":"level","p50":0.627}},{"type":"Feature","geometry":{"type":"Point","coordinates":[-80.07203,44.30736]},"properties":{"id":"02ED015","name":"Mad River At Avening","prov":"ON","kind":"river","level":1.039,"discharge":0.91,"time":"2026-09-09T10:10:00Z","src":"eccc","class":"normal","classBy":"level","p50":1.037}},{"type":"Feature","geometry":{"type":"Point","coordinates":[-79.04956,44.99256]},"properties":{"id":"02EC019","name":"Black River Near Vankoughnet","prov":"ON","kind":"river","level":8.797,"discharge":1.3,"time":"2026-09-09T10:00:00Z","src":"eccc","class":"normal","classBy":"level","p50":8.784}},{"type":"Feature","geometry":{"type":"Point","coordinates":[-75.34736,45.50375]},"properties":{"id":"02LB036","name":"Becketts Creek Near Cumberland Estates","prov":"ON","kind":"river","level":6.671,"discharge":0.125,"time":"2026-09-09T09:55:00Z","src":"eccc","class":"high","classBy":"level","p50":6.628}},{"type":"Feature","geometry":{"type":"Point","coordinates":[-79.82858,44.98611]},"properties":{"id":"02EB023","name":"Go Home Lake Near Potters Landing","prov":"ON","kind":"lake","level":185.196,"time":"2026-09-09T10:05:00Z","src":"eccc","class":"normal","classBy":"level","p50":185.186}},{"type":"Feature","geometry":{"type":"Point","coordinates":[-76.12323,44.54543]},"properties":{"id":"02MA001","name":"Lyndhurst Creek At Lyndhurst","prov":"ON","kind":"river","level":16.463,"discharge":1.53,"time":"2026-09-09T09:50:00Z","src":"eccc","class":"very-high","classBy":"level","p50":16.187}},{"type":"Feature","geometry":{"type":"Point","coordinates":[-79.45203,44.64681]},"properties":{"id":"02ED030","name":"Silver Creek At Orillia","prov":"ON","kind":"river","level":7.046,"time":"2026-09-09T10:00:00Z","src":"eccc","class":"low","classBy":"level","p50":7.078}},{"type":"Feature","geometry":{"type":"Point","coordinates":[-81.44767,43.18056]},"properties":{"id":"02FF013","name":"Little Ausable River Near Lucan Crossing","prov":"ON","kind":"river","level":2.513,"discharge":0.447,"time":"2026-09-09T10:10:00Z","src":"eccc","class":"high","classBy":"level","p50":2.429}},{"type":"Feature","geometry":{"type":"Point","coordinates":[-82.43994,49.41442]},"properties":{"id":"04LF001","name":"Kapuskasing River At Kapuskasing","prov":"ON","kind":"river","level":4.704,"discharge":35.2,"time":"2026-09-09T10:20:00Z","src":"eccc","class":"normal","classBy":"level","p50":4.451}},{"type":"Feature","geometry":{"type":"Point","coordinates":[-76.99296,44.48623]},"properties":{"id":"02HM010","name":"Salmon River At Tamworth","prov":"ON","kind":"river","level":4.954,"discharge":9.23,"time":"2026-09-09T10:05:00Z","src":"eccc","class":"very-high","classBy":"level","p50":4.509}},{"type":"Feature","geometry":{"type":"Point","coordinates":[-88.35787,49.1227]},"properties":{"id":"02AD012","name":"Nipigon River Below Alexander Generating Station","prov":"ON","kind":"river","level":26.711,"time":"2026-09-09T10:20:00Z","src":"eccc","class":"normal","classBy":"level","p50":26.781}},{"type":"Feature","geometry":{"type":"Point","coordinates":[-80.97267,43.72723]},"properties":{"id":"02FE003","name":"Middle Maitland River Near Listowel","prov":"ON","kind":"river","level":6.745,"discharge":0.057,"time":"2026-09-09T10:05:00Z","src":"eccc","class":"low","classBy":"level","p50":6.822}},{"type":"Feature","geometry":{"type":"Point","coordinates":[-81.50944,43.36197]},"properties":{"id":"02FF009","name":"Ausable River Near Exeter","prov":"ON","kind":"river","level":3.35,"discharge":0.264,"time":"2026-09-09T09:55:00Z","src":"eccc","class":"high","classBy":"level","p50":3.271}},{"type":"Feature","geometry":{"type":"Point","coordinates":[-94.87672,50.17406]},"properties":{"id":"05QE016","name":"Goshawk Lake At Kahkagopkung Onigum","prov":"ON","kind":"lake","level":318.067,"time":"2026-09-09T10:10:00Z","src":"eccc"}},{"type":"Feature","geometry":{"type":"Point","coordinates":[-80.24175,45.92039]},"properties":{"id":"02DD022","name":"Dollars Lake Below S Narrows","prov":"ON","kind":"lake","level":7.71,"time":"2026-09-09T10:00:00Z","src":"eccc","class":"very-low","classBy":"level","p50":7.933}},{"type":"Feature","geometry":{"type":"Point","coordinates":[-79.11333,43.19561]},"properties":{"id":"02HA030","name":"Four Mile Creek Near Virgil","prov":"ON","kind":"river","level":7.501,"discharge":0.039,"time":"2026-09-09T09:55:00Z","src":"eccc","class":"normal","classBy":"level","p50":7.497}},{"type":"Feature","geometry":{"type":"Point","coordinates":[-83.70961,46.53047]},"properties":{"id":"02CA007","name":"Thessalon River Near Poplar Dale","prov":"ON","kind":"river","level":1.803,"discharge":0.834,"time":"2026-09-09T10:15:00Z","src":"eccc","class":"very-low","classBy":"level","p50":2.119}},{"type":"Feature","geometry":{"type":"Point","coordinates":[-81.07485,43.67634]},"properties":{"id":"02FE010","name":"Boyle Drain Near Atwood","prov":"ON","kind":"river","level":3.162,"time":"2026-09-09T10:05:00Z","src":"eccc","class":"normal","classBy":"level","p50":3.165}},{"type":"Feature","geometry":{"type":"Point","coordinates":[-79.34389,44.26064]},"properties":{"id":"02EC008","name":"Black River At Baldwin","prov":"ON","kind":"river","level":8.558,"discharge":1.84,"time":"2026-09-09T10:00:00Z","src":"eccc","class":"very-high","classBy":"level","p50":8.304}},{"type":"Feature","geometry":{"type":"Point","coordinates":[-75.79061,45.24942]},"properties":{"id":"02LA007","name":"Jock River Near Richmond","prov":"ON","kind":"river","level":6.267,"discharge":2.69,"time":"2026-09-09T09:55:00Z","src":"eccc","class":"high","classBy":"level","p50":6.104}},{"type":"Feature","geometry":{"type":"Point","coordinates":[-76.56461,45.49647]},"properties":{"id":"02KC009","name":"Bonnechere River Near Castleford","prov":"ON","kind":"river","level":5.801,"discharge":11.1,"time":"2026-09-09T10:10:00Z","src":"eccc","class":"high","classBy":"level","p50":5.666}},{"type":"Feature","geometry":{"type":"Point","coordinates":[-93.52122,51.80983]},"properties":{"id":"05RC001","name":"Berens River Above Berens Lake","prov":"ON","kind":"river","level":25.264,"discharge":16.5,"time":"2026-09-09T10:15:00Z","src":"eccc","class":"low","classBy":"level","p50":25.531}},{"type":"Feature","geometry":{"type":"Point","coordinates":[-77.5155,45.32808]},"properties":{"id":"02KD004","name":"Madawaska River At Palmer Rapids","prov":"ON","kind":"river","level":1.563,"discharge":51.6,"time":"2026-09-09T09:50:00Z","src":"eccc","class":"high","classBy":"level","p50":1.1}},{"type":"Feature","geometry":{"type":"Point","coordinates":[-77.12511,45.81828]},"properties":{"id":"02KC018","name":"Indian River At Pembroke","prov":"ON","kind":"river","level":2.618,"discharge":1.23,"time":"2026-09-09T09:50:00Z","src":"eccc","class":"normal","classBy":"level","p50":2.602}},{"type":"Feature","geometry":{"type":"Point","coordinates":[-94.18481,48.79795]},"properties":{"id":"05PC023","name":"Pinewood River At Highway No. 617","prov":"ON","kind":"river","level":10.651,"discharge":0.659,"time":"2026-09-09T09:15:00Z","src":"eccc","class":"high","classBy":"level","p50":10.326}},{"type":"Feature","geometry":{"type":"Point","coordinates":[-80.9232,46.15997]},"properties":{"id":"02DB008","name":"Wanapitei River At Highway 637","prov":"ON","kind":"river","level":16.035,"discharge":19.5,"time":"2026-09-09T09:55:00Z","src":"eccc"}},{"type":"Feature","geometry":{"type":"Point","coordinates":[-81.73183,43.16075]},"properties":{"id":"02FF004","name":"South Parkhill Creek Near Parkhill","prov":"ON","kind":"river","level":1.668,"time":"2026-09-09T09:55:00Z","src":"eccc","class":"normal","classBy":"level","p50":1.615}},{"type":"Feature","geometry":{"type":"Point","coordinates":[-77.10797,45.79789]},"properties":{"id":"02KC015","name":"Muskrat River Near Pembroke","prov":"ON","kind":"river","level":3.657,"discharge":2.12,"time":"2026-09-09T09:50:00Z","src":"eccc","class":"high","classBy":"level","p50":3.546}},{"type":"Feature","geometry":{"type":"Point","coordinates":[-90.58081,49.61131]},"properties":{"id":"04GB005","name":"Brightsand River At Moberley","prov":"ON","kind":"river","level":26.767,"discharge":2.68,"time":"2026-09-09T10:15:00Z","src":"eccc","class":"low","classBy":"level","p50":26.945}},{"type":"Feature","geometry":{"type":"Point","coordinates":[-82.51242,46.21078]},"properties":{"id":"02CD001","name":"Serpent River At Highway No. 17","prov":"ON","kind":"river","level":7.587,"time":"2026-09-09T10:15:00Z","src":"eccc","class":"normal","classBy":"level","p50":7.649}},{"type":"Feature","geometry":{"type":"Point","coordinates":[-79.812,47.32103]},"properties":{"id":"02JD013","name":"Bay Lake At Latchford","prov":"ON","kind":"lake","level":7.014,"time":"2026-09-09T09:55:00Z","src":"eccc","class":"normal","classBy":"level","p50":7.043}},{"type":"Feature","geometry":{"type":"Point","coordinates":[-75.34378,45.2625]},"properties":{"id":"02LB006","name":"Castor River At Russell","prov":"ON","kind":"river","level":3.214,"discharge":2.52,"time":"2026-09-09T09:55:00Z","src":"eccc","class":"very-high","classBy":"level","p50":3.091}},{"type":"Feature","geometry":{"type":"Point","coordinates":[-79.89664,44.1525]},"properties":{"id":"02ED102","name":"Boyne River At Earl Rowe Park","prov":"ON","kind":"river","level":2.883,"discharge":1.2,"time":"2026-09-09T09:55:00Z","src":"eccc","class":"high","classBy":"level","p50":2.835}},{"type":"Feature","geometry":{"type":"Point","coordinates":[-81.34458,46.27358]},"properties":{"id":"02CH002","name":"Panache Lake At Jackson'S Point","prov":"ON","kind":"lake","level":31.032,"time":"2026-09-09T10:00:00Z","src":"eccc","class":"normal","classBy":"level","p50":31.02}},{"type":"Feature","geometry":{"type":"Point","coordinates":[-79.61353,45.01314]},"properties":{"id":"02EB015","name":"Bala Bay At Bala","prov":"ON","kind":"river","level":225.267,"time":"2026-09-09T10:00:00Z","src":"eccc","class":"normal","classBy":"level","p50":225.273}},{"type":"Feature","geometry":{"type":"Point","coordinates":[-93.61172,49.95722]},"properties":{"id":"05QD029","name":"Forest Lake Above Canyon Lake","prov":"ON","kind":"lake","level":1.903,"time":"2026-09-09T10:20:00Z","src":"eccc","class":"low","classBy":"level","p50":2.102}},{"type":"Feature","geometry":{"type":"Point","coordinates":[-81.8145,43.19339]},"properties":{"id":"02FF010","name":"Ausable River Near Parkhill","prov":"ON","kind":"river","level":1.75,"time":"2026-09-09T10:15:00Z","src":"eccc","class":"normal","classBy":"level","p50":1.62}},{"type":"Feature","geometry":{"type":"Point","coordinates":[-79.86433,43.43689]},"properties":{"id":"02HB011","name":"Bronte Creek Near Zimmerman","prov":"ON","kind":"river","level":5.798,"discharge":0.049,"time":"2026-09-09T09:50:00Z","src":"eccc","class":"normal","classBy":"level","p50":5.778}},{"type":"Feature","geometry":{"type":"Point","coordinates":[-78.68031,43.97908]},"properties":{"id":"02HD023","name":"Mackie Creek Near Hampton","prov":"ON","kind":"river","level":2.829,"discharge":0.126,"time":"2026-09-09T10:05:00Z","src":"eccc","class":"low","classBy":"level","p50":2.844}},{"type":"Feature","geometry":{"type":"Point","coordinates":[-94.52411,49.77708]},"properties":{"id":"05PE028","name":"Winnipeg River Western Channel Near Tunnel Island","prov":"ON","kind":"river","level":1.342,"time":"2026-09-09T10:00:00Z","src":"eccc","class":"normal","classBy":"level","p50":1.566}},{"type":"Feature","geometry":{"type":"Point","coordinates":[-79.43808,43.82661]},"properties":{"id":"02HC056","name":"Don River East Branch Near Thornhill","prov":"ON","kind":"river","level":2.063,"discharge":0.458,"time":"2026-09-09T10:20:00Z","src":"eccc","class":"normal","classBy":"level","p50":2.039}},{"type":"Feature","geometry":{"type":"Point","coordinates":[-82.01553,51.93056]},"properties":{"id":"04HA003","name":"Stooping River Above The Mouth","prov":"ON","kind":"river","level":1.589,"time":"2026-09-09T09:50:00Z","src":"eccc","class":"low","classBy":"level","p50":1.938}},{"type":"Feature","geometry":{"type":"Point","coordinates":[-81.40131,43.57925]},"properties":{"id":"02FE016","name":"South Maitland River At Roxboro","prov":"ON","kind":"river","level":4.015,"discharge":0.222,"time":"2026-09-09T10:10:00Z","src":"eccc","class":"normal","classBy":"level","p50":4.002}},{"type":"Feature","geometry":{"type":"Point","coordinates":[-83.26778,49.61108]},"properties":{"id":"04LJ001","name":"Missinaibi River At Mattice","prov":"ON","kind":"river","level":0.319,"discharge":19.8,"time":"2026-09-09T09:55:00Z","src":"eccc","class":"normal","classBy":"level","p50":0.304}},{"type":"Feature","geometry":{"type":"Point","coordinates":[-81.2675,42.78739]},"properties":{"id":"02GC031","name":"Dodd Creek Below Paynes Mills","prov":"ON","kind":"river","level":1.657,"discharge":1.08,"time":"2026-09-09T10:00:00Z","src":"eccc","class":"high","classBy":"level","p50":1.432}},{"type":"Feature","geometry":{"type":"Point","coordinates":[-81.72839,46.11861]},"properties":{"id":"02CH001","name":"Frood Lake Near Whitefish Falls","prov":"ON","kind":"lake","level":1.884,"time":"2026-09-09T10:00:00Z","src":"eccc","class":"very-low","classBy":"level","p50":2.231}},{"type":"Feature","geometry":{"type":"Point","coordinates":[-79.23822,46.85256]},"properties":{"id":"02JE033","name":"Lake Timiskaming At Mclarens Point","prov":"ON","kind":"lake","level":99.281,"time":"2026-09-09T10:05:00Z","src":"eccc"}},{"type":"Feature","geometry":{"type":"Point","coordinates":[-79.62978,47.45011]},"properties":{"id":"02JE011","name":"Lake Timiskaming At Haileybury","prov":"ON","kind":"lake","level":4.984,"time":"2026-09-09T09:55:00Z","src":"eccc","class":"high","classBy":"level","p50":4.746}},{"type":"Feature","geometry":{"type":"Point","coordinates":[-79.5765,45.12008]},"properties":{"id":"02EB020","name":"Lake Rosseau At Port Carling","prov":"ON","kind":"lake","level":8.885,"time":"2026-09-09T10:10:00Z","src":"eccc","class":"normal","classBy":"level","p50":8.86}},{"type":"Feature","geometry":{"type":"Point","coordinates":[-81.26919,44.26831]},"properties":{"id":"02FC015","name":"Teeswater River Near Paisley","prov":"ON","kind":"river","level":11.353,"time":"2026-09-09T10:15:00Z","src":"eccc","class":"normal","classBy":"level","p50":11.386}},{"type":"Feature","geometry":{"type":"Point","coordinates":[-74.64386,45.32708]},"properties":{"id":"02MC028","name":"Riviere Delisle Near Alexandria","prov":"ON","kind":"river","level":1.634,"discharge":0.255,"time":"2026-09-09T09:55:00Z","src":"eccc","class":"high","classBy":"level","p50":1.485}},{"type":"Feature","geometry":{"type":"Point","coordinates":[-79.62389,43.59233]},"properties":{"id":"02HB030","name":"Cooksville Creek Near Cooksville","prov":"ON","kind":"river","level":1.93,"discharge":0.051,"time":"2026-09-09T10:25:00Z","src":"eccc","class":"low","classBy":"level","p50":1.999}},{"type":"Feature","geometry":{"type":"Point","coordinates":[-81.96727,42.54486]},"properties":{"id":"02GE003","name":"Thames River At Thamesville","prov":"ON","kind":"river","level":11.068,"discharge":21.6,"time":"2026-09-09T09:50:00Z","src":"eccc","class":"high","classBy":"level","p50":10.753}},{"type":"Feature","geometry":{"type":"Point","coordinates":[-80.48147,43.58503]},"properties":{"id":"02GA034","name":"Grand River At West Montrose","prov":"ON","kind":"river","level":11.354,"discharge":14.2,"time":"2026-09-09T09:55:00Z","src":"eccc","class":"very-high","classBy":"level","p50":11.179}},{"type":"Feature","geometry":{"type":"Point","coordinates":[-89.54563,48.42862]},"properties":{"id":"02AB022","name":"Corbett Creek Near Murillo","prov":"ON","kind":"river","level":5.795,"time":"2026-09-09T09:55:00Z","src":"eccc","class":"high","classBy":"level","p50":5.651}},{"type":"Feature","geometry":{"type":"Point","coordinates":[-94.665,48.76743]},"properties":{"id":"05PC027","name":"Rainy River Above Lake Of The Woods","prov":"ON","kind":"river","level":97.341,"time":"2026-09-09T10:10:00Z","src":"eccc","class":"normal","classBy":"level","p50":97.307}},{"type":"Feature","geometry":{"type":"Point","coordinates":[-81.60033,46.42957]},"properties":{"id":"02CE007","name":"Ministic Creek Above Agnew Lake","prov":"ON","kind":"river","level":3.018,"time":"2026-09-09T10:10:00Z","src":"eccc","class":"normal","classBy":"level","p50":2.985}},{"type":"Feature","geometry":{"type":"Point","coordinates":[-81.11642,43.34472]},"properties":{"id":"02GD018","name":"Avon River Below Stratford","prov":"ON","kind":"river","level":6.339,"discharge":0.533,"time":"2026-09-09T10:15:00Z","src":"eccc","class":"normal","classBy":"level","p50":6.308}},{"type":"Feature","geometry":{"type":"Point","coordinates":[-78.69511,44.12428]},"properties":{"id":"02HH003","name":"Pigeon River Near Lotus","prov":"ON","kind":"river","level":2.665,"discharge":0.245,"time":"2026-09-09T10:00:00Z","src":"eccc","class":"low","classBy":"level","p50":2.685}},{"type":"Feature","geometry":{"type":"Point","coordinates":[-81.85172,42.83081]},"properties":{"id":"02GG002","name":"Sydenham River Near Alvinston","prov":"ON","kind":"river","level":10.524,"discharge":1.23,"time":"2026-09-09T10:00:00Z","src":"eccc","class":"normal","classBy":"level","p50":10.52}},{"type":"Feature","geometry":{"type":"Point","coordinates":[-79.29714,44.77531]},"properties":{"id":"02EC014","name":"Severn River Above Wasdell Falls","prov":"ON","kind":"river","level":7.018,"time":"2026-09-09T10:10:00Z","src":"eccc","class":"normal","classBy":"level","p50":7.043}},{"type":"Feature","geometry":{"type":"Point","coordinates":[-81.20678,43.45042]},"properties":{"id":"02GD014","name":"North Thames River Near Mitchell","prov":"ON","kind":"river","level":3.633,"discharge":0.599,"time":"2026-09-09T10:05:00Z","src":"eccc","class":"high","classBy":"level","p50":3.545}},{"type":"Feature","geometry":{"type":"Point","coordinates":[-82.968,46.58114]},"properties":{"id":"02CC010","name":"Little White River Below Boland River","prov":"ON","kind":"river","level":1.733,"discharge":4.81,"time":"2026-09-09T10:15:00Z","src":"eccc","class":"normal","classBy":"level","p50":1.707}},{"type":"Feature","geometry":{"type":"Point","coordinates":[-79.56619,43.11564]},"properties":{"id":"02HA020","name":"Twenty Mile Creek Above Smithville","prov":"ON","kind":"river","level":2.938,"discharge":0.053,"time":"2026-09-09T10:05:00Z","src":"eccc","class":"normal","classBy":"level","p50":2.928}},{"type":"Feature","geometry":{"type":"Point","coordinates":[-80.48576,44.46423]},"properties":{"id":"02FB012","name":"Mill Creek Near Red Wing","prov":"ON","kind":"river","level":5.805,"discharge":0.286,"time":"2026-09-09T10:05:00Z","src":"eccc","class":"low","classBy":"level","p50":5.85}},{"type":"Feature","geometry":{"type":"Point","coordinates":[-84.38153,50.42286]},"properties":{"id":"04JG001","name":"Kenogami River Near Mammamattawa","prov":"ON","kind":"river","level":20.151,"discharge":56.2,"time":"2026-09-09T10:20:00Z","src":"eccc","class":"normal","classBy":"level","p50":20.405}},{"type":"Feature","geometry":{"type":"Point","coordinates":[-82.50111,48.18275]},"properties":{"id":"04LC002","name":"Ivanhoe Lake Near Foleyet","prov":"ON","kind":"lake","level":341.387,"time":"2026-09-09T10:15:00Z","src":"eccc","class":"high","classBy":"level","p50":341.326}},{"type":"Feature","geometry":{"type":"Point","coordinates":[-80.89261,43.90381]},"properties":{"id":"02FE011","name":"Maitland River Near Harriston","prov":"ON","kind":"river","level":2.226,"discharge":0.057,"time":"2026-09-09T10:05:00Z","src":"eccc","class":"normal","classBy":"level","p50":2.249}},{"type":"Feature","geometry":{"type":"Point","coordinates":[-81.54117,43.68436]},"properties":{"id":"02FE009","name":"South Maitland River At Summerhill","prov":"ON","kind":"river","level":9.23,"discharge":1.07,"time":"2026-09-09T10:05:00Z","src":"eccc","class":"normal","classBy":"level","p50":9.175}},{"type":"Feature","geometry":{"type":"Point","coordinates":[-102.10378,53.61369]},"properties":{"id":"05KH007","name":"Carrot River Near Turnberry","prov":"SK","kind":"river","level":261.827,"discharge":26.0,"time":"2026-09-09T10:15:00Z","src":"eccc","class":"high","classBy":"level","p50":261.475}},{"type":"Feature","geometry":{"type":"Point","coordinates":[-108.31797,59.79419]},"properties":{"id":"07QC006","name":"Tazin River Above Tazin Lake","prov":"SK","kind":"river","level":6.372,"discharge":13.5,"time":"2026-09-09T10:10:00Z","src":"eccc","class":"normal","classBy":"level","p50":6.29}},{"type":"Feature","geometry":{"type":"Point","coordinates":[-101.71897,49.22106]},"properties":{"id":"05NF006","name":"Lightning Creek Near Carnduff","prov":"SK","kind":"river","level":1.756,"discharge":0.923,"time":"2026-09-09T10:10:00Z","src":"eccc"}},{"type":"Feature","geometry":{"type":"Point","coordinates":[-101.55856,50.49128]},"properties":{"id":"05JM001","name":"Qu'Appelle River Near Welby","prov":"SK","kind":"river","level":2.937,"discharge":25.1,"time":"2026-09-09T09:55:00Z","src":"eccc","class":"high","classBy":"level","p50":1.39}},{"type":"Feature","geometry":{"type":"Point","coordinates":[-104.55392,51.99397]},"properties":{"id":"05MA016","name":"Romance Creek Near Watson","prov":"SK","kind":"river","level":0.502,"discharge":0.192,"time":"2026-09-09T10:10:00Z","src":"eccc","class":"high","classBy":"discharge","p50":0.0}},{"type":"Feature","geometry":{"type":"Point","coordinates":[-109.61789,53.52319]},"properties":{"id":"05EF001","name":"North Saskatchewan River Near Deer Creek","prov":"SK","kind":"river","level":1.457,"discharge":180.0,"time":"2026-09-09T10:10:00Z","src":"eccc","class":"normal","classBy":"level","p50":1.484}},{"type":"Feature","geometry":{"type":"Point","coordinates":[-106.83583,49.4378]},"properties":{"id":"05JA003","name":"Mcdonald Creek Near Mccord","prov":"SK","kind":"river","level":0.724,"discharge":0.0,"time":"2026-09-09T10:10:00Z","src":"eccc","class":"low","classBy":"level","p50":0.962}},{"type":"Feature","geometry":{"type":"Point","coordinates":[-103.35256,49.00008]},"properties":{"id":"05NA003","name":"Long Creek At Western Crossing Of International Boundary","prov":"SK","kind":"river","level":0.641,"discharge":0.036,"time":"2026-09-09T10:10:00Z","src":"eccc","class":"very-high","classBy":"level","p50":0.494}},{"type":"Feature","geometry":{"type":"Point","coordinates":[-109.92147,49.4145]},"properties":{"id":"11AB001","name":"Middle Creek Below Middle Creek Reservoir","prov":"SK","kind":"river","level":0.606,"discharge":0.0,"time":"2026-09-09T10:10:00Z","src":"eccc","class":"normal","classBy":"discharge","p50":0.0}},{"type":"Feature","geometry":{"type":"Point","coordinates":[-101.59131,51.29658]},"properties":{"id":"05MD012","name":"Lake Of The Prairies Near Togo","prov":"SK","kind":"lake","level":95.806,"time":"2026-09-09T10:10:00Z","src":"eccc"}},{"type":"Feature","geometry":{"type":"Point","coordinates":[-104.86678,50.65047]},"properties":{"id":"05JF001","name":"Qu'Appelle River Near Lumsden","prov":"SK","kind":"river","level":492.692,"discharge":21.4,"time":"2026-09-09T10:00:00Z","src":"eccc","class":"very-high","classBy":"level","p50":491.104}},{"type":"Feature","geometry":{"type":"Point","coordinates":[-104.19228,50.36883]},"properties":{"id":"05JF008","name":"Fahlman Creek Near Davin","prov":"SK","kind":"river","level":0.709,"discharge":0.0,"time":"2026-09-09T10:10:00Z","src":"eccc","class":"very-low","classBy":"level","p50":0.803}},{"type":"Feature","geometry":{"type":"Point","coordinates":[-109.84243,54.56602]},"properties":{"id":"06AF001","name":"Cold River At Outlet Of Cold Lake","prov":"SK","kind":"river","level":535.069,"discharge":27.6,"time":"2026-09-09T10:05:00Z","src":"eccc","class":"normal","classBy":"level","p50":535.054}},{"type":"Feature","geometry":{"type":"Point","coordinates":[-104.90861,50.59056]},"properties":{"id":"05JF011","name":"Cottonwood Creek Near Lumsden","prov":"SK","kind":"river","level":1.307,"discharge":0.519,"time":"2026-09-09T10:05:00Z","src":"eccc","class":"very-high","classBy":"discharge","p50":0.0}},{"type":"Feature","geometry":{"type":"Point","coordinates":[-104.03967,49.78639]},"properties":{"id":"05NB011","name":"Yellow Grass Ditch Near Yellow Grass","prov":"SK","kind":"river","level":0.898,"discharge":0.078,"time":"2026-09-09T10:10:00Z","src":"eccc","class":"high","classBy":"level","p50":0.291}},{"type":"Feature","geometry":{"type":"Point","coordinates":[-109.83719,49.64256]},"properties":{"id":"11AB095","name":"Adams Lake","prov":"SK","kind":"lake","level":1185.894,"time":"2026-09-09T10:00:00Z","src":"eccc"}},{"type":"Feature","geometry":{"type":"Point","coordinates":[-106.64431,52.14067]},"properties":{"id":"05HG001","name":"South Saskatchewan River At Saskatoon","prov":"SK","kind":"river","level":2.218,"discharge":150.0,"time":"2026-09-09T10:00:00Z","src":"eccc","class":"normal","classBy":"level","p50":2.119}},{"type":"Feature","geometry":{"type":"Point","coordinates":[-105.23811,51.64986]},"properties":{"id":"05JJ003","name":"Lanigan Creek Above Boulder Lake","prov":"SK","kind":"river","level":0.493,"discharge":0.36,"time":"2026-09-09T10:10:00Z","src":"eccc","class":"normal","classBy":"level","p50":0.447}},{"type":"Feature","geometry":{"type":"Point","coordinates":[-104.28272,50.78781]},"properties":{"id":"05JK007","name":"Qu'Appelle River Below Loon Creek","prov":"SK","kind":"river","level":1.293,"discharge":20.7,"time":"2026-09-09T10:10:00Z","src":"eccc","class":"high","classBy":"level","p50":0.476}},{"type":"Feature","geometry":{"type":"Point","coordinates":[-102.22931,49.24803]},"properties":{"id":"05ND013","name":"Moose Mountain Creek Below Grant Devine Lake","prov":"SK","kind":"river","level":8.396,"discharge":1.22,"time":"2026-09-09T10:10:00Z","src":"eccc","class":"high","classBy":"level","p50":8.229}},{"type":"Feature","geometry":{"type":"Point","coordinates":[-102.94424,53.83436]},"properties":{"id":"05KH009","name":"Saskatchewan River Old Channel","prov":"SK","kind":"river","level":1.766,"discharge":10.2,"time":"2026-09-09T10:00:00Z","src":"eccc","class":"normal","classBy":"discharge","p50":6.45}},{"type":"Feature","geometry":{"type":"Point","coordinates":[-108.3815,50.66197]},"properties":{"id":"05HC005","name":"Antelope Creek Near Cabri","prov":"SK","kind":"river","level":0.513,"discharge":0.0,"time":"2026-09-09T10:10:00Z","src":"eccc","class":"normal","classBy":"level","p50":0.592}},{"type":"Feature","geometry":{"type":"Point","coordinates":[-107.70369,49.30725]},"properties":{"id":"11AC025","name":"Denniel Creek Near Val Marie","prov":"SK","kind":"river","level":1.22,"discharge":0.003,"time":"2026-09-09T10:10:00Z","src":"eccc","class":"normal","classBy":"level","p50":1.225}},{"type":"Feature","geometry":{"type":"Point","coordinates":[-101.84817,49.58392]},"properties":{"id":"05NF010","name":"Antler River Near Wauchope","prov":"SK","kind":"river","level":603.995,"discharge":0.003,"time":"2026-09-09T10:10:00Z","src":"eccc","class":"high","classBy":"discharge","p50":0.0}},{"type":"Feature","geometry":{"type":"Point","coordinates":[-104.90978,50.63556]},"properties":{"id":"05JF005","name":"Wascana Creek Near Lumsden","prov":"SK","kind":"river","level":3.153,"discharge":14.7,"time":"2026-09-09T10:10:00Z","src":"eccc","class":"very-high","classBy":"level","p50":1.723}},{"type":"Feature","geometry":{"type":"Point","coordinates":[-108.25897,49.93192]},"properties":{"id":"05HD042","name":"Illerbrun Creek Near Simmie","prov":"SK","kind":"river","level":99999.0,"time":"2026-09-09T10:10:00Z","src":"eccc","class":"very-high","classBy":"level","p50":2.432}},{"type":"Feature","geometry":{"type":"Point","coordinates":[-102.36981,51.63622]},"properties":{"id":"05MB003","name":"Whitesand River Near Canora","prov":"SK","kind":"river","level":469.567,"discharge":12.9,"time":"2026-09-09T10:10:00Z","src":"eccc","class":"high","classBy":"level","p50":469.099}},{"type":"Feature","geometry":{"type":"Point","coordinates":[-106.78678,49.49478]},"properties":{"id":"05JA005","name":"Wood River Near Mccord","prov":"SK","kind":"river","level":5.618,"discharge":0.01,"time":"2026-09-09T10:10:00Z","src":"eccc","class":"normal","classBy":"level","p50":5.656}},{"type":"Feature","geometry":{"type":"Point","coordinates":[-103.28401,56.33837]},"properties":{"id":"06DB004","name":"Reindeer Lake At Southend","prov":"SK","kind":"lake","level":336.714,"time":"2026-09-09T10:10:00Z","src":"eccc","class":"very-high","classBy":"level","p50":336.211}},{"type":"Feature","geometry":{"type":"Point","coordinates":[-103.90156,50.91597]},"properties":{"id":"05JK004","name":"Jumping Deer Creek Near Lipton","prov":"SK","kind":"river","level":3.331,"discharge":0.817,"time":"2026-09-09T10:10:00Z","src":"eccc","class":"very-high","classBy":"level","p50":2.86}},{"type":"Feature","geometry":{"type":"Point","coordinates":[-102.71006,50.53139]},"properties":{"id":"05JM010","name":"Ekapo Creek Near Marieval","prov":"SK","kind":"river","level":1.921,"discharge":0.379,"time":"2026-09-09T10:10:00Z","src":"eccc","class":"high","classBy":"level","p50":1.653}},{"type":"Feature","geometry":{"type":"Point","coordinates":[-109.35306,49.48667]},"properties":{"id":"11AC060","name":"Cypress Lake East Outflow Canal","prov":"SK","kind":"lake","level":1.195,"discharge":0.047,"time":"2026-09-09T10:10:00Z","src":"eccc","class":"normal","classBy":"level","p50":1.131}},{"type":"Feature","geometry":{"type":"Point","coordinates":[-102.25575,49.347]},"properties":{"id":"05ND011","name":"Shepherd Creek Near Alameda","prov":"SK","kind":"river","level":1.3,"discharge":0.019,"time":"2026-09-09T10:10:00Z","src":"eccc","class":"very-high","classBy":"discharge","p50":0.0}},{"type":"Feature","geometry":{"type":"Point","coordinates":[-102.84961,49.03125]},"properties":{"id":"05NB021","name":"Short Creek Near Roche Percee","prov":"SK","kind":"river","level":1.382,"discharge":0.791,"time":"2026-09-09T10:10:00Z","src":"eccc","class":"very-high","classBy":"level","p50":0.873}},{"type":"Feature","geometry":{"type":"Point","coordinates":[-104.3375,49.48417]},"properties":{"id":"05NA005","name":"Gibson Creek Near Radville","prov":"SK","kind":"river","level":1.052,"discharge":0.207,"time":"2026-09-09T09:55:00Z","src":"eccc","class":"very-high","classBy":"level","p50":0.616}},{"type":"Feature","geometry":{"type":"Point","coordinates":[-105.84014,50.78333]},"properties":{"id":"05JG004","name":"Qu'Appelle River Above Buffalo Pound Lake","prov":"SK","kind":"river","level":6.335,"discharge":18.2,"time":"2026-09-09T10:10:00Z","src":"eccc","class":"very-high","classBy":"level","p50":5.585}},{"type":"Feature","geometry":{"type":"Point","coordinates":[-108.77408,59.99944]},"properties":{"id":"07QC005","name":"Abitau River Above Cuming Lake","prov":"SK","kind":"river","level":4.991,"discharge":28.5,"time":"2026-09-09T10:10:00Z","src":"eccc","class":"high","classBy":"level","p50":4.711}},{"type":"Feature","geometry":{"type":"Point","coordinates":[-105.06833,53.24611]},"properties":{"id":"05KD007","name":"Saskatchewan River Below The Forks","prov":"SK","kind":"river","level":377.599,"discharge":421.0,"time":"2026-09-09T10:00:00Z","src":"eccc","class":"high","classBy":"level","p50":377.431}},{"type":"Feature","geometry":{"type":"Point","coordinates":[-105.39786,50.40033]},"properties":{"id":"05JE006","name":"Moose Jaw River Near Burdick","prov":"SK","kind":"river","level":528.15,"discharge":0.278,"time":"2026-09-09T10:10:00Z","src":"eccc","class":"normal","classBy":"level","p50":528.199}},{"type":"Feature","geometry":{"type":"Point","coordinates":[-102.17194,49.52278]},"properties":{"id":"05ND010","name":"Moose Mountain Creek Above Grant Devine Lake","prov":"SK","kind":"river","level":2.171,"discharge":0.146,"time":"2026-09-09T10:10:00Z","src":"eccc","class":"normal","classBy":"level","p50":2.131}},{"type":"Feature","geometry":{"type":"Point","coordinates":[-102.625,52.02278]},"properties":{"id":"05MC003","name":"Lilian River Near Lady Lake","prov":"SK","kind":"river","level":0.476,"discharge":0.736,"time":"2026-09-09T10:10:00Z","src":"eccc","class":"very-high","classBy":"level","p50":0.351}},{"type":"Feature","geometry":{"type":"Point","coordinates":[-104.81812,50.59956]},"properties":{"id":"05JF006","name":"Boggy Creek Near Lumsden","prov":"SK","kind":"river","level":1.116,"discharge":0.115,"time":"2026-09-09T10:05:00Z","src":"eccc","class":"normal","classBy":"level","p50":1.15}},{"type":"Feature","geometry":{"type":"Point","coordinates":[-103.15893,56.19414]},"properties":{"id":"06DD002","name":"Reindeer River Above Devil Rapids","prov":"SK","kind":"river","level":7.406,"discharge":355.0,"time":"2026-09-09T10:10:00Z","src":"eccc","class":"normal","classBy":"level","p50":7.295}},{"type":"Feature","geometry":{"type":"Point","coordinates":[-103.62958,49.49483]},"properties":{"id":"05NB033","name":"Moseley Creek Near Halbrite","prov":"SK","kind":"river","level":0.938,"discharge":0.005,"time":"2026-09-09T09:55:00Z","src":"eccc","class":"very-high","classBy":"level","p50":0.738}},{"type":"Feature","geometry":{"type":"Point","coordinates":[-103.61403,49.35264]},"properties":{"id":"05NB035","name":"Cooke Creek Near Goodwater","prov":"SK","kind":"river","level":0.593,"discharge":0.0,"time":"2026-09-09T10:10:00Z","src":"eccc","class":"normal","classBy":"discharge","p50":0.0}},{"type":"Feature","geometry":{"type":"Point","coordinates":[-105.10306,51.41611]},"properties":{"id":"05JJ009","name":"Saline Creek Near Nokomis","prov":"SK","kind":"river","level":1.268,"discharge":0.151,"time":"2026-09-09T10:10:00Z","src":"eccc","class":"very-high","classBy":"level","p50":0.907}},{"type":"Feature","geometry":{"type":"Point","coordinates":[-101.91656,51.56489]},"properties":{"id":"05MD004","name":"Assiniboine River At Kamsack","prov":"SK","kind":"river","level":3.984,"discharge":15.0,"time":"2026-09-09T10:10:00Z","src":"eccc","class":"high","classBy":"level","p50":2.547}},{"type":"Feature","geometry":{"type":"Point","coordinates":[-80.82153,46.47528]},"properties":{"id":"02DB007","name":"Coniston Creek Above Wanapitei River","prov":"ON","kind":"river","level":1.022,"time":"2026-09-09T10:15:00Z","src":"eccc","class":"normal","classBy":"level","p50":1.029}},{"type":"Feature","geometry":{"type":"Point","coordinates":[-75.70413,45.24899]},"properties":{"id":"02LA012","name":"Rideau River Below Manotick","prov":"ON","kind":"river","level":4.125,"time":"2026-09-09T10:20:00Z","src":"eccc","class":"very-high","classBy":"level","p50":3.785}},{"type":"Feature","geometry":{"type":"Point","coordinates":[-80.03797,45.55894]},"properties":{"id":"02EA021","name":"Shawanaga River Below Shawanaga Lake","prov":"ON","kind":"river","level":5.594,"time":"2026-09-09T10:20:00Z","src":"eccc","class":"very-low","classBy":"level","p50":5.851}},{"type":"Feature","geometry":{"type":"Point","coordinates":[-83.06069,47.93817]},"properties":{"id":"04LE002","name":"Nemegosenda River Near Chapleau","prov":"ON","kind":"river","level":14.489,"discharge":1.64,"time":"2026-09-09T10:10:00Z","src":"eccc","class":"low","classBy":"level","p50":14.615}},{"type":"Feature","geometry":{"type":"Point","coordinates":[-80.4779,45.99519]},"properties":{"id":"02DD031","name":"French River At Horseshoe Falls","prov":"ON","kind":"river","discharge":0.63,"time":"2026-09-09T10:15:00Z","src":"eccc"}},{"type":"Feature","geometry":{"type":"Point","coordinates":[-86.53625,50.66119]},"properties":{"id":"04JF001","name":"Little Current River At Percy Lake","prov":"ON","kind":"river","level":27.609,"discharge":20.6,"time":"2026-09-09T10:20:00Z","src":"eccc","class":"normal","classBy":"level","p50":27.838}},{"type":"Feature","geometry":{"type":"Point","coordinates":[-94.92789,50.13093]},"properties":{"id":"05PE021","name":"Winnipeg River At Manito Sipi","prov":"ON","kind":"river","level":299.51,"time":"2026-09-09T10:10:00Z","src":"eccc","class":"very-low","classBy":"level","p50":300.051}},{"type":"Feature","geometry":{"type":"Point","coordinates":[-94.51764,49.76831]},"properties":{"id":"05PE030","name":"Lake Of The Woods Western Outlet Above Norman Dam And Powerhouse Site No.3","prov":"ON","kind":"lake","level":322.684,"time":"2026-09-09T10:10:00Z","src":"eccc","class":"normal","classBy":"level","p50":322.627}},{"type":"Feature","geometry":{"type":"Point","coordinates":[-80.69186,43.21531]},"properties":{"id":"02GD021","name":"Thames River At Innerkip","prov":"ON","kind":"river","level":7.275,"discharge":0.119,"time":"2026-09-09T10:00:00Z","src":"eccc","class":"normal","classBy":"level","p50":7.275}},{"type":"Feature","geometry":{"type":"Point","coordinates":[-80.34094,43.73094]},"properties":{"id":"02GA016","name":"Grand River Below Shand Dam","prov":"ON","kind":"river","level":1.828,"discharge":13.2,"time":"2026-09-09T10:10:00Z","src":"eccc","class":"very-high","classBy":"level","p50":1.621}},{"type":"Feature","geometry":{"type":"Point","coordinates":[-79.82142,44.24981]},"properties":{"id":"02ED003","name":"Nottawasaga River Near Baxter","prov":"ON","kind":"river","level":5.646,"discharge":6.96,"time":"2026-09-09T10:00:00Z","src":"eccc","class":"high","classBy":"level","p50":5.373}},{"type":"Feature","geometry":{"type":"Point","coordinates":[-80.53985,46.00607]},"properties":{"id":"02DD030","name":"French River At Little French Cut","prov":"ON","kind":"river","discharge":0.003,"time":"2026-09-09T10:15:00Z","src":"eccc"}},{"type":"Feature","geometry":{"type":"Point","coordinates":[-79.74521,45.66907]},"properties":{"id":"02EA019","name":"Ahmic Lake Near Ahmic Harbour","prov":"ON","kind":"lake","level":8.525,"time":"2026-09-09T10:10:00Z","src":"eccc","class":"high","classBy":"level","p50":8.498}},{"type":"Feature","geometry":{"type":"Point","coordinates":[-81.41464,50.60292]},"properties":{"id":"04ME003","name":"Abitibi River At Onakawana","prov":"ON","kind":"river","level":3.068,"discharge":484.0,"time":"2026-09-09T10:15:00Z","src":"eccc","class":"high","classBy":"level","p50":2.569}},{"type":"Feature","geometry":{"type":"Point","coordinates":[-80.88617,43.04128]},"properties":{"id":"02GD016","name":"Thames River At Ingersoll","prov":"ON","kind":"river","level":1.28,"discharge":2.13,"time":"2026-09-09T10:00:00Z","src":"eccc","class":"normal","classBy":"level","p50":1.262}},{"type":"Feature","geometry":{"type":"Point","coordinates":[-75.66228,44.99425]},"properties":{"id":"02LA006","name":"Kemptville Creek Near Kemptville","prov":"ON","kind":"river","level":5.922,"discharge":2.24,"time":"2026-09-09T09:50:00Z","src":"eccc","class":"high","classBy":"level","p50":5.694}},{"type":"Feature","geometry":{"type":"Point","coordinates":[-83.28298,46.39395]},"properties":{"id":"02CC005","name":"Little White River Near Bellingham","prov":"ON","kind":"river","level":2.798,"discharge":6.22,"time":"2026-09-09T10:15:00Z","src":"eccc","class":"normal","classBy":"level","p50":2.777}},{"type":"Feature","geometry":{"type":"Point","coordinates":[-89.17503,48.51956]},"properties":{"id":"02AB014","name":"North Current River Near Thunder Bay","prov":"ON","kind":"river","level":27.861,"discharge":0.092,"time":"2026-09-09T09:55:00Z","src":"eccc","class":"low","classBy":"level","p50":27.914}},{"type":"Feature","geometry":{"type":"Point","coordinates":[-74.97822,45.51706]},"properties":{"id":"02LB005","name":"South Nation River Near Plantagenet Springs","prov":"ON","kind":"river","level":0.868,"discharge":22.9,"time":"2026-09-09T09:50:00Z","src":"eccc","class":"high","classBy":"level","p50":0.726}},{"type":"Feature","geometry":{"type":"Point","coordinates":[-80.95461,42.98156]},"properties":{"id":"02GD027","name":"Reynolds Creek Near Putnam","prov":"ON","kind":"river","level":5.462,"discharge":0.234,"time":"2026-09-09T10:00:00Z","src":"eccc","class":"normal","classBy":"level","p50":5.483}},{"type":"Feature","geometry":{"type":"Point","coordinates":[-94.28349,49.1328]},"properties":{"id":"05PD008","name":"Lake Of The Woods At Hanson Bay","prov":"ON","kind":"lake","level":322.849,"time":"2026-09-09T10:15:00Z","src":"eccc","class":"normal","classBy":"level","p50":322.936}},{"type":"Feature","geometry":{"type":"Point","coordinates":[-75.15322,45.426]},"properties":{"id":"02LB008","name":"Bear Brook Near Bourget","prov":"ON","kind":"river","level":7.576,"discharge":1.49,"time":"2026-09-09T10:15:00Z","src":"eccc","class":"high","classBy":"level","p50":7.233}},{"type":"Feature","geometry":{"type":"Point","coordinates":[-81.58017,48.32972]},"properties":{"id":"04LA003","name":"Tatachikapika River Near Timmins","prov":"ON","kind":"river","level":94.084,"discharge":3.51,"time":"2026-09-09T10:10:00Z","src":"eccc","class":"normal","classBy":"level","p50":94.022}},{"type":"Feature","geometry":{"type":"Point","coordinates":[-93.86269,51.03494]},"properties":{"id":"05QC005","name":"Red Lake At Forestry Point","prov":"ON","kind":"lake","level":355.664,"time":"2026-09-09T09:15:00Z","src":"eccc","class":"normal","classBy":"level","p50":355.693}},{"type":"Feature","geometry":{"type":"Point","coordinates":[-74.49386,45.27328]},"properties":{"id":"02MC026","name":"Riviere Beaudette Near Glen Nevis","prov":"ON","kind":"river","level":8.377,"discharge":0.718,"time":"2026-09-09T10:05:00Z","src":"eccc","class":"high","classBy":"level","p50":8.267}},{"type":"Feature","geometry":{"type":"Point","coordinates":[-80.33275,43.42186]},"properties":{"id":"02GA047","name":"Speed River At Cambridge","prov":"ON","kind":"river","level":0.667,"discharge":3.88,"time":"2026-09-09T10:05:00Z","src":"eccc","class":"normal","classBy":"level","p50":0.681}},{"type":"Feature","geometry":{"type":"Point","coordinates":[-134.3325,59.94778]},"properties":{"id":"09AA013","name":"Tutshi River At Outlet Of Tutshi Lake","prov":"BC","kind":"river","level":11.112,"discharge":15.3,"time":"2026-09-09T10:00:00Z","src":"eccc","class":"low","classBy":"level","p50":11.171}},{"type":"Feature","geometry":{"type":"Point","coordinates":[-124.28527,49.31611]},"properties":{"id":"08HB002","name":"Englishman River Near Parksville","prov":"BC","kind":"river","level":0.887,"discharge":0.788,"time":"2026-09-09T09:10:00Z","src":"eccc","class":"very-low","classBy":"level","p50":1.119}},{"type":"Feature","geometry":{"type":"Point","coordinates":[-121.77373,49.30926]},"properties":{"id":"08MG012","name":"Harrison Lake Near Harrison Hot Springs","prov":"BC","kind":"lake","level":9.438,"time":"2026-09-09T09:30:00Z","src":"eccc","class":"normal","classBy":"level","p50":9.592}},{"type":"Feature","geometry":{"type":"Point","coordinates":[-126.22919,59.45319]},"properties":{"id":"10BE009","name":"Teeter Creek Near The Mouth","prov":"BC","kind":"river","level":7.67,"discharge":1.32,"time":"2026-09-09T10:10:00Z","src":"eccc","class":"normal","classBy":"level","p50":7.657}},{"type":"Feature","geometry":{"type":"Point","coordinates":[-122.72017,58.03025]},"properties":{"id":"10CD004","name":"Bougie Creek At Kilometre 368 Alaska Highway","prov":"BC","kind":"river","level":1.637,"discharge":0.141,"time":"2026-09-09T10:10:00Z","src":"eccc","class":"normal","classBy":"level","p50":1.627}},{"type":"Feature","geometry":{"type":"Point","coordinates":[-119.52551,49.27319]},"properties":{"id":"08NM243","name":"Vaseux Lake Near The Outlet","prov":"BC","kind":"lake","level":8.009,"time":"2026-09-09T09:30:00Z","src":"eccc","class":"high","classBy":"level","p50":7.938}},{"type":"Feature","geometry":{"type":"Point","coordinates":[-113.7953,49.63938]},"properties":{"id":"05AB013","name":"Beaver Creek Near Brocket","prov":"AB","kind":"river","level":0.653,"discharge":0.342,"time":"2026-09-09T09:25:00Z","src":"eccc"}},{"type":"Feature","geometry":{"type":"Point","coordinates":[-117.73448,50.28291]},"properties":{"id":"08NE006","name":"Kuskanax Creek Near Nakusp","prov":"BC","kind":"river","level":0.349,"discharge":3.58,"time":"2026-09-09T10:15:00Z","src":"eccc","class":"normal","classBy":"level","p50":0.352}},{"type":"Feature","geometry":{"type":"Point","coordinates":[-125.54639,49.91028]},"properties":{"id":"08HD025","name":"Wokas Lake Near Campbell River","prov":"BC","kind":"lake","level":2.723,"time":"2026-09-09T09:20:00Z","src":"eccc","class":"low","classBy":"level","p50":3.273}},{"type":"Feature","geometry":{"type":"Point","coordinates":[-122.29464,52.42625]},"properties":{"id":"08MC045","name":"Sheridan Creek Above Mcleese Lake","prov":"BC","kind":"river","level":0.122,"discharge":0.03,"time":"2026-09-09T09:30:00Z","src":"eccc","class":"very-low","classBy":"level","p50":0.173}},{"type":"Feature","geometry":{"type":"Point","coordinates":[-113.14256,49.12501]},"properties":{"id":"05AE005","name":"Rolph Creek Near Kimball","prov":"AB","kind":"river","level":0.595,"discharge":0.109,"time":"2026-09-09T09:20:00Z","src":"eccc","class":"high","classBy":"level","p50":0.555}},{"type":"Feature","geometry":{"type":"Point","coordinates":[-119.09247,49.70292]},"properties":{"id":"08NN015","name":"West Kettle River Near Mcculloch","prov":"BC","kind":"river","level":1.161,"discharge":0.171,"time":"2026-09-09T10:10:00Z","src":"eccc","class":"normal","classBy":"level","p50":1.182}},{"type":"Feature","geometry":{"type":"Point","coordinates":[-124.61611,50.0975]},"properties":{"id":"08GC008","name":"Theodosia River Above Scotty Creek","prov":"BC","kind":"river","level":3.346,"discharge":1.39,"time":"2026-09-09T09:25:00Z","src":"eccc","class":"normal","classBy":"level","p50":3.299}},{"type":"Feature","geometry":{"type":"Point","coordinates":[-118.18984,49.89695]},"properties":{"id":"08NE110","name":"Inonoaklin Creek Above Valley Creek","prov":"BC","kind":"river","level":1.345,"discharge":0.344,"time":"2026-09-09T10:10:00Z","src":"eccc","class":"normal","classBy":"level","p50":1.353}},{"type":"Feature","geometry":{"type":"Point","coordinates":[-119.91435,51.60186]},"properties":{"id":"08LB047","name":"North Thompson River At Birch Island","prov":"BC","kind":"river","level":0.894,"discharge":95.8,"time":"2026-09-09T09:30:00Z","src":"eccc","class":"low","classBy":"level","p50":1.105}},{"type":"Feature","geometry":{"type":"Point","coordinates":[-120.01117,49.71234]},"properties":{"id":"08NM134","name":"Camp Creek At Mouth Near Thirsk","prov":"BC","kind":"river","level":0.82,"discharge":0.02,"time":"2026-09-09T10:15:00Z","src":"eccc","class":"very-low","classBy":"level","p50":0.859}},{"type":"Feature","geometry":{"type":"Point","coordinates":[-120.03042,55.86519]},"properties":{"id":"07FD007","name":"Pouce Coupe River Below Henderson Creek","prov":"BC","kind":"river","level":9.91,"discharge":0.16,"time":"2026-09-09T09:30:00Z","src":"eccc","class":"very-low","classBy":"level","p50":10.282}},{"type":"Feature","geometry":{"type":"Point","coordinates":[-115.07619,57.07775]},"properties":{"id":"07JC003","name":"Loon River Near The Mouth","prov":"AB","kind":"river","level":30.163,"discharge":13.9,"time":"2026-09-09T09:30:00Z","src":"eccc","class":"high","classBy":"level","p50":29.74}},{"type":"Feature","geometry":{"type":"Point","coordinates":[-113.58141,52.66325]},"properties":{"id":"05FA001","name":"Battle River Near Ponoka","prov":"AB","kind":"river","level":0.439,"discharge":0.326,"time":"2026-09-09T09:25:00Z","src":"eccc","class":"low","classBy":"level","p50":0.693}},{"type":"Feature","geometry":{"type":"Point","coordinates":[-118.70983,55.07006]},"properties":{"id":"07GE001","name":"Wapiti River Near Grande Prairie","prov":"AB","kind":"river","level":94.966,"discharge":59.5,"time":"2026-09-09T09:25:00Z","src":"eccc","class":"very-high","classBy":"level","p50":0.908}},{"type":"Feature","geometry":{"type":"Point","coordinates":[-113.05515,49.34839]},"properties":{"id":"05AE021","name":"Magrath Irrigation District Canal Near Spring Coulee","prov":"AB","kind":"river","level":0.779,"discharge":0.587,"time":"2026-09-09T09:20:00Z","src":"eccc","class":"normal","classBy":"level","p50":0.797}},{"type":"Feature","geometry":{"type":"Point","coordinates":[-112.04756,50.1954]},"properties":{"id":"05BN008","name":"Bow River Development Drain D Near Vauxhall","prov":"AB","kind":"river","level":0.64,"discharge":0.023,"time":"2026-09-09T09:25:00Z","src":"eccc","class":"high","classBy":"level","p50":0.59}},{"type":"Feature","geometry":{"type":"Point","coordinates":[-111.98592,57.39394]},"properties":{"id":"07DA037","name":"Tar River Above Canadian Natural Resources Limited Lake","prov":"AB","kind":"river","level":97.171,"discharge":0.159,"time":"2026-09-09T09:25:00Z","src":"eccc","class":"normal","classBy":"level","p50":97.143}},{"type":"Feature","geometry":{"type":"Point","coordinates":[-110.53291,50.00557]},"properties":{"id":"05AH052","name":"Ross Creek At Highway No. 41","prov":"AB","kind":"river","level":2.137,"discharge":0.025,"time":"2026-09-09T09:25:00Z","src":"eccc","class":"very-high","classBy":"level","p50":1.238}},{"type":"Feature","geometry":{"type":"Point","coordinates":[-116.02875,58.38789]},"properties":{"id":"07HF001","name":"Peace River At Fort Vermilion","prov":"AB","kind":"river","level":4.632,"discharge":2240.0,"time":"2026-09-09T09:30:00Z","src":"eccc","class":"high","classBy":"level","p50":3.569}},{"type":"Feature","geometry":{"type":"Point","coordinates":[-111.82876,50.82091]},"properties":{"id":"05CJ012","name":"Matzhiwin Creek Below Ware Coulee","prov":"AB","kind":"river","level":1.167,"discharge":3.91,"time":"2026-09-09T09:30:00Z","src":"eccc","class":"very-high","classBy":"level","p50":1.025}},{"type":"Feature","geometry":{"type":"Point","coordinates":[-104.32448,51.78137]},"properties":{"id":"05MA010","name":"Big Quill Lake Near Kandahar","prov":"SK","kind":"lake","level":520.45,"time":"2026-09-09T10:10:00Z","src":"eccc","class":"high","classBy":"level","p50":515.867}},{"type":"Feature","geometry":{"type":"Point","coordinates":[-103.01697,49.10208]},"properties":{"id":"05NB001","name":"Long Creek Near Estevan","prov":"SK","kind":"river","level":536.682,"discharge":0.003,"time":"2026-09-09T10:10:00Z","src":"eccc","class":"high","classBy":"level","p50":536.518}},{"type":"Feature","geometry":{"type":"Point","coordinates":[-125.24175,49.89458]},"properties":{"id":"08HD011","name":"Oyster River Below Woodhus Creek","prov":"BC","kind":"river","level":0.678,"discharge":2.27,"time":"2026-09-09T10:20:00Z","src":"eccc","class":"very-low","classBy":"level","p50":0.916}},{"type":"Feature","geometry":{"type":"Point","coordinates":[-121.00136,52.28083]},"properties":{"id":"08KH020","name":"Mckinley Creek Below Outlet Of Mckinley Lake","prov":"BC","kind":"river","level":0.798,"discharge":0.767,"time":"2026-09-09T09:30:00Z","src":"eccc","class":"normal","classBy":"level","p50":0.821}},{"type":"Feature","geometry":{"type":"Point","coordinates":[-116.65601,52.99988]},"properties":{"id":"07BA003","name":"Lovett River Near The Mouth","prov":"AB","kind":"river","level":0.501,"discharge":1.24,"time":"2026-09-09T09:25:00Z","src":"eccc","class":"high","classBy":"level","p50":0.424}},{"type":"Feature","geometry":{"type":"Point","coordinates":[-120.85823,51.15229]},"properties":{"id":"08LF094","name":"Joe Ross Creek Near The Mouth","prov":"BC","kind":"river","level":2.284,"discharge":0.004,"time":"2026-09-09T09:20:00Z","src":"eccc","class":"normal","classBy":"level","p50":2.265}},{"type":"Feature","geometry":{"type":"Point","coordinates":[-127.46931,54.77825]},"properties":{"id":"08EF006","name":"M3 Creek Near Smithers","prov":"BC","kind":"river","level":3.03,"discharge":0.025,"time":"2026-09-09T09:30:00Z","src":"eccc","class":"normal","classBy":"level","p50":3.016}},{"type":"Feature","geometry":{"type":"Point","coordinates":[-126.09722,59.4125]},"properties":{"id":"10BE001","name":"Liard River At Lower Crossing","prov":"BC","kind":"river","level":9.805,"discharge":1050.0,"time":"2026-09-09T09:30:00Z","src":"eccc","class":"normal","classBy":"level","p50":9.922}},{"type":"Feature","geometry":{"type":"Point","coordinates":[-115.89673,49.71366]},"properties":{"id":"08NG076","name":"Mather Creek Below Houle Creek","prov":"BC","kind":"river","level":2.228,"discharge":0.536,"time":"2026-09-09T09:30:00Z","src":"eccc","class":"normal","classBy":"level","p50":2.216}},{"type":"Feature","geometry":{"type":"Point","coordinates":[-121.06662,49.00026]},"properties":{"id":"08PA004","name":"Skagit River At International Boundary","prov":"BC","kind":"river","level":4.271,"time":"2026-09-09T10:20:00Z","src":"eccc","class":"low","classBy":"level","p50":5.219}},{"type":"Feature","geometry":{"type":"Point","coordinates":[-113.36112,51.71784]},"properties":{"id":"05CE011","name":"Renwick Creek Near Three Hills","prov":"AB","kind":"river","level":0.647,"discharge":0.007,"time":"2026-09-09T09:25:00Z","src":"eccc","class":"high","classBy":"level","p50":0.549}},{"type":"Feature","geometry":{"type":"Point","coordinates":[-117.17956,54.73986]},"properties":{"id":"07GG002","name":"Little Smoky River At Little Smoky","prov":"AB","kind":"river","level":1.717,"discharge":34.6,"time":"2026-09-09T09:25:00Z","src":"eccc","class":"high","classBy":"level","p50":1.275}},{"type":"Feature","geometry":{"type":"Point","coordinates":[-117.12198,49.87255]},"properties":{"id":"08NH132","name":"Keen Creek Below Kyawats Creek","prov":"BC","kind":"river","level":1.147,"discharge":1.12,"time":"2026-09-09T10:15:00Z","src":"eccc","class":"normal","classBy":"level","p50":1.145}},{"type":"Feature","geometry":{"type":"Point","coordinates":[-113.92242,54.21048]},"properties":{"id":"07BC007","name":"Wabash Creek Near Pibroch","prov":"AB","kind":"river","level":3.847,"discharge":0.016,"time":"2026-09-09T09:20:00Z","src":"eccc","class":"normal","classBy":"level","p50":1.706}},{"type":"Feature","geometry":{"type":"Point","coordinates":[-120.12654,51.18802]},"properties":{"id":"08LB020","name":"Barriere River At The Mouth","prov":"BC","kind":"river","level":2.554,"discharge":2.49,"time":"2026-09-09T09:25:00Z","src":"eccc","class":"normal","classBy":"level","p50":2.57}},{"type":"Feature","geometry":{"type":"Point","coordinates":[-124.855,49.27639]},"properties":{"id":"08HB017","name":"Somass River Near Alberni","prov":"BC","kind":"river","level":1.374,"discharge":20.6,"time":"2026-09-09T09:30:00Z","src":"eccc","class":"very-low","classBy":"discharge","p50":39.1}},{"type":"Feature","geometry":{"type":"Point","coordinates":[-125.37544,58.85275]},"properties":{"id":"10BE004","name":"Toad River Above Nonda Creek","prov":"BC","kind":"river","level":1.608,"discharge":47.0,"time":"2026-09-09T10:10:00Z","src":"eccc","class":"normal","classBy":"level","p50":1.586}},{"type":"Feature","geometry":{"type":"Point","coordinates":[-119.85203,49.79458]},"properties":{"id":"08NM173","name":"Greata Creek Near The Mouth","prov":"BC","kind":"river","level":1.028,"time":"2026-09-09T09:30:00Z","src":"eccc","class":"low","classBy":"level","p50":1.09}},{"type":"Feature","geometry":{"type":"Point","coordinates":[-126.23243,50.31629]},"properties":{"id":"08HF015","name":"Eve River Below Kunnum Creek","prov":"BC","kind":"river","level":3.087,"discharge":1.14,"time":"2026-09-09T09:20:00Z","src":"eccc","class":"normal","classBy":"level","p50":3.108}},{"type":"Feature","geometry":{"type":"Point","coordinates":[-119.49966,49.88613]},"properties":{"id":"08NM083","name":"Okanagan Lake At Kelowna","prov":"BC","kind":"reservoir","level":1.274,"time":"2026-09-09T09:20:00Z","src":"eccc","class":"very-low","classBy":"level","p50":1.695,"resName":"Okanagan Lake (Penticton Dam)","resOperator":"BC WLRS (Okanagan Lake Regulation)","fslM":342.48}},{"type":"Feature","geometry":{"type":"Point","coordinates":[-113.8489,54.3082]},"properties":{"id":"07BC006","name":"Dapp Creek At Highway No. 44","prov":"AB","kind":"river","level":0.946,"discharge":0.685,"time":"2026-09-09T09:25:00Z","src":"eccc","class":"high","classBy":"level","p50":0.599}},{"type":"Feature","geometry":{"type":"Point","coordinates":[-122.48113,50.24036]},"properties":{"id":"08MG020","name":"Lillooet Lake Near Pemberton","prov":"BC","kind":"lake","level":25.896,"time":"2026-09-09T09:30:00Z","src":"eccc","class":"normal","classBy":"level","p50":26.014}},{"type":"Feature","geometry":{"type":"Point","coordinates":[-116.0461,50.88703]},"properties":{"id":"08NF001","name":"Kootenay River At Kootenay Crossing","prov":"BC","kind":"river","level":0.44,"discharge":2.49,"time":"2026-09-09T10:10:00Z","src":"eccc","class":"normal","classBy":"level","p50":0.435}},{"type":"Feature","geometry":{"type":"Point","coordinates":[-112.84671,49.57346]},"properties":{"id":"05AE006","name":"St. Mary River Near Lethbridge","prov":"AB","kind":"river","level":1.338,"discharge":11.9,"time":"2026-09-09T09:25:00Z","src":"eccc","class":"very-high","classBy":"level","p50":1.174}},{"type":"Feature","geometry":{"type":"Point","coordinates":[-113.99332,54.45029]},"properties":{"id":"07BC002","name":"Pembina River At Jarvie","prov":"AB","kind":"river","level":1.63,"discharge":55.9,"time":"2026-09-09T09:25:00Z","src":"eccc","class":"high","classBy":"level","p50":0.935}},{"type":"Feature","geometry":{"type":"Point","coordinates":[-113.97347,50.72389]},"properties":{"id":"05BL012","name":"Sheep River At Okotoks","prov":"AB","kind":"river","level":26.173,"discharge":5.6,"time":"2026-09-09T09:30:00Z","src":"eccc","class":"high","classBy":"level","p50":26.091}},{"type":"Feature","geometry":{"type":"Point","coordinates":[-110.04722,49.94091]},"properties":{"id":"05AH002","name":"Mackay Creek At Walsh","prov":"AB","kind":"river","level":1.705,"discharge":0.0,"time":"2026-09-09T09:20:00Z","src":"eccc","class":"normal","classBy":"discharge","p50":0.0}},{"type":"Feature","geometry":{"type":"Point","coordinates":[-121.66875,54.23117]},"properties":{"id":"08KB003","name":"Mcgregor River At Lower Canyon","prov":"BC","kind":"river","level":1.285,"discharge":108.0,"time":"2026-09-09T10:20:00Z","src":"eccc","class":"low","classBy":"level","p50":1.597}},{"type":"Feature","geometry":{"type":"Point","coordinates":[-120.66876,50.16214]},"properties":{"id":"08LG065","name":"Nicola River At Outlet Of Nicola Lake","prov":"BC","kind":"river","level":0.973,"discharge":0.536,"time":"2026-09-09T09:30:00Z","src":"eccc","class":"very-low","classBy":"level","p50":1.164}},{"type":"Feature","geometry":{"type":"Point","coordinates":[-116.47093,52.00119]},"properties":{"id":"05DA009","name":"North Saskatchewan River At Whirlpool Point","prov":"AB","kind":"river","level":1.275,"discharge":75.7,"time":"2026-09-09T09:25:00Z","src":"eccc","class":"normal","classBy":"level","p50":1.271}},{"type":"Feature","geometry":{"type":"Point","coordinates":[-110.86056,53.36117]},"properties":{"id":"05EE008","name":"Vermilion Park Lake Near Vermilion","prov":"AB","kind":"lake","level":575.916,"time":"2026-09-09T09:25:00Z","src":"eccc","class":"very-high","classBy":"level","p50":575.759}},{"type":"Feature","geometry":{"type":"Point","coordinates":[-110.9287,56.66349]},"properties":{"id":"07CD005","name":"Clearwater River Above Christina River","prov":"AB","kind":"river","level":3.461,"discharge":67.6,"time":"2026-09-09T09:25:00Z","src":"eccc","class":"normal","classBy":"level","p50":3.292}},{"type":"Feature","geometry":{"type":"Point","coordinates":[-112.71149,51.46727]},"properties":{"id":"05CE001","name":"Red Deer River At Drumheller","prov":"AB","kind":"river","level":0.745,"discharge":29.4,"time":"2026-09-09T09:25:00Z","src":"eccc","class":"normal","classBy":"level","p50":0.799}},{"type":"Feature","geometry":{"type":"Point","coordinates":[-115.32661,53.1282]},"properties":{"id":"07BA001","name":"Pembina River Below Paddy Creek","prov":"AB","kind":"river","level":1.292,"discharge":39.1,"time":"2026-09-09T09:25:00Z","src":"eccc","class":"very-high","classBy":"level","p50":0.722}},{"type":"Feature","geometry":{"type":"Point","coordinates":[-112.4666,55.1993]},"properties":{"id":"07CA006","name":"Wandering River Near Wandering River","prov":"AB","kind":"river","level":0.887,"discharge":3.4,"time":"2026-09-09T09:25:00Z","src":"eccc","class":"normal","classBy":"level","p50":0.977}},{"type":"Feature","geometry":{"type":"Point","coordinates":[-114.16989,50.9935]},"properties":{"id":"05BJ010","name":"Elbow River At Sarcee Bridge","prov":"AB","kind":"river","level":3.721,"discharge":7.21,"time":"2026-09-09T09:30:00Z","src":"eccc","class":"normal","classBy":"level","p50":3.758}},{"type":"Feature","geometry":{"type":"Point","coordinates":[-115.01925,51.64625]},"properties":{"id":"05CA009","name":"Red Deer River Below Burnt Timber Creek","prov":"AB","kind":"river","level":1.509,"discharge":19.7,"time":"2026-09-09T09:25:00Z","src":"eccc","class":"high","classBy":"level","p50":1.367}},{"type":"Feature","geometry":{"type":"Point","coordinates":[-114.45773,52.36177]},"properties":{"id":"05CC013","name":"Lasthill Creek Near Eckville","prov":"AB","kind":"river","level":24.544,"discharge":1.14,"time":"2026-09-09T09:30:00Z","src":"eccc","class":"very-high","classBy":"level","p50":24.288}},{"type":"Feature","geometry":{"type":"Point","coordinates":[-110.48347,52.75534]},"properties":{"id":"05FD001","name":"Ribstone Creek Near Edgerton","prov":"AB","kind":"river","level":2.701,"discharge":0.0,"time":"2026-09-09T09:20:00Z","src":"eccc","class":"high","classBy":"level","p50":2.519}},{"type":"Feature","geometry":{"type":"Point","coordinates":[-115.83964,54.01247]},"properties":{"id":"07AG004","name":"Mcleod River Near Whitecourt","prov":"AB","kind":"river","level":2.253,"discharge":92.2,"time":"2026-09-09T09:25:00Z","src":"eccc","class":"very-high","classBy":"level","p50":1.734}},{"type":"Feature","geometry":{"type":"Point","coordinates":[-111.31039,52.708]},"properties":{"id":"05FB002","name":"Iron Creek Near Hardisty","prov":"AB","kind":"river","level":1.066,"discharge":0.0,"time":"2026-09-09T09:20:00Z","src":"eccc","class":"normal","classBy":"level","p50":1.0}},{"type":"Feature","geometry":{"type":"Point","coordinates":[-115.52026,52.81997]},"properties":{"id":"05DD009","name":"Nordegg River At Sunchild Road","prov":"AB","kind":"river","level":1.087,"discharge":2.73,"time":"2026-09-09T09:30:00Z","src":"eccc","class":"normal","classBy":"level","p50":1.074}},{"type":"Feature","geometry":{"type":"Point","coordinates":[-118.18233,55.1403]},"properties":{"id":"07GF001","name":"Simonette River Near Goodwin","prov":"AB","kind":"river","level":2.012,"discharge":71.9,"time":"2026-09-09T09:25:00Z","src":"eccc","class":"very-high","classBy":"level","p50":1.322}},{"type":"Feature","geometry":{"type":"Point","coordinates":[-112.34165,52.57406]},"properties":{"id":"05FC001","name":"Battle River Near Forestburg","prov":"AB","kind":"river","level":0.737,"discharge":0.917,"time":"2026-09-09T09:25:00Z","src":"eccc","class":"normal","classBy":"level","p50":0.654}},{"type":"Feature","geometry":{"type":"Point","coordinates":[-114.28556,52.7563]},"properties":{"id":"05CC008","name":"Blindman River Near Bluffton","prov":"AB","kind":"river","level":3.147,"discharge":0.326,"time":"2026-09-09T09:20:00Z","src":"eccc","class":"high","classBy":"level","p50":2.941}},{"type":"Feature","geometry":{"type":"Point","coordinates":[-66.07661,45.51942]},"properties":{"id":"01AP003","name":"Saint John River At Oak Point","prov":"NB","kind":"river","level":0.895,"time":"2026-09-09T09:20:00Z","src":"eccc","class":"normal","classBy":"level","p50":0.919}},{"type":"Feature","geometry":{"type":"Point","coordinates":[-67.42725,45.56922]},"properties":{"id":"01AR010","name":"Spednic Lake At St. Croix","prov":"NB","kind":"lake","level":115.669,"time":"2026-09-09T09:20:00Z","src":"eccc","class":"low","classBy":"level","p50":116.053}},{"type":"Feature","geometry":{"type":"Point","coordinates":[-66.25644,45.90883]},"properties":{"id":"01AO010","name":"French Lake At Lakeville Corner","prov":"NB","kind":"lake","level":0.993,"time":"2026-09-09T09:30:00Z","src":"eccc","class":"low","classBy":"level","p50":1.138}},{"type":"Feature","geometry":{"type":"Point","coordinates":[-65.06494,46.44394]},"properties":{"id":"01BS001","name":"Coal Branch River At Beersville","prov":"NB","kind":"river","level":0.903,"discharge":0.765,"time":"2026-09-09T10:20:00Z","src":"eccc","class":"normal","classBy":"level","p50":0.875}},{"type":"Feature","geometry":{"type":"Point","coordinates":[-67.73356,45.66417]},"properties":{"id":"01AR011","name":"Forest City Stream Below Forest City Dam","prov":"NB","kind":"river","level":130.717,"discharge":2.97,"time":"2026-09-09T09:30:00Z","src":"eccc","class":"low","classBy":"level","p50":131.007}},{"type":"Feature","geometry":{"type":"Point","coordinates":[-67.21081,47.17303]},"properties":{"id":"01AH002","name":"Tobique River At Riley Brook","prov":"NB","kind":"river","level":1.588,"discharge":21.3,"time":"2026-09-09T09:30:00Z","src":"eccc","class":"normal","classBy":"level","p50":1.666}},{"type":"Feature","geometry":{"type":"Point","coordinates":[-67.32036,45.94353]},"properties":{"id":"01AK001","name":"Shogomoc Stream Near Trans Canada Highway","prov":"NB","kind":"river","level":0.298,"discharge":0.293,"time":"2026-09-09T09:30:00Z","src":"eccc","class":"low","classBy":"level","p50":0.4}},{"type":"Feature","geometry":{"type":"Point","coordinates":[-68.35683,47.45783]},"properties":{"id":"01AF009","name":"Iroquois River At Moulin Morneault","prov":"NB","kind":"river","level":3.373,"discharge":0.473,"time":"2026-09-09T09:20:00Z","src":"eccc","class":"low","classBy":"level","p50":3.431}},{"type":"Feature","geometry":{"type":"Point","coordinates":[-66.00322,46.05689]},"properties":{"id":"01AO003","name":"Grand Lake At Newcastle Creek","prov":"NB","kind":"lake","level":0.967,"time":"2026-09-09T09:30:00Z","src":"eccc","class":"low","classBy":"level","p50":1.079}},{"type":"Feature","geometry":{"type":"Point","coordinates":[-65.01597,45.55856]},"properties":{"id":"01BV006","name":"Point Wolfe River At Fundy National Park","prov":"NB","kind":"river","level":0.502,"discharge":4.85,"time":"2026-09-09T09:30:00Z","src":"eccc","class":"normal","classBy":"level","p50":0.549}},{"type":"Feature","geometry":{"type":"Point","coordinates":[-65.60169,45.70139]},"properties":{"id":"01AP004","name":"Kennebecasis River At Apohaqui","prov":"NB","kind":"river","level":7.435,"discharge":5.21,"time":"2026-09-09T09:30:00Z","src":"eccc","class":"normal","classBy":"level","p50":7.386}},{"type":"Feature","geometry":{"type":"Point","coordinates":[-66.45317,45.86647]},"properties":{"id":"01AO002","name":"Saint John River At Maugerville","prov":"NB","kind":"river","level":1.209,"time":"2026-09-09T09:30:00Z","src":"eccc","class":"normal","classBy":"level","p50":1.201}},{"type":"Feature","geometry":{"type":"Point","coordinates":[-68.95555,47.20658]},"properties":{"id":"01AD003","name":"St. Francis River At Outlet Of Glasier Lake","prov":"NB","kind":"river","level":0.71,"discharge":3.49,"time":"2026-09-09T09:30:00Z","src":"eccc","class":"normal","classBy":"level","p50":0.757}},{"type":"Feature","geometry":{"type":"Point","coordinates":[-66.61131,46.12592]},"properties":{"id":"01AL002","name":"Nashwaak River At Durham Bridge","prov":"NB","kind":"river","level":17.802,"discharge":6.72,"time":"2026-09-09T09:30:00Z","src":"eccc","class":"normal","classBy":"level","p50":17.875}},{"type":"Feature","geometry":{"type":"Point","coordinates":[-65.16819,45.94639]},"properties":{"id":"01BU002","name":"Petitcodiac River Near Petitcodiac","prov":"NB","kind":"river","level":0.348,"discharge":1.46,"time":"2026-09-09T09:30:00Z","src":"eccc","class":"normal","classBy":"level","p50":0.381}},{"type":"Feature","geometry":{"type":"Point","coordinates":[-65.82561,46.736]},"properties":{"id":"01BO001","name":"Southwest Miramichi River At Blackville","prov":"NB","kind":"river","level":0.59,"discharge":28.7,"time":"2026-09-09T09:20:00Z","src":"eccc","class":"normal","classBy":"level","p50":0.681}},{"type":"Feature","geometry":{"type":"Point","coordinates":[-100.70369,49.32583]},"properties":{"id":"05NG020","name":"Medora Creek Near Napinka","prov":"MB","kind":"river","level":1.26,"discharge":1.0,"time":"2026-09-09T09:26:00Z","src":"eccc","class":"very-high","classBy":"level","p50":0.492}},{"type":"Feature","geometry":{"type":"Point","coordinates":[-99.22089,55.49662]},"properties":{"id":"05TE002","name":"Burntwood River Above Leaf Rapids","prov":"MB","kind":"river","level":98.739,"discharge":21.2,"time":"2026-09-09T09:25:00Z","src":"eccc","class":"normal","classBy":"level","p50":98.777}},{"type":"Feature","geometry":{"type":"Point","coordinates":[-100.03139,49.21278]},"properties":{"id":"05OA801","name":"Boissevain Reservoir Near Boissevain","prov":"MB","kind":"lake","level":517.779,"time":"2026-09-09T09:10:00Z","src":"eccc","class":"very-high","classBy":"level","p50":517.271}},{"type":"Feature","geometry":{"type":"Point","coordinates":[-100.49583,51.15028]},"properties":{"id":"05LJ812","name":"Valley River Above Gilbert Plains Dam","prov":"MB","kind":"river","level":379.827,"time":"2026-09-09T09:05:00Z","src":"eccc","class":"very-low","classBy":"level","p50":380.809}},{"type":"Feature","geometry":{"type":"Point","coordinates":[-99.84886,49.73217]},"properties":{"id":"05MH006","name":"Little Souris River Near Brandon","prov":"MB","kind":"river","level":1.879,"discharge":2.54,"time":"2026-09-09T09:22:00Z","src":"eccc","class":"very-high","classBy":"level","p50":1.387}},{"type":"Feature","geometry":{"type":"Point","coordinates":[-100.24894,50.69]},"properties":{"id":"05MF024","name":"Little Saskatchewan River Near Horod","prov":"MB","kind":"river","level":8.129,"discharge":3.12,"time":"2026-09-09T10:20:00Z","src":"eccc","class":"high","classBy":"level","p50":7.776}},{"type":"Feature","geometry":{"type":"Point","coordinates":[-99.52528,56.78322]},"properties":{"id":"06EC007","name":"Southern Indian Lake Near Opachuanau Lake","prov":"MB","kind":"lake","level":258.149,"time":"2026-09-09T10:15:00Z","src":"eccc","class":"normal","classBy":"level","p50":258.09}},{"type":"Feature","geometry":{"type":"Point","coordinates":[-101.48389,50.9325]},"properties":{"id":"05MD801","name":"Assiniboine River At Shellmouth Bridge","prov":"MB","kind":"river","level":411.9,"time":"2026-09-09T08:55:00Z","src":"eccc","class":"high","classBy":"level","p50":410.915}},{"type":"Feature","geometry":{"type":"Point","coordinates":[-100.96286,49.59603]},"properties":{"id":"05NG003","name":"Pipestone Creek Near Pipestone","prov":"MB","kind":"river","level":94.431,"discharge":0.0,"time":"2026-09-09T09:25:00Z","src":"eccc","class":"very-high","classBy":"level","p50":2.926}},{"type":"Feature","geometry":{"type":"Point","coordinates":[-99.62025,49.40263]},"properties":{"id":"05OA809","name":"Pelican Lake At North Shore","prov":"MB","kind":"lake","level":411.983,"time":"2026-09-09T09:05:00Z","src":"eccc"}},{"type":"Feature","geometry":{"type":"Point","coordinates":[-96.76389,49.17667]},"properties":{"id":"05OD034","name":"Vita Drain Near Stuartburn","prov":"MB","kind":"river","level":7.269,"discharge":1.52,"time":"2026-09-09T09:30:00Z","src":"eccc","class":"high","classBy":"level","p50":6.906}},{"type":"Feature","geometry":{"type":"Point","coordinates":[-100.95249,50.53473]},"properties":{"id":"05ME003","name":"Birdtail Creek Near Birtle","prov":"MB","kind":"river","level":484.538,"discharge":3.75,"time":"2026-09-09T09:20:00Z","src":"eccc","class":"very-high","classBy":"level","p50":484.203}},{"type":"Feature","geometry":{"type":"Point","coordinates":[-97.76083,50.01206]},"properties":{"id":"05MJ012","name":"Assiniboine River At Baie St. Paul","prov":"MB","kind":"river","level":240.33,"time":"2026-09-09T09:20:00Z","src":"eccc","class":"high","classBy":"level","p50":239.302}},{"type":"Feature","geometry":{"type":"Point","coordinates":[-99.13439,49.20761]},"properties":{"id":"05OB027","name":"Rock Lake Near Glenora","prov":"MB","kind":"lake","level":405.689,"time":"2026-09-09T09:20:00Z","src":"eccc","class":"very-high","classBy":"level","p50":405.201}},{"type":"Feature","geometry":{"type":"Point","coordinates":[-96.39517,52.02883]},"properties":{"id":"05RD008","name":"Pigeon River At Outlet Of Round Lake","prov":"MB","kind":"river","discharge":99.7,"time":"2026-09-09T09:30:00Z","src":"eccc","class":"normal","classBy":"discharge","p50":81.55}},{"type":"Feature","geometry":{"type":"Point","coordinates":[-100.24594,49.61969]},"properties":{"id":"05NG021","name":"Souris River At Souris","prov":"MB","kind":"river","level":409.357,"discharge":21.0,"time":"2026-09-09T09:20:00Z","src":"eccc","class":"high","classBy":"level","p50":408.857}},{"type":"Feature","geometry":{"type":"Point","coordinates":[-101.38425,50.26967]},"properties":{"id":"05ME009","name":"Scissor Creek Near Mcauley","prov":"MB","kind":"river","level":0.87,"discharge":0.0,"time":"2026-09-09T09:20:00Z","src":"eccc","class":"high","classBy":"level","p50":0.571}},{"type":"Feature","geometry":{"type":"Point","coordinates":[-100.9475,51.05528]},"properties":{"id":"05LJ808","name":"Pleasant Valley Reservoir Near Petlura","prov":"MB","kind":"lake","level":540.508,"time":"2026-09-09T09:05:00Z","src":"eccc","class":"very-high","classBy":"level","p50":540.037}},{"type":"Feature","geometry":{"type":"Point","coordinates":[-98.33667,49.94442]},"properties":{"id":"05MJ006","name":"Portage Reservoir Near Portage La Prairie","prov":"MB","kind":"lake","level":264.583,"time":"2026-09-09T09:25:00Z","src":"eccc","class":"high","classBy":"level","p50":264.188}},{"type":"Feature","geometry":{"type":"Point","coordinates":[-101.09886,49.39807]},"properties":{"id":"05NG019","name":"Stony Creek Near Broomhill","prov":"MB","kind":"river","level":100.266,"discharge":0.085,"time":"2026-09-09T09:25:00Z","src":"eccc","class":"high","classBy":"level","p50":99.59}},{"type":"Feature","geometry":{"type":"Point","coordinates":[-100.35428,51.41414]},"properties":{"id":"05LJ019","name":"Mink Creek Near Ethelbert","prov":"MB","kind":"river","level":337.588,"discharge":0.458,"time":"2026-09-09T09:25:00Z","src":"eccc","class":"normal","classBy":"level","p50":337.595}},{"type":"Feature","geometry":{"type":"Point","coordinates":[-101.31994,55.74856]},"properties":{"id":"06EA012","name":"Pukatawagan Lake At Pukatawagan","prov":"MB","kind":"lake","level":274.099,"time":"2026-09-09T09:25:00Z","src":"eccc","class":"normal","classBy":"level","p50":273.773}},{"type":"Feature","geometry":{"type":"Point","coordinates":[-99.63731,49.42114]},"properties":{"id":"05OA019","name":"Bone Lake Outlet Near Ninette","prov":"MB","kind":"lake","level":7.656,"time":"2026-09-09T09:25:00Z","src":"eccc","class":"very-high","classBy":"level","p50":7.403}},{"type":"Feature","geometry":{"type":"Point","coordinates":[-100.96639,49.78344]},"properties":{"id":"05MG003","name":"Gopher Creek Near Virden","prov":"MB","kind":"river","level":1.525,"discharge":3.62,"time":"2026-09-09T09:25:00Z","src":"eccc","class":"very-high","classBy":"level","p50":0.712}},{"type":"Feature","geometry":{"type":"Point","coordinates":[-100.6345,50.37503]},"properties":{"id":"05MG806","name":"Shoal Lake Above Outlet Control Structure","prov":"MB","kind":"lake","level":547.524,"time":"2026-09-09T08:55:00Z","src":"eccc"}},{"type":"Feature","geometry":{"type":"Point","coordinates":[-99.10997,50.18528]},"properties":{"id":"05LL005","name":"Whitemud River Near Keyes","prov":"MB","kind":"river","level":288.302,"discharge":1.3,"time":"2026-09-09T09:25:00Z","src":"eccc","class":"high","classBy":"level","p50":288.093}},{"type":"Feature","geometry":{"type":"Point","coordinates":[-101.04939,52.87628]},"properties":{"id":"05LC004","name":"Red Deer River Near The Mouth","prov":"MB","kind":"river","level":254.219,"discharge":58.9,"time":"2026-09-09T09:25:00Z","src":"eccc","class":"high","classBy":"level","p50":253.775}},{"type":"Feature","geometry":{"type":"Point","coordinates":[-101.25622,51.36192]},"properties":{"id":"05MD007","name":"Shell River Near Roblin","prov":"MB","kind":"river","level":1.446,"discharge":4.06,"time":"2026-09-09T10:20:00Z","src":"eccc","class":"very-high","classBy":"level","p50":0.713}},{"type":"Feature","geometry":{"type":"Point","coordinates":[-100.60778,49.97556]},"properties":{"id":"05MG803","name":"Kenton Reservoir Near Kenton","prov":"MB","kind":"lake","level":441.294,"time":"2026-09-09T09:00:00Z","src":"eccc","class":"high","classBy":"level","p50":441.08}},{"type":"Feature","geometry":{"type":"Point","coordinates":[-100.41111,49.14722]},"properties":{"id":"05NG814","name":"Deloraine Reservoir Near Deloraine","prov":"MB","kind":"lake","level":540.024,"time":"2026-09-09T09:10:00Z","src":"eccc","class":"high","classBy":"level","p50":539.706}},{"type":"Feature","geometry":{"type":"Point","coordinates":[-97.76725,49.88681]},"properties":{"id":"05OG008","name":"La Salle River Near Elie","prov":"MB","kind":"river","level":238.008,"discharge":1.36,"time":"2026-09-09T09:20:00Z","src":"eccc","class":"high","classBy":"level","p50":237.606}},{"type":"Feature","geometry":{"type":"Point","coordinates":[-100.39427,50.02578]},"properties":{"id":"05MG004","name":"Oak River Near Rivers","prov":"MB","kind":"river","level":0.985,"discharge":1.16,"time":"2026-09-09T10:20:00Z","src":"eccc","class":"very-high","classBy":"level","p50":0.452}},{"type":"Feature","geometry":{"type":"Point","coordinates":[-100.03056,54.88611]},"properties":{"id":"05TB801","name":"Snow Lake At Snow Lake","prov":"MB","kind":"lake","level":274.969,"time":"2026-09-09T09:00:00Z","src":"eccc","class":"high","classBy":"level","p50":274.797}},{"type":"Feature","geometry":{"type":"Point","coordinates":[-99.44361,50.21333]},"properties":{"id":"05LL809","name":"Lake Irwin Near Neepawa","prov":"MB","kind":"lake","level":359.034,"time":"2026-09-09T09:10:00Z","src":"eccc","class":"normal","classBy":"level","p50":358.87}},{"type":"Feature","geometry":{"type":"Point","coordinates":[-101.43536,50.81005]},"properties":{"id":"05ME001","name":"Assiniboine River Near Russell","prov":"MB","kind":"river","level":409.024,"discharge":39.6,"time":"2026-09-09T09:32:00Z","src":"eccc","class":"high","classBy":"level","p50":408.033}},{"type":"Feature","geometry":{"type":"Point","coordinates":[-101.36522,56.34053]},"properties":{"id":"06EB006","name":"Russell Lake Near Herriot","prov":"MB","kind":"lake","level":323.636,"time":"2026-09-09T09:25:00Z","src":"eccc","class":"normal","classBy":"level","p50":323.893}},{"type":"Feature","geometry":{"type":"Point","coordinates":[-99.95039,51.43992]},"properties":{"id":"05LJ009","name":"Dauphin Lake At Outlet","prov":"MB","kind":"lake","level":261.435,"time":"2026-09-09T09:20:00Z","src":"eccc","class":"very-high","classBy":"level","p50":260.433}},{"type":"Feature","geometry":{"type":"Point","coordinates":[-96.95808,49.77242]},"properties":{"id":"05OH009","name":"Seine River South Of Prairie Grove","prov":"MB","kind":"river","level":0.822,"discharge":0.113,"time":"2026-09-09T09:30:00Z","src":"eccc","class":"low","classBy":"level","p50":1.081}},{"type":"Feature","geometry":{"type":"Point","coordinates":[-95.78917,49.67972]},"properties":{"id":"05PH007","name":"Birch River Near Prawda","prov":"MB","kind":"river","level":97.706,"discharge":0.078,"time":"2026-09-09T09:30:00Z","src":"eccc","class":"low","classBy":"level","p50":97.848}},{"type":"Feature","geometry":{"type":"Point","coordinates":[-101.38333,54.58333]},"properties":{"id":"05KG005","name":"Athapapuskow Lake At Cranberry Portage","prov":"MB","kind":"lake","level":291.901,"time":"2026-09-09T09:00:00Z","src":"eccc","class":"normal","classBy":"level","p50":291.815}},{"type":"Feature","geometry":{"type":"Point","coordinates":[-96.86619,50.14564]},"properties":{"id":"05OJ005","name":"Red River At Selkirk","prov":"MB","kind":"river","level":217.876,"time":"2026-09-09T09:33:00Z","src":"eccc","class":"normal","classBy":"level","p50":217.824}},{"type":"Feature","geometry":{"type":"Point","coordinates":[-96.27669,58.89129]},"properties":{"id":"06GD001","name":"Seal River Below Great Island","prov":"MB","kind":"river","level":121.334,"discharge":422.0,"time":"2026-09-09T09:30:00Z","src":"eccc","class":"normal","classBy":"level","p50":121.418}},{"type":"Feature","geometry":{"type":"Point","coordinates":[-97.70142,51.18592]},"properties":{"id":"05SD005","name":"Fisher River Near Fisherton","prov":"MB","kind":"river","level":6.523,"discharge":3.19,"time":"2026-09-09T09:25:00Z","src":"eccc","class":"very-high","classBy":"level","p50":5.962}},{"type":"Feature","geometry":{"type":"Point","coordinates":[-95.31361,49.67861]},"properties":{"id":"05PD801","name":"Falcon Lake Near Falcon Lake","prov":"MB","kind":"lake","level":324.875,"time":"2026-09-09T09:05:00Z","src":"eccc","class":"normal","classBy":"level","p50":324.794}},{"type":"Feature","geometry":{"type":"Point","coordinates":[-97.89567,55.74217]},"properties":{"id":"05TG001","name":"Burntwood River Near Thompson","prov":"MB","kind":"river","level":187.657,"discharge":970.0,"time":"2026-09-09T09:30:00Z","src":"eccc","class":"normal","classBy":"level","p50":187.208}},{"type":"Feature","geometry":{"type":"Point","coordinates":[-98.58762,50.25142]},"properties":{"id":"05LL012","name":"Lake Manitoba Near Westbourne","prov":"MB","kind":"lake","level":247.72,"time":"2026-09-09T10:20:00Z","src":"eccc","class":"high","classBy":"level","p50":247.431}},{"type":"Feature","geometry":{"type":"Point","coordinates":[-99.03194,49.87333]},"properties":{"id":"05LL802","name":"Jackson Lake Near Sidney","prov":"MB","kind":"lake","level":357.591,"time":"2026-09-09T09:05:00Z","src":"eccc","class":"high","classBy":"level","p50":357.082}},{"type":"Feature","geometry":{"type":"Point","coordinates":[-98.6035,49.02031]},"properties":{"id":"05OB016","name":"Snowflake Creek Near Snowflake","prov":"MB","kind":"river","level":373.284,"discharge":0.318,"time":"2026-09-09T09:25:00Z","src":"eccc","class":"normal","classBy":"level","p50":373.143}},{"type":"Feature","geometry":{"type":"Point","coordinates":[-98.95083,49.20833]},"properties":{"id":"05OB034","name":"Goudney Reservoir Near Pilot Mound","prov":"MB","kind":"lake","level":451.399,"time":"2026-09-09T08:45:00Z","src":"eccc","class":"low","classBy":"level","p50":451.65}},{"type":"Feature","geometry":{"type":"Point","coordinates":[-97.27983,49.88175]},"properties":{"id":"05MJ004","name":"Sturgeon Creek At St. James","prov":"MB","kind":"river","level":2.761,"discharge":13.4,"time":"2026-09-09T09:20:00Z","src":"eccc","class":"very-high","classBy":"level","p50":2.304}},{"type":"Feature","geometry":{"type":"Point","coordinates":[-96.98169,50.63101]},"properties":{"id":"05SB006","name":"Lake Winnipeg At Gimli","prov":"MB","kind":"lake","level":217.796,"time":"2026-09-09T09:20:00Z","src":"eccc","class":"normal","classBy":"level","p50":217.7}},{"type":"Feature","geometry":{"type":"Point","coordinates":[-100.04167,50.12194]},"properties":{"id":"05MF801","name":"Little Saskatchewan River Above Rapid City Dam","prov":"MB","kind":"river","level":479.617,"time":"2026-09-09T09:10:00Z","src":"eccc","class":"normal","classBy":"level","p50":479.587}},{"type":"Feature","geometry":{"type":"Point","coordinates":[-99.04425,56.6735]},"properties":{"id":"06EC002","name":"South Bay Diversion Channel At South Bay","prov":"MB","kind":"river","level":258.037,"time":"2026-09-09T10:20:00Z","src":"eccc","class":"normal","classBy":"level","p50":258.048}},{"type":"Feature","geometry":{"type":"Point","coordinates":[-101.41243,50.96038]},"properties":{"id":"05MD009","name":"Lake Of The Prairies Near Shellmouth","prov":"MB","kind":"reservoir","level":429.45,"time":"2026-09-09T09:25:00Z","src":"eccc","class":"very-high","classBy":"level","p50":427.263,"resName":"Lake of the Prairies (Shellmouth Dam)","resOperator":"Manitoba Transportation and Infrastructure","capacityKm3":0.477,"fslM":429.31,"fillPct":100.0,"estStorageKm3":0.48}},{"type":"Feature","geometry":{"type":"Point","coordinates":[-100.97897,52.97453]},"properties":{"id":"05LD002","name":"Lake Winnipegosis At Dawson Bay","prov":"MB","kind":"lake","level":253.402,"time":"2026-09-09T09:25:00Z","src":"eccc","class":"high","classBy":"level","p50":253.01}},{"type":"Feature","geometry":{"type":"Point","coordinates":[-101.37486,53.806]},"properties":{"id":"05KH015","name":"Carrot River Near The Pas","prov":"MB","kind":"river","level":258.144,"time":"2026-09-09T09:30:00Z","src":"eccc","class":"high","classBy":"level","p50":257.665}},{"type":"Feature","geometry":{"type":"Point","coordinates":[-98.13381,49.18349]},"properties":{"id":"05OC027","name":"Lake Minnewasta Near Morden","prov":"MB","kind":"lake","level":329.333,"time":"2026-09-09T09:00:00Z","src":"eccc","class":"normal","classBy":"level","p50":329.359}},{"type":"Feature","geometry":{"type":"Point","coordinates":[-96.98898,49.44024]},"properties":{"id":"05OE007","name":"Joubert Creek At St. Pierre-Jolys","prov":"MB","kind":"river","level":235.927,"discharge":0.114,"time":"2026-09-09T09:25:00Z","src":"eccc","class":"normal","classBy":"level","p50":235.967}},{"type":"Feature","geometry":{"type":"Point","coordinates":[-99.78944,51.12694]},"properties":{"id":"05LJ816","name":"Dauphin Lake At Ochre Beach","prov":"MB","kind":"lake","level":261.253,"time":"2026-09-09T08:55:00Z","src":"eccc","class":"very-high","classBy":"level","p50":260.495}},{"type":"Feature","geometry":{"type":"Point","coordinates":[-96.60877,49.64369]},"properties":{"id":"05OH007","name":"Seine River Near Ste. Anne","prov":"MB","kind":"river","level":252.666,"discharge":0.137,"time":"2026-09-09T09:30:00Z","src":"eccc","class":"low","classBy":"level","p50":252.86}},{"type":"Feature","geometry":{"type":"Point","coordinates":[-97.47686,49.45744]},"properties":{"id":"05OF024","name":"Little Morris River Near Rosenort","prov":"MB","kind":"river","level":233.843,"discharge":0.369,"time":"2026-09-09T09:20:00Z","src":"eccc"}},{"type":"Feature","geometry":{"type":"Point","coordinates":[-100.71694,49.69056]},"properties":{"id":"05NG813","name":"Oak Lake At Oak Lake Resort","prov":"MB","kind":"lake","level":429.713,"time":"2026-09-09T09:05:00Z","src":"eccc","class":"high","classBy":"level","p50":429.48}},{"type":"Feature","geometry":{"type":"Point","coordinates":[-101.03306,51.40278]},"properties":{"id":"05LJ811","name":"Burrows Reservoir Near Merridale","prov":"MB","kind":"lake","level":624.679,"time":"2026-09-09T08:55:00Z","src":"eccc","class":"normal","classBy":"level","p50":624.51}},{"type":"Feature","geometry":{"type":"Point","coordinates":[-98.46872,49.98411]},"properties":{"id":"05LL021","name":"Rat Creek Near Macdonald","prov":"MB","kind":"river","level":7.969,"discharge":4.35,"time":"2026-09-09T09:25:00Z","src":"eccc","class":"very-high","classBy":"level","p50":6.843}},{"type":"Feature","geometry":{"type":"Point","coordinates":[-98.84019,49.36381]},"properties":{"id":"05OB019","name":"Pembina River Near Outlet Of Swan Lake","prov":"MB","kind":"river","level":398.472,"discharge":4.17,"time":"2026-09-09T09:25:00Z","src":"eccc","class":"very-high","classBy":"level","p50":397.949}},{"type":"Feature","geometry":{"type":"Point","coordinates":[-98.27372,49.93778]},"properties":{"id":"05MJ003","name":"Assiniboine River Near Portage La Prairie","prov":"MB","kind":"river","level":255.322,"discharge":111.0,"time":"2026-09-09T10:20:00Z","src":"eccc","class":"high","classBy":"level","p50":254.456}},{"type":"Feature","geometry":{"type":"Point","coordinates":[-98.45379,49.0004]},"properties":{"id":"05OB021","name":"Mowbray Creek Near Mowbray","prov":"MB","kind":"river","level":466.213,"discharge":0.061,"time":"2026-09-09T09:25:00Z","src":"eccc","class":"high","classBy":"level","p50":466.048}},{"type":"Feature","geometry":{"type":"Point","coordinates":[-98.3456,49.36539]},"properties":{"id":"05OF023","name":"South Branch Of South Tobacco Creek Near Highway 240","prov":"MB","kind":"river","level":0.751,"discharge":0.0001,"time":"2026-09-09T09:25:00Z","src":"eccc","class":"high","classBy":"level","p50":0.603}},{"type":"Feature","geometry":{"type":"Point","coordinates":[-99.823,50.25461]},"properties":{"id":"05MF806","name":"Minnedosa Lake Near Minnedosa ","prov":"MB","kind":"lake","level":512.909,"time":"2026-09-09T09:10:00Z","src":"eccc"}},{"type":"Feature","geometry":{"type":"Point","coordinates":[-97.022,52.35328]},"properties":{"id":"05RD005","name":"Lake Winnipeg At Berens River","prov":"MB","kind":"lake","level":217.887,"time":"2026-09-09T09:30:00Z","src":"eccc","class":"high","classBy":"level","p50":217.627}},{"type":"Feature","geometry":{"type":"Point","coordinates":[-98.07567,50.72078]},"properties":{"id":"05LN006","name":"Burnt Lake Drain Northwest Of Lundar","prov":"MB","kind":"lake","level":6.827,"discharge":0.0,"time":"2026-09-09T09:32:00Z","src":"eccc","class":"normal","classBy":"level","p50":6.953}},{"type":"Feature","geometry":{"type":"Point","coordinates":[-100.64994,52.03133]},"properties":{"id":"05LG004","name":"North Duck River At Cowan","prov":"MB","kind":"river","level":356.908,"discharge":7.37,"time":"2026-09-09T09:25:00Z","src":"eccc","class":"very-high","classBy":"level","p50":356.472}},{"type":"Feature","geometry":{"type":"Point","coordinates":[-100.15875,51.01769]},"properties":{"id":"05LJ046","name":"Vermilion Reservoir Near Dauphin","prov":"MB","kind":"lake","level":388.395,"time":"2026-09-09T09:05:00Z","src":"eccc","class":"very-high","classBy":"level","p50":388.236}},{"type":"Feature","geometry":{"type":"Point","coordinates":[-99.97108,51.45033]},"properties":{"id":"05LJ025","name":"Mossy River Below Outlet Of Dauphin Lake","prov":"MB","kind":"river","level":261.232,"discharge":61.6,"time":"2026-09-09T09:25:00Z","src":"eccc","class":"very-high","classBy":"level","p50":259.871}},{"type":"Feature","geometry":{"type":"Point","coordinates":[-98.28306,49.52917]},"properties":{"id":"05OF008","name":"Stephenfield Lake Near Stephenfield","prov":"MB","kind":"lake","level":295.893,"time":"2026-09-09T09:05:00Z","src":"eccc","class":"normal","classBy":"level","p50":295.696}},{"type":"Feature","geometry":{"type":"Point","coordinates":[-101.25642,50.62294]},"properties":{"id":"05ME010","name":"Silver Creek Near Binscarth","prov":"MB","kind":"river","level":1.558,"discharge":0.514,"time":"2026-09-09T09:25:00Z","src":"eccc","class":"high","classBy":"level","p50":1.4}},{"type":"Feature","geometry":{"type":"Point","coordinates":[-99.48342,56.1325]},"properties":{"id":"05TF004","name":"Rat Lake Near Notigi Control Structure","prov":"MB","kind":"lake","level":257.918,"time":"2026-09-09T09:30:00Z","src":"eccc","class":"normal","classBy":"level","p50":257.861}},{"type":"Feature","geometry":{"type":"Point","coordinates":[-97.43611,49.68389]},"properties":{"id":"05OG806","name":"La Salle River Above Sanford Dam","prov":"MB","kind":"river","level":232.977,"time":"2026-09-09T09:10:00Z","src":"eccc","class":"high","classBy":"level","p50":232.837}},{"type":"Feature","geometry":{"type":"Point","coordinates":[-95.21472,49.80556]},"properties":{"id":"05PG806","name":"Caddy Lake At Caddy Lake(Campground)","prov":"MB","kind":"lake","level":318.18,"time":"2026-09-09T09:10:00Z","src":"eccc","class":"low","classBy":"level","p50":318.272}},{"type":"Feature","geometry":{"type":"Point","coordinates":[-98.88886,55.93119]},"properties":{"id":"05TF002","name":"Footprint River Above Footprint Lake","prov":"MB","kind":"river","level":29.573,"discharge":4.94,"time":"2026-09-09T09:25:00Z","src":"eccc","class":"normal","classBy":"level","p50":29.517}},{"type":"Feature","geometry":{"type":"Point","coordinates":[-101.62006,55.749]},"properties":{"id":"06EA014","name":"Sisipuk Lake At Outlet","prov":"MB","kind":"lake","level":97.31,"time":"2026-09-09T09:25:00Z","src":"eccc","class":"normal","classBy":"level","p50":96.633}},{"type":"Feature","geometry":{"type":"Point","coordinates":[-99.46403,49.26347]},"properties":{"id":"05OA010","name":"Pembina River Above Lorne Lake","prov":"MB","kind":"river","level":411.402,"discharge":0.133,"time":"2026-09-09T09:25:00Z","src":"eccc","class":"normal","classBy":"level","p50":3.042}},{"type":"Feature","geometry":{"type":"Point","coordinates":[-97.48167,49.49008]},"properties":{"id":"05OF020","name":"Morris River Near Rosenort","prov":"MB","kind":"river","level":232.682,"discharge":0.626,"time":"2026-09-09T10:20:00Z","src":"eccc","class":"high","classBy":"level","p50":232.365}},{"type":"Feature","geometry":{"type":"Point","coordinates":[-98.90092,49.70006]},"properties":{"id":"05MH005","name":"Assiniboine River Near Holland","prov":"MB","kind":"river","level":293.966,"discharge":123.0,"time":"2026-09-09T09:22:00Z","src":"eccc","class":"high","classBy":"level","p50":293.024}},{"type":"Feature","geometry":{"type":"Point","coordinates":[-97.98269,49.81286]},"properties":{"id":"05OG005","name":"Elm Creek Channel Near Elm Creek","prov":"MB","kind":"river","level":99.943,"discharge":0.002,"time":"2026-09-09T09:25:00Z","src":"eccc","class":"high","classBy":"level","p50":99.522}},{"type":"Feature","geometry":{"type":"Point","coordinates":[-100.79806,49.37722]},"properties":{"id":"05NG807","name":"Souris River Above Napinka Dam","prov":"MB","kind":"river","level":424.005,"time":"2026-09-09T08:55:00Z","src":"eccc","class":"low","classBy":"level","p50":424.277}},{"type":"Feature","geometry":{"type":"Point","coordinates":[-96.39519,52.02883]},"properties":{"id":"05RD011","name":"Round Lake At Outlet","prov":"MB","kind":"lake","level":1.572,"time":"2026-09-09T09:30:00Z","src":"eccc","class":"normal","classBy":"level","p50":1.503}},{"type":"Feature","geometry":{"type":"Point","coordinates":[-97.10136,49.99439]},"properties":{"id":"05OJ017","name":"Grassmere Creek Drain Near Middlechurch","prov":"MB","kind":"river","level":227.828,"discharge":3.12,"time":"2026-09-09T09:25:00Z","src":"eccc","class":"very-high","classBy":"level","p50":227.313}},{"type":"Feature","geometry":{"type":"Point","coordinates":[-96.80331,51.63969]},"properties":{"id":"05SD001","name":"Lake Winnipeg At Pine Dock","prov":"MB","kind":"lake","level":218.046,"time":"2026-09-09T09:20:00Z","src":"eccc","class":"high","classBy":"level","p50":217.681}},{"type":"Feature","geometry":{"type":"Point","coordinates":[-65.20508,44.33314]},"properties":{"id":"01ED005","name":"Mersey River Below George Lake","prov":"NS","kind":"river","level":1.005,"discharge":1.58,"time":"2026-09-09T09:26:00Z","src":"eccc","class":"normal","classBy":"level","p50":1.158}},{"type":"Feature","geometry":{"type":"Point","coordinates":[-63.598,45.43822]},"properties":{"id":"01DJ005","name":"Great Village River Near Scrabble Hill","prov":"NS","kind":"river","level":1.488,"discharge":6.09,"time":"2026-09-09T09:25:00Z","src":"eccc","class":"high","classBy":"level","p50":1.126}},{"type":"Feature","geometry":{"type":"Point","coordinates":[-112.619,57.46497]},"properties":{"id":"07DA025","name":"Namur Lake Near The Outlet","prov":"AB","kind":"lake","level":97.985,"time":"2026-09-09T09:25:00Z","src":"eccc","class":"high","classBy":"level","p50":97.85}},{"type":"Feature","geometry":{"type":"Point","coordinates":[-115.55447,51.16018]},"properties":{"id":"05BC001","name":"Spray River At Banff","prov":"AB","kind":"river","level":1.024,"discharge":3.12,"time":"2026-09-09T09:25:00Z","src":"eccc","class":"very-high","classBy":"level","p50":0.935}},{"type":"Feature","geometry":{"type":"Point","coordinates":[-117.62728,57.74548]},"properties":{"id":"07HF002","name":"Keg River At Highway No. 35","prov":"AB","kind":"river","level":0.746,"discharge":0.969,"time":"2026-09-09T09:25:00Z","src":"eccc","class":"high","classBy":"level","p50":0.595}},{"type":"Feature","geometry":{"type":"Point","coordinates":[-114.02759,51.31191]},"properties":{"id":"05BH014","name":"Nose Creek Above Airdrie","prov":"AB","kind":"river","level":8.543,"discharge":0.0,"time":"2026-09-09T09:25:00Z","src":"eccc","class":"low","classBy":"level","p50":8.635}},{"type":"Feature","geometry":{"type":"Point","coordinates":[-111.3977,57.3085]},"properties":{"id":"07DA029","name":"Muskeg River Above Muskeg Creek","prov":"AB","kind":"river","level":281.06,"discharge":0.513,"time":"2026-09-09T09:25:00Z","src":"eccc","class":"normal","classBy":"level","p50":281.633}},{"type":"Feature","geometry":{"type":"Point","coordinates":[-113.34436,50.51377]},"properties":{"id":"05BM018","name":"West Arrowwood Creek Near Ensign","prov":"AB","kind":"river","level":0.764,"discharge":0.013,"time":"2026-09-09T09:20:00Z","src":"eccc","class":"very-high","classBy":"level","p50":0.51}},{"type":"Feature","geometry":{"type":"Point","coordinates":[-113.36296,52.33191]},"properties":{"id":"05CD006","name":"Haynes Creek Near Haynes","prov":"AB","kind":"river","level":1.826,"discharge":0.0,"time":"2026-09-09T09:25:00Z","src":"eccc","class":"high","classBy":"level","p50":1.176}},{"type":"Feature","geometry":{"type":"Point","coordinates":[-110.01934,52.85644]},"properties":{"id":"05FE004","name":"Battle River Near The Saskatchewan Boundary","prov":"AB","kind":"river","level":0.862,"discharge":5.45,"time":"2026-09-09T09:25:00Z","src":"eccc","class":"high","classBy":"level","p50":0.525}},{"type":"Feature","geometry":{"type":"Point","coordinates":[-115.77922,54.20103]},"properties":{"id":"07AH003","name":"Sakwatamau River Near Whitecourt","prov":"AB","kind":"river","level":0.657,"discharge":7.99,"time":"2026-09-09T09:30:00Z","src":"eccc","class":"very-high","classBy":"level","p50":0.295}},{"type":"Feature","geometry":{"type":"Point","coordinates":[-114.57767,52.57374]},"properties":{"id":"05CC010","name":"Block Creek Near Leedale","prov":"AB","kind":"river","level":1.287,"discharge":0.17,"time":"2026-09-09T09:25:00Z","src":"eccc","class":"low","classBy":"level","p50":1.92}},{"type":"Feature","geometry":{"type":"Point","coordinates":[-114.6545,51.73671]},"properties":{"id":"05CA012","name":"Fallentimber Creek Near Sundre","prov":"AB","kind":"river","level":1.035,"discharge":1.11,"time":"2026-09-09T09:30:00Z","src":"eccc","class":"low","classBy":"level","p50":1.079}},{"type":"Feature","geometry":{"type":"Point","coordinates":[-113.58614,54.72518]},"properties":{"id":"07BE003","name":"Porter Creek Above Baptiste Lake","prov":"AB","kind":"river","level":6.528,"discharge":0.087,"time":"2026-09-09T09:25:00Z","src":"eccc","class":"normal","classBy":"level","p50":6.535}},{"type":"Feature","geometry":{"type":"Point","coordinates":[-112.88212,52.46307]},"properties":{"id":"05CD005","name":"Buffalo Lake Near Erskine","prov":"AB","kind":"lake","level":779.659,"time":"2026-09-09T09:25:00Z","src":"eccc","class":"very-low","classBy":"level","p50":780.474}},{"type":"Feature","geometry":{"type":"Point","coordinates":[-111.7332,57.24553]},"properties":{"id":"07DA032","name":"Ells River At Canadian Natural Resources Limited Bridge","prov":"AB","kind":"river","level":98.207,"discharge":4.62,"time":"2026-09-09T09:25:00Z","src":"eccc","class":"normal","classBy":"level","p50":98.134}},{"type":"Feature","geometry":{"type":"Point","coordinates":[-114.14029,52.02824]},"properties":{"id":"05CB001","name":"Little Red Deer River Near The Mouth","prov":"AB","kind":"river","level":0.997,"discharge":1.95,"time":"2026-09-09T09:25:00Z","src":"eccc","class":"high","classBy":"level","p50":0.847}},{"type":"Feature","geometry":{"type":"Point","coordinates":[-112.59025,49.38129]},"properties":{"id":"05AF030","name":"Milk River Ridge Reservoir","prov":"AB","kind":"river","level":1031.922,"time":"2026-09-09T09:25:00Z","src":"eccc","class":"high","classBy":"level","p50":1031.305}},{"type":"Feature","geometry":{"type":"Point","coordinates":[-117.94672,53.52356]},"properties":{"id":"07AC001","name":"Wildhay River Near Hinton","prov":"AB","kind":"river","level":1.66,"discharge":10.9,"time":"2026-09-09T09:30:00Z","src":"eccc","class":"high","classBy":"level","p50":1.589}},{"type":"Feature","geometry":{"type":"Point","coordinates":[-114.3399,49.39745]},"properties":{"id":"05AA028","name":"Castle River At Ranger Station","prov":"AB","kind":"river","level":1.673,"discharge":3.25,"time":"2026-09-09T09:20:00Z","src":"eccc","class":"high","classBy":"level","p50":1.615}},{"type":"Feature","geometry":{"type":"Point","coordinates":[-114.34417,52.31956]},"properties":{"id":"05CC007","name":"Medicine River Near Eckville","prov":"AB","kind":"river","level":1.607,"discharge":4.73,"time":"2026-09-09T09:20:00Z","src":"eccc","class":"high","classBy":"level","p50":1.275}},{"type":"Feature","geometry":{"type":"Point","coordinates":[-110.09,49.47453]},"properties":{"id":"11AB099","name":"Mitchell Reservoir Near Elkwater","prov":"AB","kind":"lake","level":32.82,"time":"2026-09-09T09:30:00Z","src":"eccc","class":"low","classBy":"level","p50":33.553}},{"type":"Feature","geometry":{"type":"Point","coordinates":[-116.68278,55.62426]},"properties":{"id":"07BF006","name":"Winagami Lake At Provincial Park","prov":"AB","kind":"lake","level":621.926,"time":"2026-09-09T09:25:00Z","src":"eccc","class":"very-high","classBy":"level","p50":621.689}},{"type":"Feature","geometry":{"type":"Point","coordinates":[-114.14684,52.74038]},"properties":{"id":"05CC009","name":"Lloyd Creek Near Bluffton","prov":"AB","kind":"river","level":1.099,"discharge":0.105,"time":"2026-09-09T09:25:00Z","src":"eccc","class":"very-high","classBy":"level","p50":0.567}},{"type":"Feature","geometry":{"type":"Point","coordinates":[-114.14438,49.48866]},"properties":{"id":"05AA022","name":"Castle River Near Beaver Mines","prov":"AB","kind":"river","level":0.797,"discharge":7.34,"time":"2026-09-09T09:25:00Z","src":"eccc","class":"high","classBy":"level","p50":0.664}},{"type":"Feature","geometry":{"type":"Point","coordinates":[-114.67119,53.87371]},"properties":{"id":"07BB014","name":"Coyote Creek Near Cherhill","prov":"AB","kind":"river","level":1.478,"discharge":0.001,"time":"2026-09-09T09:20:00Z","src":"eccc","class":"very-high","classBy":"level","p50":0.758}},{"type":"Feature","geometry":{"type":"Point","coordinates":[-110.9437,49.5805]},"properties":{"id":"05AH041","name":"Peigan Creek Near Pakowki Road","prov":"AB","kind":"river","level":0.384,"discharge":0.0,"time":"2026-09-09T09:25:00Z","src":"eccc","class":"normal","classBy":"discharge","p50":0.0}},{"type":"Feature","geometry":{"type":"Point","coordinates":[-113.11819,50.12765]},"properties":{"id":"05AC003","name":"Little Bow River At Carmangay","prov":"AB","kind":"river","level":0.325,"discharge":2.7,"time":"2026-09-09T09:25:00Z","src":"eccc","class":"high","classBy":"level","p50":0.284}},{"type":"Feature","geometry":{"type":"Point","coordinates":[-114.13424,49.46951]},"properties":{"id":"05AA011","name":"Mill Creek Near The Mouth","prov":"AB","kind":"river","level":0.718,"discharge":1.87,"time":"2026-09-09T09:30:00Z","src":"eccc","class":"very-high","classBy":"level","p50":0.585}},{"type":"Feature","geometry":{"type":"Point","coordinates":[-112.66189,50.21455]},"properties":{"id":"05AC017","name":"Lomond Lateral Near Headgate","prov":"AB","kind":"river","level":0.383,"discharge":3.35,"time":"2026-09-09T09:25:00Z","src":"eccc","class":"low","classBy":"level","p50":0.454}},{"type":"Feature","geometry":{"type":"Point","coordinates":[-115.48891,53.1383]},"properties":{"id":"07BA002","name":"Rat Creek Near Cynthia","prov":"AB","kind":"river","level":1.741,"discharge":16.2,"time":"2026-09-09T09:20:00Z","src":"eccc","class":"high","classBy":"level","p50":1.253}},{"type":"Feature","geometry":{"type":"Point","coordinates":[-114.27874,50.77113]},"properties":{"id":"05BL013","name":"Threepoint Creek Near Millarville","prov":"AB","kind":"river","level":1.597,"discharge":0.819,"time":"2026-09-09T09:25:00Z","src":"eccc","class":"high","classBy":"level","p50":1.509}},{"type":"Feature","geometry":{"type":"Point","coordinates":[-110.74401,54.1446]},"properties":{"id":"06AC007","name":"Muriel Lake Near Gurneyville","prov":"AB","kind":"lake","level":555.86,"time":"2026-09-09T09:25:00Z","src":"eccc","class":"normal","classBy":"level","p50":556.353}},{"type":"Feature","geometry":{"type":"Point","coordinates":[-115.57177,51.17223]},"properties":{"id":"05BB001","name":"Bow River At Banff","prov":"AB","kind":"river","level":2.193,"discharge":32.3,"time":"2026-09-09T09:25:00Z","src":"eccc","class":"normal","classBy":"level","p50":2.233}},{"type":"Feature","geometry":{"type":"Point","coordinates":[-118.44043,49.04327]},"properties":{"id":"08NN002","name":"Granby River At Grand Forks","prov":"BC","kind":"river","level":0.833,"discharge":1.73,"time":"2026-09-09T09:25:00Z","src":"eccc","class":"normal","classBy":"level","p50":0.833}},{"type":"Feature","geometry":{"type":"Point","coordinates":[-131.76839,59.93058]},"properties":{"id":"09AE003","name":"Swift River Near Swift River","prov":"BC","kind":"river","level":0.631,"discharge":32.2,"time":"2026-09-09T10:10:00Z","src":"eccc","class":"low","classBy":"level","p50":0.868}},{"type":"Feature","geometry":{"type":"Point","coordinates":[-124.54056,50.12917]},"properties":{"id":"08GC005","name":"Theodosia River Diversion Above Olsen Lake","prov":"BC","kind":"river","level":9.47,"discharge":0.986,"time":"2026-09-09T09:25:00Z","src":"eccc","class":"normal","classBy":"level","p50":9.407}},{"type":"Feature","geometry":{"type":"Point","coordinates":[-122.53661,49.20709]},"properties":{"id":"08MH076","name":"Kanaka Creek Near Webster Corners","prov":"BC","kind":"river","level":0.825,"discharge":0.093,"time":"2026-09-09T10:20:00Z","src":"eccc","class":"normal","classBy":"level","p50":0.829}},{"type":"Feature","geometry":{"type":"Point","coordinates":[-129.35494,55.12986]},"properties":{"id":"08DB013","name":"Ansedagan Creek Near New Aiyansh","prov":"BC","kind":"river","level":4.482,"discharge":0.633,"time":"2026-09-09T09:30:00Z","src":"eccc","class":"normal","classBy":"level","p50":4.469}},{"type":"Feature","geometry":{"type":"Point","coordinates":[-125.91444,54.55947]},"properties":{"id":"08EC014","name":"Twain Creek Tributary Near Babine Lake","prov":"BC","kind":"river","level":1.858,"discharge":0.0,"time":"2026-09-09T09:30:00Z","src":"eccc","class":"normal","classBy":"level","p50":1.863}},{"type":"Feature","geometry":{"type":"Point","coordinates":[-120.67336,49.094]},"properties":{"id":"08NL070","name":"Similkameen River Above Goodfellow Creek","prov":"BC","kind":"river","level":0.567,"discharge":0.99,"time":"2026-09-09T09:30:00Z","src":"eccc"}},{"type":"Feature","geometry":{"type":"Point","coordinates":[-120.50353,49.4597]},"properties":{"id":"08NL007","name":"Similkameen River At Princeton","prov":"BC","kind":"river","level":0.508,"discharge":3.18,"time":"2026-09-09T10:15:00Z","src":"eccc","class":"low","classBy":"level","p50":0.588}},{"type":"Feature","geometry":{"type":"Point","coordinates":[-127.6979,50.29013]},"properties":{"id":"08HE009","name":"Klaskish River Near Klaskino Inlet","prov":"BC","kind":"river","level":3.651,"discharge":0.703,"time":"2026-09-09T09:20:00Z","src":"eccc","class":"low","classBy":"level","p50":3.789}},{"type":"Feature","geometry":{"type":"Point","coordinates":[-121.45844,49.08365]},"properties":{"id":"08MH016","name":"Chilliwack River At Outlet Of Chilliwack Lake","prov":"BC","kind":"river","level":0.425,"discharge":3.71,"time":"2026-09-09T09:20:00Z","src":"eccc","class":"low","classBy":"level","p50":0.59}},{"type":"Feature","geometry":{"type":"Point","coordinates":[-121.01378,55.06136]},"properties":{"id":"07FB006","name":"Murray River Above Wolverine River","prov":"BC","kind":"river","level":1.2,"discharge":32.3,"time":"2026-09-09T09:25:00Z","src":"eccc","class":"normal","classBy":"level","p50":1.22}},{"type":"Feature","geometry":{"type":"Point","coordinates":[-124.56758,55.91686]},"properties":{"id":"07EC002","name":"Omineca River Above Osilinka River","prov":"BC","kind":"river","level":2.149,"discharge":74.9,"time":"2026-09-09T09:20:00Z","src":"eccc","class":"normal","classBy":"level","p50":1.907}},{"type":"Feature","geometry":{"type":"Point","coordinates":[-121.59681,55.53778]},"properties":{"id":"07FB004","name":"Dickebusch Creek Near The Mouth","prov":"BC","kind":"river","level":1.062,"discharge":0.103,"time":"2026-09-09T09:25:00Z","src":"eccc","class":"normal","classBy":"level","p50":1.053}},{"type":"Feature","geometry":{"type":"Point","coordinates":[-121.32334,50.80298]},"properties":{"id":"08LF002","name":"Bonaparte River Below Cache Creek","prov":"BC","kind":"river","level":1.365,"discharge":1.38,"time":"2026-09-09T09:30:00Z","src":"eccc","class":"very-low","classBy":"level","p50":1.698}},{"type":"Feature","geometry":{"type":"Point","coordinates":[-123.11041,49.45459]},"properties":{"id":"08GA026","name":"Capilano River Above Eastcap Creek","prov":"BC","kind":"river","level":1.612,"discharge":1.04,"time":"2026-09-09T09:30:00Z","src":"eccc","class":"normal","classBy":"discharge","p50":1.14}},{"type":"Feature","geometry":{"type":"Point","coordinates":[-122.40696,49.00233]},"properties":{"id":"08MH153","name":"Fishtrap Creek At International Boundary","prov":"BC","kind":"river","level":3.158,"discharge":0.012,"time":"2026-09-09T10:15:00Z","src":"eccc","class":"very-high","classBy":"level","p50":2.551}},{"type":"Feature","geometry":{"type":"Point","coordinates":[-126.15392,54.82231]},"properties":{"id":"08EC003","name":"Babine Lake At Topley Landing","prov":"BC","kind":"lake","level":1.071,"time":"2026-09-09T09:30:00Z","src":"eccc","class":"normal","classBy":"level","p50":1.143}},{"type":"Feature","geometry":{"type":"Point","coordinates":[-129.4774,56.10934]},"properties":{"id":"08DA005","name":"Surprise Creek Near The Mouth","prov":"BC","kind":"river","level":1.239,"discharge":23.6,"time":"2026-09-09T09:30:00Z","src":"eccc","class":"normal","classBy":"level","p50":1.137}},{"type":"Feature","geometry":{"type":"Point","coordinates":[-116.91293,51.24356]},"properties":{"id":"08NA002","name":"Columbia River At Nicholson","prov":"BC","kind":"river","level":1.036,"discharge":89.7,"time":"2026-09-09T10:15:00Z","src":"eccc","class":"normal","classBy":"level","p50":1.01}},{"type":"Feature","geometry":{"type":"Point","coordinates":[-118.5962,51.66878]},"properties":{"id":"08ND012","name":"Goldstream River Below Old Camp Creek","prov":"BC","kind":"river","level":1.583,"discharge":21.5,"time":"2026-09-09T09:25:00Z","src":"eccc","class":"low","classBy":"level","p50":1.702}},{"type":"Feature","geometry":{"type":"Point","coordinates":[-127.842,50.51245]},"properties":{"id":"08HF013","name":"Simpson Creek Near Koprino Harbour","prov":"BC","kind":"river","level":0.578,"discharge":0.155,"time":"2026-09-09T09:20:00Z","src":"eccc","class":"low","classBy":"level","p50":0.763}},{"type":"Feature","geometry":{"type":"Point","coordinates":[-120.03772,49.13253]},"properties":{"id":"08NL076","name":"Ewart Creek Near Cathedral Park","prov":"BC","kind":"river","level":0.903,"discharge":0.367,"time":"2026-09-09T09:20:00Z","src":"eccc","class":"normal","classBy":"level","p50":0.891}},{"type":"Feature","geometry":{"type":"Point","coordinates":[-124.4834,49.3546]},"properties":{"id":"08HB029","name":"Little Qualicum River Near Qualicum Beach","prov":"BC","kind":"river","level":4.82,"discharge":1.56,"time":"2026-09-09T10:20:00Z","src":"eccc","class":"normal","classBy":"level","p50":4.8}},{"type":"Feature","geometry":{"type":"Point","coordinates":[-122.53656,50.0916]},"properties":{"id":"08MG027","name":"Lillooet River At Tenas Narrows","prov":"BC","kind":"river","level":9.11,"discharge":153.0,"time":"2026-09-09T09:20:00Z","src":"eccc","class":"normal","classBy":"level","p50":9.237}},{"type":"Feature","geometry":{"type":"Point","coordinates":[-118.12539,49.89956]},"properties":{"id":"08NE130","name":"Whatshan River Below Barnes Creek","prov":"BC","kind":"river","level":3.306,"discharge":0.663,"time":"2026-09-09T10:10:00Z","src":"eccc","class":"normal","classBy":"level","p50":3.303}},{"type":"Feature","geometry":{"type":"Point","coordinates":[-125.94025,59.33597]},"properties":{"id":"10BE007","name":"Trout River At Kilometre 783.7 Alaska Highway","prov":"BC","kind":"river","level":2.227,"discharge":17.5,"time":"2026-09-09T10:10:00Z","src":"eccc","class":"low","classBy":"level","p50":2.268}},{"type":"Feature","geometry":{"type":"Point","coordinates":[-114.86666,49.89396]},"properties":{"id":"08NK018","name":"Fording River At The Mouth","prov":"BC","kind":"river","level":1.949,"discharge":5.89,"time":"2026-09-09T10:10:00Z","src":"eccc","class":"very-high","classBy":"level","p50":1.692}},{"type":"Feature","geometry":{"type":"Point","coordinates":[-121.82964,49.30042]},"properties":{"id":"08MG013","name":"Harrison River Near Harrison Hot Springs","prov":"BC","kind":"river","discharge":308.0,"time":"2026-09-09T09:30:00Z","src":"eccc"}},{"type":"Feature","geometry":{"type":"Point","coordinates":[-52.97258,46.84628]},"properties":{"id":"02ZM009","name":"Seal Cove Brook Near Cappahayden","prov":"NL","kind":"river","level":2.309,"discharge":5.46,"time":"2026-09-09T09:30:00Z","src":"eccc","class":"high","classBy":"level","p50":1.957}},{"type":"Feature","geometry":{"type":"Point","coordinates":[-64.11503,53.52464]},"properties":{"id":"03OD008","name":"Churchill River Above Churchill Falls Tailrace","prov":"NL","kind":"river","level":138.202,"discharge":24.2,"time":"2026-09-09T09:20:00Z","src":"eccc","class":"very-low","classBy":"level","p50":138.529}},{"type":"Feature","geometry":{"type":"Point","coordinates":[-62.16144,56.37314]},"properties":{"id":"03NE001","name":"Reid Brook At Outlet Of Reid Pond","prov":"NL","kind":"river","level":1.731,"discharge":0.89,"time":"2026-09-09T09:25:00Z","src":"eccc","class":"normal","classBy":"level","p50":1.715}},{"type":"Feature","geometry":{"type":"Point","coordinates":[-57.11508,48.35733]},"properties":{"id":"02YN005","name":"Victoria Lake At Northeast Control Structure","prov":"NL","kind":"lake","level":323.461,"time":"2026-09-09T09:30:00Z","src":"eccc","class":"normal","classBy":"level","p50":324.215}},{"type":"Feature","geometry":{"type":"Point","coordinates":[-62.11033,56.34056]},"properties":{"id":"03NE002","name":"Camp Pond Brook Below Camp Pond","prov":"NL","kind":"river","level":1.349,"discharge":0.185,"time":"2026-09-09T09:20:00Z","src":"eccc","class":"normal","classBy":"level","p50":1.366}},{"type":"Feature","geometry":{"type":"Point","coordinates":[-53.30808,47.58306]},"properties":{"id":"02ZL004","name":"Shearstown Brook At Shearstown","prov":"NL","kind":"river","level":0.23,"discharge":0.824,"time":"2026-09-09T09:25:00Z","src":"eccc","class":"high","classBy":"level","p50":0.12}},{"type":"Feature","geometry":{"type":"Point","coordinates":[-53.83872,47.27397]},"properties":{"id":"02ZK002","name":"Northeast River Near Placentia","prov":"NL","kind":"river","level":1.495,"discharge":4.8,"time":"2026-09-09T09:30:00Z","src":"eccc","class":"high","classBy":"level","p50":1.31}},{"type":"Feature","geometry":{"type":"Point","coordinates":[-54.04964,48.22017]},"properties":{"id":"02ZJ003","name":"Shoal Harbour River Near Clarenville","prov":"NL","kind":"river","level":2.272,"discharge":9.65,"time":"2026-09-09T09:30:00Z","src":"eccc","class":"very-high","classBy":"level","p50":1.924}},{"type":"Feature","geometry":{"type":"Point","coordinates":[-53.73178,47.12183]},"properties":{"id":"02ZK004","name":"Little Salmonier River Near North Harbour","prov":"NL","kind":"river","level":2.549,"discharge":7.11,"time":"2026-09-09T09:30:00Z","src":"eccc","class":"high","classBy":"level","p50":2.296}},{"type":"Feature","geometry":{"type":"Point","coordinates":[-54.85303,47.45003]},"properties":{"id":"02ZG004","name":"Rattle Brook Near Boat Harbour","prov":"NL","kind":"river","level":1.398,"discharge":0.507,"time":"2026-09-09T09:30:00Z","src":"eccc","class":"normal","classBy":"level","p50":1.424}},{"type":"Feature","geometry":{"type":"Point","coordinates":[-60.27275,53.27939]},"properties":{"id":"03OE019","name":"Churchill River Below Traverspine River","prov":"NL","kind":"river","level":0.08,"time":"2026-09-09T09:20:00Z","src":"eccc","class":"low","classBy":"level","p50":0.408}},{"type":"Feature","geometry":{"type":"Point","coordinates":[-99.92344,51.647]},"properties":{"id":"05LH001","name":"Lake Winnipegosis At Winnipegosis","prov":"MB","kind":"lake","level":254.156,"time":"2026-09-09T09:20:00Z","src":"eccc","class":"very-high","classBy":"level","p50":253.181}},{"type":"Feature","geometry":{"type":"Point","coordinates":[-98.41444,49.54528]},"properties":{"id":"05OF011","name":"Boyne River Near Roseisle","prov":"MB","kind":"river","level":0.924,"discharge":0.091,"time":"2026-09-09T09:25:00Z","src":"eccc","class":"high","classBy":"level","p50":0.547}},{"type":"Feature","geometry":{"type":"Point","coordinates":[-101.06083,52.196]},"properties":{"id":"05LE006","name":"Swan River Near Minitonas","prov":"MB","kind":"river","level":275.058,"discharge":9.37,"time":"2026-09-09T09:25:00Z","src":"eccc","class":"high","classBy":"level","p50":274.76}},{"type":"Feature","geometry":{"type":"Point","coordinates":[-101.60139,55.76933]},"properties":{"id":"06EA013","name":"Churchill River Above Bloodstone Falls","prov":"MB","kind":"river","discharge":796.0,"time":"2026-09-09T09:25:00Z","src":"eccc"}},{"type":"Feature","geometry":{"type":"Point","coordinates":[-99.62278,49.40139]},"properties":{"id":"05OA802","name":"Pelican Lake Near Ninette","prov":"MB","kind":"lake","level":412.057,"time":"2026-09-09T09:05:00Z","src":"eccc","class":"very-high","classBy":"level","p50":411.66}},{"type":"Feature","geometry":{"type":"Point","coordinates":[-63.65939,46.39331]},"properties":{"id":"01CB004","name":"Wilmot River Near Wilmot Valley","prov":"PE","kind":"river","level":1.117,"discharge":2.22,"time":"2026-09-09T09:25:00Z","src":"eccc","class":"very-high","classBy":"level","p50":0.555}},{"type":"Feature","geometry":{"type":"Point","coordinates":[-87.96544,49.59761]},"properties":{"id":"02AD010","name":"Blackwater River At Beardmore","prov":"ON","kind":"river","level":300.741,"discharge":0.655,"time":"2026-09-09T09:30:00Z","src":"eccc","class":"low","classBy":"level","p50":300.88}},{"type":"Feature","geometry":{"type":"Point","coordinates":[-89.60214,51.82325]},"properties":{"id":"04FA001","name":"Otoskwin River Below Badesdawa Lake","prov":"ON","kind":"river","level":328.179,"discharge":43.1,"time":"2026-09-09T09:30:00Z","src":"eccc","class":"normal","classBy":"level","p50":328.383}},{"type":"Feature","geometry":{"type":"Point","coordinates":[-89.88692,51.64831]},"properties":{"id":"04FA002","name":"Kawinogans River Near Pickle Crow","prov":"ON","kind":"river","level":330.249,"discharge":9.6,"time":"2026-09-09T09:25:00Z","src":"eccc","class":"normal","classBy":"level","p50":330.289}},{"type":"Feature","geometry":{"type":"Point","coordinates":[-76.75909,44.2264]},"properties":{"id":"02HM006","name":"Millhaven Creek Near Millhaven","prov":"ON","kind":"river","level":2.017,"discharge":0.479,"time":"2026-09-09T09:20:00Z","src":"eccc","class":"high","classBy":"level","p50":1.972}},{"type":"Feature","geometry":{"type":"Point","coordinates":[-80.45503,43.18972]},"properties":{"id":"02GA010","name":"Nith River Near Canning","prov":"ON","kind":"river","level":3.209,"discharge":2.67,"time":"2026-09-09T09:25:00Z","src":"eccc","class":"high","classBy":"level","p50":3.168}},{"type":"Feature","geometry":{"type":"Point","coordinates":[-78.69539,45.54156]},"properties":{"id":"02EB022","name":"Smoke Lake At Algonquin Provincial Park","prov":"ON","kind":"lake","level":9.25,"time":"2026-09-09T09:30:00Z","src":"eccc","class":"high","classBy":"level","p50":9.153}},{"type":"Feature","geometry":{"type":"Point","coordinates":[-88.76033,52.30828]},"properties":{"id":"04FA003","name":"Pineimuta River At Eyes Lake","prov":"ON","kind":"river","level":12.321,"discharge":15.9,"time":"2026-09-09T09:25:00Z","src":"eccc","class":"low","classBy":"level","p50":12.648}},{"type":"Feature","geometry":{"type":"Point","coordinates":[-77.61836,44.49973]},"properties":{"id":"02HL005","name":"Moira River Near Deloro","prov":"ON","kind":"river","level":1.476,"discharge":2.78,"time":"2026-09-09T09:25:00Z","src":"eccc","class":"very-high","classBy":"level","p50":1.195}},{"type":"Feature","geometry":{"type":"Point","coordinates":[-82.07081,46.21494]},"properties":{"id":"02CE002","name":"Aux Sables River At Massey","prov":"ON","kind":"river","level":3.786,"discharge":4.15,"time":"2026-09-09T09:30:00Z","src":"eccc","class":"normal","classBy":"level","p50":3.814}},{"type":"Feature","geometry":{"type":"Point","coordinates":[-85.64214,48.69289]},"properties":{"id":"02BC007","name":"White Lake At White Lake Provincial Park","prov":"ON","kind":"lake","level":6.937,"time":"2026-09-09T09:15:00Z","src":"eccc","class":"low","classBy":"level","p50":7.046}},{"type":"Feature","geometry":{"type":"Point","coordinates":[-75.81912,44.94995]},"properties":{"id":"02LA011","name":"Rideau River Below Merrickville","prov":"ON","kind":"river","level":4.659,"discharge":23.6,"time":"2026-09-09T09:30:00Z","src":"eccc","class":"very-high","classBy":"level","p50":4.447}},{"type":"Feature","geometry":{"type":"Point","coordinates":[-92.95836,48.70047]},"properties":{"id":"05PB024","name":"Rainy Lake Near Bear Pass","prov":"ON","kind":"lake","level":337.504,"time":"2026-09-09T09:30:00Z","src":"eccc","class":"normal","classBy":"level","p50":337.413}},{"type":"Feature","geometry":{"type":"Point","coordinates":[-94.00561,50.15197]},"properties":{"id":"05QE015","name":"Grassy Narrows Lake At Grassy Narrows","prov":"ON","kind":"lake","level":318.585,"time":"2026-09-09T09:25:00Z","src":"eccc","class":"low","classBy":"level","p50":319.088}},{"type":"Feature","geometry":{"type":"Point","coordinates":[-91.59458,51.17378]},"properties":{"id":"04GA002","name":"Cat River Below Wesleyan Lake","prov":"ON","kind":"river","level":29.358,"discharge":34.7,"time":"2026-09-09T09:25:00Z","src":"eccc","class":"normal","classBy":"level","p50":29.598}},{"type":"Feature","geometry":{"type":"Point","coordinates":[-77.78703,44.13475]},"properties":{"id":"02HK007","name":"Cold Creek At Orland","prov":"ON","kind":"river","level":2.569,"discharge":0.783,"time":"2026-09-09T09:30:00Z","src":"eccc","class":"normal","classBy":"level","p50":2.58}},{"type":"Feature","geometry":{"type":"Point","coordinates":[-80.27222,43.86172]},"properties":{"id":"02GA014","name":"Grand River Near Marsville","prov":"ON","kind":"river","level":3.414,"discharge":2.13,"time":"2026-09-09T09:30:00Z","src":"eccc","class":"high","classBy":"level","p50":3.35}},{"type":"Feature","geometry":{"type":"Point","coordinates":[-82.18489,45.74989]},"properties":{"id":"02CG005","name":"Mindemoya Lake At Mindemoya","prov":"ON","kind":"lake","level":6.506,"time":"2026-09-09T10:20:00Z","src":"eccc","class":"high","classBy":"level","p50":6.425}},{"type":"Feature","geometry":{"type":"Point","coordinates":[-79.77681,45.02253]},"properties":{"id":"02EB012","name":"Musquash River At Highway No. 400","prov":"ON","kind":"river","level":8.832,"discharge":15.0,"time":"2026-09-09T09:30:00Z","src":"eccc","class":"normal","classBy":"level","p50":9.133}},{"type":"Feature","geometry":{"type":"Point","coordinates":[-75.51603,44.99497]},"properties":{"id":"02LB017","name":"North Branch South Nation River Near Heckston","prov":"ON","kind":"river","level":0.761,"time":"2026-09-09T09:30:00Z","src":"eccc","class":"high","classBy":"level","p50":0.649}},{"type":"Feature","geometry":{"type":"Point","coordinates":[-79.96989,44.02475]},"properties":{"id":"02ED026","name":"Nottawasaga River At Hockley","prov":"ON","kind":"river","level":0.694,"discharge":1.08,"time":"2026-09-09T09:25:00Z","src":"eccc","class":"normal","classBy":"level","p50":0.701}},{"type":"Feature","geometry":{"type":"Point","coordinates":[-79.15994,45.39272]},"properties":{"id":"02EB013","name":"Big East River Near Huntsville","prov":"ON","kind":"river","level":5.236,"discharge":3.7,"time":"2026-09-09T09:30:00Z","src":"eccc","class":"normal","classBy":"level","p50":5.196}},{"type":"Feature","geometry":{"type":"Point","coordinates":[-89.21861,48.4492]},"properties":{"id":"02AB019","name":"Mcvicar Creek At Thunder Bay","prov":"ON","kind":"river","level":4.982,"discharge":0.102,"time":"2026-09-09T09:25:00Z","src":"eccc","class":"normal","classBy":"level","p50":4.984}},{"type":"Feature","geometry":{"type":"Point","coordinates":[-80.41043,45.98491]},"properties":{"id":"02DD028","name":"Pickerel River Above Cantin Lake","prov":"ON","kind":"river","level":16.774,"time":"2026-09-09T10:20:00Z","src":"eccc"}},{"type":"Feature","geometry":{"type":"Point","coordinates":[-79.61802,43.02178]},"properties":{"id":"02HA007","name":"Welland River Below Caistor Corners","prov":"ON","kind":"river","level":0.925,"discharge":0.157,"time":"2026-09-09T09:30:00Z","src":"eccc","class":"high","classBy":"level","p50":0.856}},{"type":"Feature","geometry":{"type":"Point","coordinates":[-79.86319,43.30595]},"properties":{"id":"02HB034","name":"Grindstone Creek At Hidden Valley Park","prov":"ON","kind":"river","level":8.325,"time":"2026-09-09T09:25:00Z","src":"eccc"}},{"type":"Feature","geometry":{"type":"Point","coordinates":[-79.64097,45.66497]},"properties":{"id":"02EA015","name":"Cecebe Lake At Magnetawan","prov":"ON","kind":"lake","level":18.934,"time":"2026-09-09T09:30:00Z","src":"eccc","class":"high","classBy":"level","p50":18.879}},{"type":"Feature","geometry":{"type":"Point","coordinates":[-77.81904,44.19945]},"properties":{"id":"02HK015","name":"Salt Creek Near Codrington","prov":"ON","kind":"river","level":1.675,"discharge":0.368,"time":"2026-09-09T09:30:00Z","src":"eccc","class":"normal","classBy":"level","p50":1.679}},{"type":"Feature","geometry":{"type":"Point","coordinates":[-92.72383,48.85022]},"properties":{"id":"05PB014","name":"Turtle River Near Mine Centre","prov":"ON","kind":"river","level":0.665,"discharge":10.2,"time":"2026-09-09T09:30:00Z","src":"eccc","class":"low","classBy":"level","p50":0.975}},{"type":"Feature","geometry":{"type":"Point","coordinates":[-82.60028,46.51158]},"properties":{"id":"02CD006","name":"Serpent River Above Quirke Lake","prov":"ON","kind":"river","level":6.028,"discharge":0.703,"time":"2026-09-09T09:30:00Z","src":"eccc","class":"normal","classBy":"level","p50":5.999}},{"type":"Feature","geometry":{"type":"Point","coordinates":[-94.85311,49.32847]},"properties":{"id":"05PD029","name":"Lake Of The Woods At Cyclone Island","prov":"ON","kind":"lake","level":322.723,"time":"2026-09-09T09:25:00Z","src":"eccc","class":"low","classBy":"level","p50":322.897}},{"type":"Feature","geometry":{"type":"Point","coordinates":[-79.67825,42.99131]},"properties":{"id":"02HA024","name":"Oswego Creek At Canborough","prov":"ON","kind":"river","level":2.241,"time":"2026-09-09T09:25:00Z","src":"eccc","class":"high","classBy":"level","p50":2.079}},{"type":"Feature","geometry":{"type":"Point","coordinates":[-107.80139,49.305]},"properties":{"id":"11AC054","name":"Newton Lake Main Canal","prov":"SK","kind":"lake","level":799.536,"discharge":3720.0,"time":"2026-09-09T09:30:00Z","src":"eccc"}},{"type":"Feature","geometry":{"type":"Point","coordinates":[-109.5575,49.2325]},"properties":{"id":"11AB018","name":"Nashlyn Canal Near Consul","prov":"SK","kind":"river","level":0.673,"discharge":0.0,"time":"2026-09-09T09:30:00Z","src":"eccc","class":"normal","classBy":"discharge","p50":0.0}},{"type":"Feature","geometry":{"type":"Point","coordinates":[-107.8765,49.36694]},"properties":{"id":"11AC065","name":"Huff Lake Gravity Canal","prov":"SK","kind":"lake","discharge":0.0,"time":"2026-09-09T09:30:00Z","src":"eccc","class":"normal","classBy":"discharge","p50":0.0}},{"type":"Feature","geometry":{"type":"Point","coordinates":[-109.40856,59.8185]},"properties":{"id":"07QC002","name":"Tazin Lake Near Outlet","prov":"SK","kind":"lake","level":345.422,"time":"2026-09-09T09:25:00Z","src":"eccc","class":"very-high","classBy":"level","p50":4.561}},{"type":"Feature","geometry":{"type":"Point","coordinates":[-104.98769,57.47856]},"properties":{"id":"06DA005","name":"Wheeler River Below Russell Lake","prov":"SK","kind":"river","level":1.715,"discharge":15.1,"time":"2026-09-09T09:30:00Z","src":"eccc","class":"normal","classBy":"level","p50":1.652}},{"type":"Feature","geometry":{"type":"Point","coordinates":[-108.01883,55.39683]},"properties":{"id":"06BB005","name":"Canoe River Near Beauval","prov":"SK","kind":"river","level":2.059,"discharge":10.5,"time":"2026-09-09T09:30:00Z","src":"eccc","class":"normal","classBy":"level","p50":2.172}},{"type":"Feature","geometry":{"type":"Point","coordinates":[-108.89292,59.38444]},"properties":{"id":"07MC003","name":"Lake Athabasca Near Crackingstone Point","prov":"SK","kind":"lake","level":209.538,"time":"2026-09-09T09:30:00Z","src":"eccc","class":"high","classBy":"level","p50":208.992}},{"type":"Feature","geometry":{"type":"Point","coordinates":[-109.91769,49.167]},"properties":{"id":"11AB089","name":"Altawan Reservoir Near Govenlock","prov":"SK","kind":"lake","level":897.915,"time":"2026-09-09T09:15:00Z","src":"eccc","class":"normal","classBy":"level","p50":897.255}},{"type":"Feature","geometry":{"type":"Point","coordinates":[-109.59167,49.4575]},"properties":{"id":"11AB084","name":"Vidora Ditch Near Consul","prov":"SK","kind":"river","level":0.335,"discharge":0.0,"time":"2026-09-09T09:20:00Z","src":"eccc","class":"normal","classBy":"discharge","p50":0.0}},{"type":"Feature","geometry":{"type":"Point","coordinates":[-104.28169,49.47517]},"properties":{"id":"05NA006","name":"Larsen Reservoir Near Radville","prov":"SK","kind":"lake","level":631.216,"time":"2026-09-09T09:25:00Z","src":"eccc","class":"very-high","classBy":"level","p50":630.61}},{"type":"Feature","geometry":{"type":"Point","coordinates":[-103.328,50.73417]},"properties":{"id":"05JL005","name":"Pheasant Creek Near Abernethy","prov":"SK","kind":"river","level":1.701,"discharge":0.375,"time":"2026-09-09T09:30:00Z","src":"eccc","class":"very-high","classBy":"level","p50":1.25}},{"type":"Feature","geometry":{"type":"Point","coordinates":[-107.72572,55.92317]},"properties":{"id":"06BB003","name":"Churchill River Near Patuanak","prov":"SK","kind":"river","level":420.184,"discharge":252.0,"time":"2026-09-09T09:30:00Z","src":"eccc"}},{"type":"Feature","geometry":{"type":"Point","coordinates":[-106.39847,50.97864]},"properties":{"id":"05JG006","name":"Elbow Diversion Canal At Drop Structure","prov":"SK","kind":"river","level":1.449,"discharge":4.1,"time":"2026-09-09T09:20:00Z","src":"eccc","class":"normal","classBy":"level","p50":1.393}},{"type":"Feature","geometry":{"type":"Point","coordinates":[-109.64475,49.45014]},"properties":{"id":"11AB118","name":"Battle Creek Below Wilson'S Weir","prov":"SK","kind":"river","level":0.945,"discharge":0.627,"time":"2026-09-09T09:30:00Z","src":"eccc","class":"very-high","classBy":"level","p50":0.606}},{"type":"Feature","geometry":{"type":"Point","coordinates":[-106.09381,53.95058]},"properties":{"id":"06CA002","name":"Waskesiu Lake At Waskesiu Lake","prov":"SK","kind":"lake","level":532.38,"time":"2026-09-09T09:20:00Z","src":"eccc","class":"high","classBy":"level","p50":532.26}},{"type":"Feature","geometry":{"type":"Point","coordinates":[-105.54308,59.15003]},"properties":{"id":"07LE002","name":"Fond Du Lac River At Outlet Of Black Lake","prov":"SK","kind":"lake","level":1.46,"discharge":338.0,"time":"2026-09-09T09:30:00Z","src":"eccc","class":"normal","classBy":"level","p50":1.419}},{"type":"Feature","geometry":{"type":"Point","coordinates":[-101.83897,51.38897]},"properties":{"id":"05MD010","name":"Stony Creek Near Kamsack","prov":"SK","kind":"river","level":0.781,"discharge":0.428,"time":"2026-09-09T09:30:00Z","src":"eccc","class":"normal","classBy":"level","p50":0.658}},{"type":"Feature","geometry":{"type":"Point","coordinates":[-104.61964,53.86497]},"properties":{"id":"05KE010","name":"White Gull Creek At Highway No. 106","prov":"SK","kind":"river","level":2.48,"discharge":4.25,"time":"2026-09-09T09:20:00Z","src":"eccc","class":"high","classBy":"level","p50":2.296}},{"type":"Feature","geometry":{"type":"Point","coordinates":[-106.69416,49.66861]},"properties":{"id":"05JA002","name":"Wood River Near Lafleche","prov":"SK","kind":"river","level":0.845,"discharge":0.064,"time":"2026-09-09T09:20:00Z","src":"eccc","class":"normal","classBy":"level","p50":0.892}},{"type":"Feature","geometry":{"type":"Point","coordinates":[-103.28533,58.48353]},"properties":{"id":"06DA001","name":"Wollaston Lake At Ross Channel","prov":"SK","kind":"lake","level":391.538,"time":"2026-09-09T09:30:00Z","src":"eccc","class":"high","classBy":"level","p50":28.389}},{"type":"Feature","geometry":{"type":"Point","coordinates":[-105.18386,50.99564]},"properties":{"id":"05JH004","name":"Last Mountain Lake At Rowan'S Ravine","prov":"SK","kind":"lake","level":490.285,"time":"2026-09-09T09:20:00Z","src":"eccc","class":"high","classBy":"level","p50":490.036}},{"type":"Feature","geometry":{"type":"Point","coordinates":[-108.12658,49.7091]},"properties":{"id":"05JB004","name":"Notukeu Creek Above Admiral Reservoir","prov":"SK","kind":"river","level":0.708,"discharge":0.0,"time":"2026-09-09T09:15:00Z","src":"eccc","class":"normal","classBy":"level","p50":0.759}},{"type":"Feature","geometry":{"type":"Point","coordinates":[-109.81681,49.22808]},"properties":{"id":"11AB108","name":"Middle Creek Near Govenlock","prov":"SK","kind":"river","level":0.967,"discharge":0.0,"time":"2026-09-09T09:30:00Z","src":"eccc","class":"normal","classBy":"level","p50":0.734}},{"type":"Feature","geometry":{"type":"Point","coordinates":[-109.71853,49.00564]},"properties":{"id":"11AB083","name":"Lodge Creek Below Mcrae Creek At International Boundary","prov":"SK","kind":"river","level":0.384,"discharge":0.0,"time":"2026-09-09T09:20:00Z","src":"eccc","class":"high","classBy":"level","p50":0.343}},{"type":"Feature","geometry":{"type":"Point","coordinates":[-102.32371,55.53629]},"properties":{"id":"06EA002","name":"Churchill River At Sandy Bay","prov":"SK","kind":"river","level":5.289,"discharge":858.0,"time":"2026-09-09T09:30:00Z","src":"eccc","class":"normal","classBy":"level","p50":5.217}},{"type":"Feature","geometry":{"type":"Point","coordinates":[-104.736,55.64769]},"properties":{"id":"06CD002","name":"Churchill River Above Otter Rapids","prov":"SK","kind":"river","level":1.975,"discharge":406.0,"time":"2026-09-09T09:30:00Z","src":"eccc","class":"normal","classBy":"level","p50":2.011}},{"type":"Feature","geometry":{"type":"Point","coordinates":[-107.148,52.37222]},"properties":{"id":"05GD001","name":"North Saskatchewan River Near Borden","prov":"SK","kind":"river","level":442.961,"discharge":247.0,"time":"2026-09-09T09:30:00Z","src":"eccc","class":"normal","classBy":"level","p50":442.869}},{"type":"Feature","geometry":{"type":"Point","coordinates":[-103.32653,56.00672]},"properties":{"id":"06DD003","name":"Wapiskau River Above White Lake","prov":"SK","kind":"river","level":7.93,"discharge":6.23,"time":"2026-09-09T09:30:00Z","src":"eccc","class":"low","classBy":"level","p50":8.157}},{"type":"Feature","geometry":{"type":"Point","coordinates":[-104.20531,51.81422]},"properties":{"id":"05MA021","name":"Magnusson Creek Near Wynyard","prov":"SK","kind":"river","level":2.713,"discharge":5.09,"time":"2026-09-09T09:30:00Z","src":"eccc","class":"very-high","classBy":"discharge","p50":0.0}},{"type":"Feature","geometry":{"type":"Point","coordinates":[-109.80669,49.03614]},"properties":{"id":"11AB103","name":"Butala Coulee Near Willow Creek","prov":"SK","kind":"river","level":-0.07,"discharge":0.0,"time":"2026-09-09T09:15:00Z","src":"eccc","class":"normal","classBy":"discharge","p50":0.0}},{"type":"Feature","geometry":{"type":"Point","coordinates":[-109.78947,58.319]},"properties":{"id":"07MA003","name":"Douglas River Near Cluff Lake","prov":"SK","kind":"river","level":1.921,"discharge":16.5,"time":"2026-09-09T09:30:00Z","src":"eccc","class":"high","classBy":"level","p50":1.688}},{"type":"Feature","geometry":{"type":"Point","coordinates":[-104.13267,51.87431]},"properties":{"id":"05MA002","name":"Little Quill Lake Near Wynyard","prov":"SK","kind":"lake","level":520.444,"time":"2026-09-09T09:25:00Z","src":"eccc","class":"high","classBy":"level","p50":519.483}},{"type":"Feature","geometry":{"type":"Point","coordinates":[-109.58931,49.47067]},"properties":{"id":"11AB077","name":"Cypress Lake West Outflow Canal","prov":"SK","kind":"lake","level":0.355,"discharge":0.011,"time":"2026-09-09T09:30:00Z","src":"eccc","class":"normal","classBy":"level","p50":0.411}},{"type":"Feature","geometry":{"type":"Point","coordinates":[-107.18633,49.91747]},"properties":{"id":"05JB001","name":"Notukeu Creek Near Vanguard","prov":"SK","kind":"river","level":0.976,"discharge":0.092,"time":"2026-09-09T09:30:00Z","src":"eccc","class":"normal","classBy":"level","p50":0.962}},{"type":"Feature","geometry":{"type":"Point","coordinates":[-103.39561,53.65719]},"properties":{"id":"05KD004","name":"Tobin Lake At The Spillway","prov":"SK","kind":"reservoir","level":313.608,"time":"2026-09-09T09:20:00Z","src":"eccc","class":"high","classBy":"level","p50":313.456,"resName":"Tobin Lake (E.B. Campbell Dam)","resOperator":"SaskPower","capacityKm3":2.2}},{"type":"Feature","geometry":{"type":"Point","coordinates":[-103.87364,51.747]},"properties":{"id":"05MA011","name":"Birch Creek Near Elfros","prov":"SK","kind":"river","level":541.411,"discharge":5.58,"time":"2026-09-09T09:30:00Z","src":"eccc","class":"normal","classBy":"level","p50":541.359}},{"type":"Feature","geometry":{"type":"Point","coordinates":[-102.82997,55.57528]},"properties":{"id":"06EA011","name":"Churchill River Above Wintego Rapids","prov":"SK","kind":"river","level":9.376,"discharge":825.0,"time":"2026-09-09T09:30:00Z","src":"eccc","class":"normal","classBy":"level","p50":9.436}},{"type":"Feature","geometry":{"type":"Point","coordinates":[-103.29872,53.70714]},"properties":{"id":"05KD003","name":"Saskatchewan River Below Tobin Lake","prov":"SK","kind":"river","level":2.604,"discharge":495.0,"time":"2026-09-09T09:15:00Z","src":"eccc","class":"high","classBy":"level","p50":2.301}},{"type":"Feature","geometry":{"type":"Point","coordinates":[-103.71975,49.50125]},"properties":{"id":"05NB016","name":"Roughbark Reservoir Near Weyburn","prov":"SK","kind":"lake","level":565.88,"time":"2026-09-09T09:25:00Z","src":"eccc","class":"normal","classBy":"level","p50":565.23}},{"type":"Feature","geometry":{"type":"Point","coordinates":[-108.17336,58.96747]},"properties":{"id":"07MB001","name":"Macfarlane River At Outlet Of Davy Lake","prov":"SK","kind":"river","level":3.719,"discharge":64.5,"time":"2026-09-09T09:30:00Z","src":"eccc","class":"high","classBy":"level","p50":3.493}},{"type":"Feature","geometry":{"type":"Point","coordinates":[-109.83583,49.43283]},"properties":{"id":"11AB102","name":"Gaff Ditch Near Merryflat","prov":"SK","kind":"river","level":0.49,"discharge":0.0,"time":"2026-09-09T09:30:00Z","src":"eccc","class":"low","classBy":"level","p50":0.56}},{"type":"Feature","geometry":{"type":"Point","coordinates":[-109.61942,49.47172]},"properties":{"id":"11AB078","name":"Cypress Lake West Inflow Canal","prov":"SK","kind":"lake","level":0.31,"discharge":0.0,"time":"2026-09-09T09:30:00Z","src":"eccc","class":"normal","classBy":"level","p50":0.422}},{"type":"Feature","geometry":{"type":"Point","coordinates":[-119.19616,50.69665]},"properties":{"id":"08LE108","name":"East Canoe Creek Above Dam","prov":"BC","kind":"river","level":0.021,"discharge":0.009,"time":"2026-09-09T09:30:00Z","src":"eccc","class":"low","classBy":"level","p50":0.04}},{"type":"Feature","geometry":{"type":"Point","coordinates":[-116.65956,49.29882]},"properties":{"id":"08NH067","name":"Kootenay Lake At Kuskonook","prov":"BC","kind":"lake","level":531.5,"time":"2026-09-09T10:15:00Z","src":"eccc","class":"low","classBy":"level","p50":531.788}},{"type":"Feature","geometry":{"type":"Point","coordinates":[-122.71611,56.10639]},"properties":{"id":"07EF003","name":"Williston Lake Near Schooler Creek","prov":"BC","kind":"lake","level":41.112,"time":"2026-09-09T10:20:00Z","src":"eccc","class":"high","classBy":"level","p50":39.075}},{"type":"Feature","geometry":{"type":"Point","coordinates":[-68.45156,63.73603]},"properties":{"id":"10UH002","name":"Apex River At Apex","prov":"NU","kind":"river","level":7.626,"discharge":0.822,"time":"2026-09-09T10:20:00Z","src":"eccc","class":"high","classBy":"level","p50":0.838}},{"type":"Feature","geometry":{"type":"Point","coordinates":[-111.90222,67.635]},"properties":{"id":"10QA001","name":"Tree River Near The Mouth","prov":"NU","kind":"river","level":2.186,"discharge":45.6,"time":"2026-09-09T09:30:00Z","src":"eccc","class":"normal","classBy":"level","p50":2.354}},{"type":"Feature","geometry":{"type":"Point","coordinates":[-119.54375,50.212]},"properties":{"id":"08NM174","name":"Whiteman Creek Above Bouleau Creek","prov":"BC","kind":"river","level":0.607,"discharge":0.045,"time":"2026-09-09T09:25:00Z","src":"eccc","class":"very-low","classBy":"level","p50":0.717}},{"type":"Feature","geometry":{"type":"Point","coordinates":[-68.50431,63.75647]},"properties":{"id":"10UH013","name":"Lake Geraldine Near Iqaluit","prov":"NU","kind":"lake","level":111.253,"time":"2026-09-09T09:20:00Z","src":"eccc","class":"normal","classBy":"level","p50":111.21}},{"type":"Feature","geometry":{"type":"Point","coordinates":[-119.38143,49.62417]},"properties":{"id":"08NM242","name":"Dennis Creek Near 1780 Metre Contour","prov":"BC","kind":"river","discharge":0.0005,"time":"2026-09-09T09:30:00Z","src":"eccc","class":"very-low","classBy":"discharge","p50":0.004}},{"type":"Feature","geometry":{"type":"Point","coordinates":[-68.48408,63.76947]},"properties":{"id":"10UH016","name":"Apex River 2Km Above Bridge To Nowhere","prov":"NU","kind":"river","level":9.403,"discharge":0.379,"time":"2026-09-09T10:15:00Z","src":"eccc"}},{"type":"Feature","geometry":{"type":"Point","coordinates":[-132.05136,53.0573]},"properties":{"id":"08OB002","name":"Pallant Creek Near Daajing Giids","prov":"BC","kind":"river","level":1.561,"discharge":2.02,"time":"2026-09-09T10:10:00Z","src":"eccc","class":"normal","classBy":"level","p50":1.624}},{"type":"Feature","geometry":{"type":"Point","coordinates":[-68.51178,63.76425]},"properties":{"id":"10UH012","name":"Inflow To Lake Geraldine Near Iqaluit","prov":"NU","kind":"lake","level":9.771,"discharge":0.026,"time":"2026-09-09T09:20:00Z","src":"eccc","class":"normal","classBy":"level","p50":9.77}},{"type":"Feature","geometry":{"type":"Point","coordinates":[-123.74819,56.04997]},"properties":{"id":"07EF002","name":"Williston Lake At Lost Cabin Creek","prov":"BC","kind":"reservoir","level":41.107,"time":"2026-09-09T09:25:00Z","src":"eccc","class":"high","classBy":"level","p50":38.946,"resName":"Williston Lake (W.A.C. Bennett Dam)","resOperator":"BC Hydro","capacityKm3":39.47,"fslM":672.08}},{"type":"Feature","geometry":{"type":"Point","coordinates":[-121.39365,50.35463]},"properties":{"id":"08LF051","name":"Thompson River Near Spences Bridge","prov":"BC","kind":"river","level":1.737,"discharge":435.0,"time":"2026-09-09T09:20:00Z","src":"eccc","class":"low","classBy":"level","p50":1.989}},{"type":"Feature","geometry":{"type":"Point","coordinates":[-125.105,56.73061]},"properties":{"id":"07EA004","name":"Ingenika River Above Swannell River","prov":"BC","kind":"river","level":2.735,"discharge":47.7,"time":"2026-09-09T09:30:00Z","src":"eccc","class":"normal","classBy":"level","p50":2.58}},{"type":"Feature","geometry":{"type":"Point","coordinates":[-116.40682,50.90435]},"properties":{"id":"08NA011","name":"Spillimacheen River Near Spillimacheen","prov":"BC","kind":"river","level":0.742,"discharge":28.8,"time":"2026-09-09T09:30:00Z","src":"eccc","class":"normal","classBy":"level","p50":0.722}},{"type":"Feature","geometry":{"type":"Point","coordinates":[-121.11155,50.24781]},"properties":{"id":"08LG070","name":"Nicola River South Of Shackan","prov":"BC","kind":"river","level":2.901,"discharge":2.08,"time":"2026-09-09T09:25:00Z","src":"eccc"}},{"type":"Feature","geometry":{"type":"Point","coordinates":[-119.41347,49.87793]},"properties":{"id":"08NM116","name":"Mission Creek Near East Kelowna","prov":"BC","kind":"river","level":0.444,"discharge":0.606,"time":"2026-09-09T10:20:00Z","src":"eccc","class":"very-low","classBy":"level","p50":0.579}},{"type":"Feature","geometry":{"type":"Point","coordinates":[-117.69397,51.44881]},"properties":{"id":"08NB020","name":"Nordic Creek At The Outlet Of Nordic Glacier","prov":"BC","kind":"river","level":3.285,"discharge":0.858,"time":"2026-09-09T10:15:00Z","src":"eccc"}},{"type":"Feature","geometry":{"type":"Point","coordinates":[-121.96748,49.09738]},"properties":{"id":"08MH001","name":"Chilliwack River At Vedder Crossing","prov":"BC","kind":"river","level":1.395,"discharge":8.42,"time":"2026-09-09T09:20:00Z","src":"eccc","class":"low","classBy":"level","p50":1.757}},{"type":"Feature","geometry":{"type":"Point","coordinates":[-120.57983,49.09881]},"properties":{"id":"08NL069","name":"Pasayten River Above Calcite Creek","prov":"BC","kind":"river","level":0.862,"discharge":1.29,"time":"2026-09-09T10:20:00Z","src":"eccc"}},{"type":"Feature","geometry":{"type":"Point","coordinates":[-117.9453,49.01465]},"properties":{"id":"08NE039","name":"Big Sheep Creek Near Rossland","prov":"BC","kind":"river","level":0.409,"discharge":0.465,"time":"2026-09-09T09:20:00Z","src":"eccc","class":"normal","classBy":"level","p50":0.394}},{"type":"Feature","geometry":{"type":"Point","coordinates":[-116.96936,51.4825]},"properties":{"id":"08NB012","name":"Blaeberry River Above Willowbank Creek","prov":"BC","kind":"river","level":1.162,"discharge":18.5,"time":"2026-09-09T09:30:00Z","src":"eccc","class":"normal","classBy":"level","p50":1.099}},{"type":"Feature","geometry":{"type":"Point","coordinates":[-115.36584,49.49362]},"properties":{"id":"08NG002","name":"Bull River Near Wardner","prov":"BC","kind":"river","level":1.339,"discharge":16.3,"time":"2026-09-09T10:20:00Z","src":"eccc","class":"high","classBy":"level","p50":1.243}},{"type":"Feature","geometry":{"type":"Point","coordinates":[-119.99352,49.20763]},"properties":{"id":"08NL004","name":"Ashnola River Near Keremeos","prov":"BC","kind":"river","level":1.063,"discharge":1.55,"time":"2026-09-09T10:10:00Z","src":"eccc","class":"normal","classBy":"level","p50":1.08}},{"type":"Feature","geometry":{"type":"Point","coordinates":[-123.71447,48.77308]},"properties":{"id":"08HA011","name":"Cowichan River Near Duncan","prov":"BC","kind":"river","level":0.129,"discharge":6.46,"time":"2026-09-09T09:20:00Z","src":"eccc","class":"very-low","classBy":"level","p50":0.267}},{"type":"Feature","geometry":{"type":"Point","coordinates":[-126.48025,59.55353]},"properties":{"id":"10BE013","name":"Smith River Near The Mouth","prov":"BC","kind":"river","level":1.097,"discharge":31.0,"time":"2026-09-09T10:10:00Z","src":"eccc","class":"normal","classBy":"level","p50":1.138}},{"type":"Feature","geometry":{"type":"Point","coordinates":[-126.57851,50.44036]},"properties":{"id":"08HF004","name":"Tsitika River Below Catherine Creek","prov":"BC","kind":"river","level":1.384,"discharge":2.69,"time":"2026-09-09T09:30:00Z","src":"eccc","class":"normal","classBy":"level","p50":1.355}},{"type":"Feature","geometry":{"type":"Point","coordinates":[-130.82645,58.07225]},"properties":{"id":"08CD001","name":"Tuya River Near Telegraph Creek","prov":"BC","kind":"river","level":0.856,"discharge":26.4,"time":"2026-09-09T09:30:00Z","src":"eccc","class":"normal","classBy":"level","p50":0.961}},{"type":"Feature","geometry":{"type":"Point","coordinates":[-119.61572,49.99692]},"properties":{"id":"08NM165","name":"Lambly Creek Above Terrace Creek","prov":"BC","kind":"river","level":1.324,"discharge":0.02,"time":"2026-09-09T10:15:00Z","src":"eccc","class":"very-low","classBy":"discharge","p50":0.108}},{"type":"Feature","geometry":{"type":"Point","coordinates":[-127.34867,50.67197]},"properties":{"id":"08HF014","name":"Keogh River Near Port Hardy","prov":"BC","kind":"river","level":4.534,"discharge":1.33,"time":"2026-09-09T09:30:00Z","src":"eccc"}},{"type":"Feature","geometry":{"type":"Point","coordinates":[-120.14092,53.30172]},"properties":{"id":"08KA005","name":"Fraser River At Mcbride","prov":"BC","kind":"river","level":4.388,"discharge":193.0,"time":"2026-09-09T09:30:00Z","src":"eccc","class":"normal","classBy":"level","p50":4.401}},{"type":"Feature","geometry":{"type":"Point","coordinates":[-114.86868,49.86562]},"properties":{"id":"08NK016","name":"Elk River Near Natal","prov":"BC","kind":"river","level":0.607,"discharge":18.1,"time":"2026-09-09T09:20:00Z","src":"eccc"}},{"type":"Feature","geometry":{"type":"Point","coordinates":[-131.66899,56.73444]},"properties":{"id":"08CG001","name":"Iskut River Below Johnson River","prov":"BC","kind":"river","level":1.744,"discharge":580.0,"time":"2026-09-09T09:25:00Z","src":"eccc","class":"normal","classBy":"level","p50":1.872}},{"type":"Feature","geometry":{"type":"Point","coordinates":[-119.33597,50.04875]},"properties":{"id":"08NM146","name":"Clark Creek Near Winfield","prov":"BC","kind":"river","level":0.801,"discharge":0.0,"time":"2026-09-09T09:10:00Z","src":"eccc","class":"very-low","classBy":"level","p50":0.816}},{"type":"Feature","geometry":{"type":"Point","coordinates":[-128.73733,53.9491]},"properties":{"id":"08FF006","name":"Renegade Creek Near Kitimat","prov":"BC","kind":"river","level":2.273,"discharge":0.064,"time":"2026-09-09T09:30:00Z","src":"eccc","class":"normal","classBy":"level","p50":2.194}},{"type":"Feature","geometry":{"type":"Point","coordinates":[-119.56665,49.11462]},"properties":{"id":"08NM085","name":"Okanagan River Near Oliver","prov":"BC","kind":"river","level":0.729,"discharge":8.54,"time":"2026-09-09T10:15:00Z","src":"eccc","class":"normal","classBy":"level","p50":0.734}},{"type":"Feature","geometry":{"type":"Point","coordinates":[-122.94202,50.73089]},"properties":{"id":"08ME027","name":"Hurley River Below Lone Goat Creek","prov":"BC","kind":"river","level":6.05,"discharge":11.2,"time":"2026-09-09T09:20:00Z","src":"eccc","class":"normal","classBy":"level","p50":5.988}},{"type":"Feature","geometry":{"type":"Point","coordinates":[-119.30114,50.25792]},"properties":{"id":"08NM160","name":"Vernon Creek Near The Mouth","prov":"BC","kind":"river","level":0.056,"discharge":0.129,"time":"2026-09-09T09:30:00Z","src":"eccc","class":"very-low","classBy":"discharge","p50":0.399}},{"type":"Feature","geometry":{"type":"Point","coordinates":[-120.80994,50.36111]},"properties":{"id":"08LG041","name":"Guichon Creek At Outlet Of Mamit Lake","prov":"BC","kind":"river","level":2.229,"discharge":0.054,"time":"2026-09-09T09:30:00Z","src":"eccc","class":"very-low","classBy":"level","p50":2.382}},{"type":"Feature","geometry":{"type":"Point","coordinates":[-125.08572,49.73658]},"properties":{"id":"08HB075","name":"Dove Creek Near The Mouth","prov":"BC","kind":"river","level":1.118,"discharge":0.088,"time":"2026-09-09T09:20:00Z","src":"eccc","class":"normal","classBy":"level","p50":1.082}},{"type":"Feature","geometry":{"type":"Point","coordinates":[-123.55092,65.12842]},"properties":{"id":"10JC003","name":"Great Bear River At Outlet Of Great Bear Lake","prov":"NT","kind":"river","level":1.805,"discharge":519.0,"time":"2026-09-09T09:20:00Z","src":"eccc","class":"very-low","classBy":"level","p50":2.135}},{"type":"Feature","geometry":{"type":"Point","coordinates":[-113.9735,62.58364]},"properties":{"id":"07SB017","name":"Prelude Lake Near Yellowknife","prov":"NT","kind":"lake","level":169.111,"time":"2026-09-09T09:30:00Z","src":"eccc","class":"normal","classBy":"level","p50":169.174}},{"type":"Feature","geometry":{"type":"Point","coordinates":[-125.41075,61.52997]},"properties":{"id":"10EA003","name":"Flat River Near The Mouth","prov":"NT","kind":"river","level":1.449,"discharge":87.9,"time":"2026-09-09T09:30:00Z","src":"eccc","class":"normal","classBy":"level","p50":1.514}},{"type":"Feature","geometry":{"type":"Point","coordinates":[-114.26286,62.6795]},"properties":{"id":"07SB015","name":"Bluefish Lake Near Yellowknife","prov":"NT","kind":"lake","level":185.794,"time":"2026-09-09T09:30:00Z","src":"eccc","class":"normal","classBy":"level","p50":185.927}},{"type":"Feature","geometry":{"type":"Point","coordinates":[-122.09425,61.33358]},"properties":{"id":"10ED003","name":"Birch River At Highway No. 7","prov":"NT","kind":"river","level":0.556,"discharge":0.097,"time":"2026-09-09T07:30:00Z","src":"eccc","class":"low","classBy":"level","p50":0.722}},{"type":"Feature","geometry":{"type":"Point","coordinates":[-123.43306,62.47972]},"properties":{"id":"10GA001","name":"Root River Near The Mouth","prov":"NT","kind":"river","level":3.262,"discharge":106.0,"time":"2026-09-09T09:30:00Z","src":"eccc","class":"normal","classBy":"level","p50":3.23}},{"type":"Feature","geometry":{"type":"Point","coordinates":[-117.54472,61.26083]},"properties":{"id":"10FB001","name":"Mackenzie River Near Fort Providence","prov":"NT","kind":"river","level":150.965,"time":"2026-09-09T09:30:00Z","src":"eccc","class":"normal","classBy":"level","p50":151.198}},{"type":"Feature","geometry":{"type":"Point","coordinates":[-125.29656,63.9235]},"properties":{"id":"10HB005","name":"Redstone River 63 Km Above The Mouth","prov":"NT","kind":"river","level":2.904,"discharge":320.0,"time":"2026-09-09T09:20:00Z","src":"eccc","class":"high","classBy":"level","p50":2.677}},{"type":"Feature","geometry":{"type":"Point","coordinates":[-126.12158,65.05756]},"properties":{"id":"10KA006","name":"Jungle Ridge Creek Near The Mouth","prov":"NT","kind":"river","level":7.889,"discharge":0.249,"time":"2026-09-09T09:25:00Z","src":"eccc","class":"normal","classBy":"level","p50":8.03}},{"type":"Feature","geometry":{"type":"Point","coordinates":[-125.79703,61.63611]},"properties":{"id":"10EB001","name":"South Nahanni River Above Virginia Falls","prov":"NT","kind":"river","level":2.607,"discharge":269.0,"time":"2026-09-09T09:30:00Z","src":"eccc","class":"high","classBy":"level","p50":2.443}},{"type":"Feature","geometry":{"type":"Point","coordinates":[-133.49311,68.73619]},"properties":{"id":"10ND002","name":"Trail Valley Creek Near Inuvik","prov":"NT","kind":"river","level":29.527,"discharge":0.365,"time":"2026-09-09T09:25:00Z","src":"eccc","class":"normal","classBy":"level","p50":29.426}},{"type":"Feature","geometry":{"type":"Point","coordinates":[-110.17942,62.94059]},"properties":{"id":"07SC007","name":"Great Slave Lake At Outlet Of Barnston River","prov":"NT","kind":"lake","level":97.275,"time":"2026-09-09T09:30:00Z","src":"eccc"}},{"type":"Feature","geometry":{"type":"Point","coordinates":[-134.13253,67.79394]},"properties":{"id":"10LC015","name":"Mackenzie River At Confluence East Channel","prov":"NT","kind":"river","level":3.071,"time":"2026-09-09T09:25:00Z","src":"eccc","class":"normal","classBy":"level","p50":3.277}},{"type":"Feature","geometry":{"type":"Point","coordinates":[-123.40272,61.04153]},"properties":{"id":"10EC004","name":"South Nahanni River Near Liard River Confluence","prov":"NT","kind":"river","level":92.277,"time":"2026-09-09T09:30:00Z","src":"eccc"}},{"type":"Feature","geometry":{"type":"Point","coordinates":[-121.23819,61.44553]},"properties":{"id":"10FB005","name":"Jean-Marie River At Highway No. 1","prov":"NT","kind":"river","level":1.67,"discharge":0.248,"time":"2026-09-09T09:30:00Z","src":"eccc","class":"low","classBy":"level","p50":1.895}},{"type":"Feature","geometry":{"type":"Point","coordinates":[-109.66111,61.73361]},"properties":{"id":"07QD002","name":"Nonacho Lake Near Lutselk'E (Snowdrift)","prov":"NT","kind":"lake","level":6.292,"time":"2026-09-09T09:25:00Z","src":"eccc","class":"normal","classBy":"level","p50":6.271}},{"type":"Feature","geometry":{"type":"Point","coordinates":[-121.45628,61.41631]},"properties":{"id":"10ED009","name":"Scotty Creek At Highway No. 7","prov":"NT","kind":"river","level":2.902,"discharge":0.003,"time":"2026-09-09T09:30:00Z","src":"eccc","class":"low","classBy":"level","p50":3.015}},{"type":"Feature","geometry":{"type":"Point","coordinates":[-108.46603,62.89414]},"properties":{"id":"07RD001","name":"Lockhart River At Outlet Of Artillery Lake","prov":"NT","kind":"river","level":1.953,"discharge":142.0,"time":"2026-09-09T09:25:00Z","src":"eccc","class":"normal","classBy":"level","p50":1.878}},{"type":"Feature","geometry":{"type":"Point","coordinates":[-134.68983,69.00961]},"properties":{"id":"10LC012","name":"Mackenzie River (Middle Channel) At Tununuk Point","prov":"NT","kind":"river","level":10.176,"time":"2026-09-09T09:30:00Z","src":"eccc","class":"normal","classBy":"level","p50":10.147}},{"type":"Feature","geometry":{"type":"Point","coordinates":[-119.84306,61.13981]},"properties":{"id":"10FA002","name":"Trout River At Highway No. 1","prov":"NT","kind":"river","level":1.237,"discharge":10.5,"time":"2026-09-09T09:30:00Z","src":"eccc","class":"low","classBy":"level","p50":1.475}},{"type":"Feature","geometry":{"type":"Point","coordinates":[-131.93069,67.78358]},"properties":{"id":"10LB005","name":"Travaillant River Above Travaillant Lake","prov":"NT","kind":"river","level":7.715,"discharge":4.14,"time":"2026-09-09T09:30:00Z","src":"eccc","class":"normal","classBy":"level","p50":7.798}},{"type":"Feature","geometry":{"type":"Point","coordinates":[-117.75806,65.59833]},"properties":{"id":"10JA002","name":"Camsell River At Outlet Of Clut Lake","prov":"NT","kind":"river","level":2.838,"discharge":79.5,"time":"2026-09-09T09:30:00Z","src":"eccc","class":"low","classBy":"level","p50":3.178}},{"type":"Feature","geometry":{"type":"Point","coordinates":[-115.02175,64.38775]},"properties":{"id":"07SA004","name":"Indin River Above Chalco Lake","prov":"NT","kind":"river","level":1.488,"discharge":2.54,"time":"2026-09-09T09:30:00Z","src":"eccc","class":"low","classBy":"level","p50":1.667}},{"type":"Feature","geometry":{"type":"Point","coordinates":[-135.01553,69.42313]},"properties":{"id":"10LC021","name":"Mackenzie River At Kuluarpak Channel","prov":"NT","kind":"river","level":9.099,"time":"2026-09-09T10:20:00Z","src":"eccc","class":"high","classBy":"level","p50":8.782}},{"type":"Feature","geometry":{"type":"Point","coordinates":[-122.89925,62.65006]},"properties":{"id":"10GB006","name":"Willowlake River Above Metahdali Creek","prov":"NT","kind":"river","level":3.627,"discharge":7.43,"time":"2026-09-09T09:30:00Z","src":"eccc","class":"very-low","classBy":"level","p50":4.505}},{"type":"Feature","geometry":{"type":"Point","coordinates":[-114.03336,62.80781]},"properties":{"id":"07SB012","name":"Duncan Lake Near Yellowknife","prov":"NT","kind":"lake","level":-99999.0,"time":"2026-09-09T09:30:00Z","src":"eccc","class":"very-low","classBy":"level","p50":212.327}},{"type":"Feature","geometry":{"type":"Point","coordinates":[-122.89544,61.06031]},"properties":{"id":"10ED007","name":"Blackstone River At Highway No. 7","prov":"NT","kind":"river","level":3.331,"discharge":0.541,"time":"2026-09-09T09:30:00Z","src":"eccc","class":"very-low","classBy":"level","p50":3.543}},{"type":"Feature","geometry":{"type":"Point","coordinates":[-126.51817,65.23192]},"properties":{"id":"10KA009","name":"Canyon Creek At Pipeline Crossing","prov":"NT","kind":"river","level":6.625,"discharge":0.289,"time":"2026-09-09T09:25:00Z","src":"eccc","class":"normal","classBy":"level","p50":6.586}},{"type":"Feature","geometry":{"type":"Point","coordinates":[-117.42167,60.94028]},"properties":{"id":"07UC001","name":"Kakisa River At Outlet Of Kakisa Lake","prov":"NT","kind":"river","level":2.583,"discharge":44.0,"time":"2026-09-09T09:30:00Z","src":"eccc","class":"normal","classBy":"level","p50":2.577}},{"type":"Feature","geometry":{"type":"Point","coordinates":[-114.34981,62.44156]},"properties":{"id":"07SB001","name":"Great Slave Lake At Yellowknife Bay","prov":"NT","kind":"lake","level":156.694,"time":"2026-09-09T09:25:00Z","src":"eccc","class":"normal","classBy":"level","p50":156.67}},{"type":"Feature","geometry":{"type":"Point","coordinates":[-126.87742,65.32381]},"properties":{"id":"10KA007","name":"Bosworth Creek Near Norman Wells","prov":"NT","kind":"river","level":8.878,"discharge":0.717,"time":"2026-09-09T09:25:00Z","src":"eccc","class":"normal","classBy":"level","p50":8.858}},{"type":"Feature","geometry":{"type":"Point","coordinates":[-79.44461,47.32931]},"properties":{"id":"02JE026","name":"Temiscamingue (Lac) A Ville-Marie","prov":"QC","kind":"lake","level":5.445,"time":"2026-09-09T09:25:00Z","src":"eccc","class":"normal","classBy":"level","p50":5.34}},{"type":"Feature","geometry":{"type":"Point","coordinates":[-135.90006,63.60569]},"properties":{"id":"09DC007","name":"Mayo River At Highway No. 11","prov":"YT","kind":"river","level":6.743,"time":"2026-09-09T09:20:00Z","src":"eccc"}},{"type":"Feature","geometry":{"type":"Point","coordinates":[-136.28028,62.05117]},"properties":{"id":"09AH004","name":"Nordenskiold River Below Rowlinson Creek","prov":"YT","kind":"river","level":2.895,"discharge":14.6,"time":"2026-09-09T09:20:00Z","src":"eccc","class":"low","classBy":"level","p50":3.023}},{"type":"Feature","geometry":{"type":"Point","coordinates":[-128.90686,60.05089]},"properties":{"id":"10AA001","name":"Liard River At Upper Crossing","prov":"YT","kind":"river","level":2.487,"discharge":354.0,"time":"2026-09-09T09:15:00Z","src":"eccc","class":"normal","classBy":"level","p50":2.6}},{"type":"Feature","geometry":{"type":"Point","coordinates":[-137.00967,62.56783]},"properties":{"id":"09AH003","name":"Big Creek Near The Mouth","prov":"YT","kind":"river","level":6.217,"discharge":7.55,"time":"2026-09-09T09:20:00Z","src":"eccc","class":"normal","classBy":"level","p50":6.251}},{"type":"Feature","geometry":{"type":"Point","coordinates":[-139.25444,63.28222]},"properties":{"id":"09DD003","name":"Stewart River At The Mouth","prov":"YT","kind":"river","level":26.714,"discharge":599.0,"time":"2026-09-09T09:20:00Z","src":"eccc","class":"normal","classBy":"level","p50":26.82}},{"type":"Feature","geometry":{"type":"Point","coordinates":[-139.04261,62.20497]},"properties":{"id":"09CA006","name":"Nisling River Below Onion Creek","prov":"YT","kind":"river","level":14.074,"discharge":43.3,"time":"2026-09-09T09:20:00Z","src":"eccc","class":"low","classBy":"level","p50":14.236}},{"type":"Feature","geometry":{"type":"Point","coordinates":[-136.99158,61.18522]},"properties":{"id":"08AA010","name":"Aishihik River Below Aishihik Lake","prov":"YT","kind":"river","level":3.069,"discharge":3.44,"time":"2026-09-09T09:25:00Z","src":"eccc","class":"low","classBy":"level","p50":3.139}},{"type":"Feature","geometry":{"type":"Point","coordinates":[-136.27222,62.09444]},"properties":{"id":"09AH001","name":"Yukon River At Carmacks","prov":"YT","kind":"river","level":3.565,"discharge":1110.0,"time":"2026-09-09T09:20:00Z","src":"eccc","class":"normal","classBy":"level","p50":3.571}},{"type":"Feature","geometry":{"type":"Point","coordinates":[-140.55867,61.98817]},"properties":{"id":"09CB001","name":"White River At Kilometre 1881.6 Alaska Highway","prov":"YT","kind":"river","level":21.476,"discharge":189.0,"time":"2026-09-09T09:20:00Z","src":"eccc","class":"low","classBy":"level","p50":22.099}},{"type":"Feature","geometry":{"type":"Point","coordinates":[-138.50586,61.0545]},"properties":{"id":"09CA001","name":"Kluane Lake Near Burwash Landing","prov":"YT","kind":"lake","level":2.006,"time":"2026-09-09T09:20:00Z","src":"eccc","class":"low","classBy":"level","p50":3.259}},{"type":"Feature","geometry":{"type":"Point","coordinates":[-137.27375,63.61003]},"properties":{"id":"09DD004","name":"Mcquesten River Near The Mouth","prov":"YT","kind":"river","level":3.781,"discharge":38.9,"time":"2026-09-09T09:20:00Z","src":"eccc","class":"low","classBy":"level","p50":3.939}},{"type":"Feature","geometry":{"type":"Point","coordinates":[-139.49694,63.0825]},"properties":{"id":"09CD001","name":"Yukon River Above White River","prov":"YT","kind":"river","level":9.059,"discharge":1590.0,"time":"2026-09-09T09:15:00Z","src":"eccc","class":"normal","classBy":"level","p50":9.164}},{"type":"Feature","geometry":{"type":"Point","coordinates":[-134.8363,61.87261]},"properties":{"id":"09AG001","name":"Big Salmon River Near Carmacks","prov":"YT","kind":"river","level":1.103,"discharge":85.3,"time":"2026-09-09T09:15:00Z","src":"eccc"}},{"type":"Feature","geometry":{"type":"Point","coordinates":[-136.98219,61.195]},"properties":{"id":"08AA009","name":"Giltana Creek Near The Mouth","prov":"YT","kind":"river","level":0.705,"discharge":0.656,"time":"2026-09-09T09:25:00Z","src":"eccc","class":"normal","classBy":"level","p50":0.683}},{"type":"Feature","geometry":{"type":"Point","coordinates":[-129.54944,60.20806]},"properties":{"id":"10AA004","name":"Rancheria River Near The Mouth","prov":"YT","kind":"river","level":8.405,"discharge":43.3,"time":"2026-09-09T09:20:00Z","src":"eccc","class":"low","classBy":"level","p50":8.518}},{"type":"Feature","geometry":{"type":"Point","coordinates":[-137.5905,61.536]},"properties":{"id":"08AA007","name":"Sekulmun Lake Near Whitehorse","prov":"YT","kind":"lake","level":2.458,"time":"2026-09-09T09:20:00Z","src":"eccc","class":"normal","classBy":"level","p50":2.426}},{"type":"Feature","geometry":{"type":"Point","coordinates":[-129.70397,60.15803]},"properties":{"id":"10AA005","name":"Big Creek At Km 1084.8 Alaska Highway","prov":"YT","kind":"river","level":3.463,"discharge":6.05,"time":"2026-09-09T09:20:00Z","src":"eccc","class":"low","classBy":"level","p50":3.552}},{"type":"Feature","geometry":{"type":"Point","coordinates":[-136.99961,61.19744]},"properties":{"id":"08AA005","name":"Aishihik Lake Near Whitehorse","prov":"YT","kind":"lake","level":3.281,"time":"2026-09-09T09:20:00Z","src":"eccc","class":"normal","classBy":"level","p50":3.256}},{"type":"Feature","geometry":{"type":"Point","coordinates":[-137.78361,67.44028]},"properties":{"id":"09FB001","name":"Porcupine River Below Bell River","prov":"YT","kind":"river","level":26.144,"time":"2026-09-09T09:30:00Z","src":"eccc"}},{"type":"Feature","geometry":{"type":"Point","coordinates":[-129.11889,60.47389]},"properties":{"id":"10AB001","name":"Frances River Near Watson Lake","prov":"YT","kind":"river","level":1.728,"discharge":181.0,"time":"2026-09-09T09:20:00Z","src":"eccc","class":"normal","classBy":"level","p50":1.686}},{"type":"Feature","geometry":{"type":"Point","coordinates":[-137.16553,61.05028]},"properties":{"id":"08AA011","name":"West Aishihik River Near The Mouth","prov":"YT","kind":"river","level":6.971,"discharge":5.18,"time":"2026-09-09T09:15:00Z","src":"eccc","class":"normal","classBy":"level","p50":6.937}},{"type":"Feature","geometry":{"type":"Point","coordinates":[-132.40717,61.98878]},"properties":{"id":"09BA001","name":"Ross River At Ross River","prov":"YT","kind":"river","level":9.704,"discharge":58.0,"time":"2026-09-09T09:20:00Z","src":"eccc","class":"low","classBy":"level","p50":9.838}},{"type":"Feature","geometry":{"type":"Point","coordinates":[-139.56745,69.32661]},"properties":{"id":"10MD001","name":"Firth River Near The Mouth","prov":"YT","kind":"river","level":4.01,"discharge":76.5,"time":"2026-09-09T09:30:00Z","src":"eccc","class":"high","classBy":"level","p50":3.627}},{"type":"Feature","geometry":{"type":"Point","coordinates":[-136.03789,65.89261]},"properties":{"id":"10MA001","name":"Peel River Above Canyon Creek","prov":"YT","kind":"river","level":1.696,"discharge":426.0,"time":"2026-09-09T09:30:00Z","src":"eccc","class":"normal","classBy":"level","p50":1.621}},{"type":"Feature","geometry":{"type":"Point","coordinates":[-138.59628,64.00197]},"properties":{"id":"09EA004","name":"North Klondike River Near The Mouth","prov":"YT","kind":"river","level":1.888,"discharge":15.1,"time":"2026-09-09T09:20:00Z","src":"eccc","class":"low","classBy":"level","p50":2.005}},{"type":"Feature","geometry":{"type":"Point","coordinates":[-137.53739,61.56044]},"properties":{"id":"08AA008","name":"Sekulmun River At Outlet Of Sekulmun Lake","prov":"YT","kind":"river","discharge":9.39,"time":"2026-09-09T09:20:00Z","src":"eccc","class":"normal","classBy":"discharge","p50":8.895}},{"type":"Feature","geometry":{"type":"Point","coordinates":[-140.15992,63.68939]},"properties":{"id":"09EB004","name":"Sixty Mile River Near The Mouth","prov":"YT","kind":"river","level":5.988,"discharge":11.1,"time":"2026-09-09T09:20:00Z","src":"eccc","class":"very-low","classBy":"level","p50":6.133}},{"type":"Feature","geometry":{"type":"Point","coordinates":[-133.06553,60.78867]},"properties":{"id":"09AD002","name":"Sidney Creek At Kilometre 46 South Canol Road","prov":"YT","kind":"river","level":27.341,"discharge":5.08,"time":"2026-09-09T09:15:00Z","src":"eccc"}},{"type":"Feature","geometry":{"type":"Point","coordinates":[-133.68,64.74847]},"properties":{"id":"10MB004","name":"Bonnet Plume River Above Gillespie Creek","prov":"YT","kind":"river","level":6.394,"discharge":79.7,"time":"2026-09-09T09:20:00Z","src":"eccc"}},{"type":"Feature","geometry":{"type":"Point","coordinates":[-109.08883,49.49178]},"properties":{"id":"11AC017","name":"Frenchman River At Ravenscrag","prov":"SK","kind":"river","level":948.957,"discharge":0.147,"time":"2026-09-09T09:25:00Z","src":"eccc","class":"normal","classBy":"level","p50":948.962}},{"type":"Feature","geometry":{"type":"Point","coordinates":[-101.83703,50.15219]},"properties":{"id":"05NE003","name":"Pipestone Creek Above Moosomin Lake","prov":"SK","kind":"river","level":100.114,"discharge":0.069,"time":"2026-09-09T09:30:00Z","src":"eccc","class":"high","classBy":"level","p50":99.97}},{"type":"Feature","geometry":{"type":"Point","coordinates":[-107.88528,49.37208]},"properties":{"id":"11AC066","name":"Huff Lake Pumping Canal","prov":"SK","kind":"lake","level":824.881,"discharge":158000.0,"time":"2026-09-09T09:30:00Z","src":"eccc","class":"very-high","classBy":"discharge","p50":0.0}},{"type":"Feature","geometry":{"type":"Point","coordinates":[-109.53639,49.35944]},"properties":{"id":"11AB058","name":"Richardson Ditch Near Consul","prov":"SK","kind":"river","level":0.678,"discharge":0.0,"time":"2026-09-09T09:30:00Z","src":"eccc","class":"high","classBy":"level","p50":0.445}},{"type":"Feature","geometry":{"type":"Point","coordinates":[-103.03044,49.89253]},"properties":{"id":"05NC002","name":"Moose Mountain Lake (Reservoir) Near Corning","prov":"SK","kind":"lake","level":620.264,"time":"2026-09-09T09:20:00Z","src":"eccc","class":"high","classBy":"level","p50":620.113}},{"type":"Feature","geometry":{"type":"Point","coordinates":[-109.42297,49.00242]},"properties":{"id":"11AB027","name":"Battle Creek At International Boundary","prov":"SK","kind":"river","level":0.929,"discharge":0.003,"time":"2026-09-09T09:30:00Z","src":"eccc","class":"low","classBy":"level","p50":1.13}},{"type":"Feature","geometry":{"type":"Point","coordinates":[-109.49422,49.33389]},"properties":{"id":"11AB044","name":"Mckinnon Ditch Near Consul","prov":"SK","kind":"river","level":0.525,"discharge":0.0,"time":"2026-09-09T09:30:00Z","src":"eccc","class":"normal","classBy":"discharge","p50":0.0}},{"type":"Feature","geometry":{"type":"Point","coordinates":[-104.25039,52.01367]},"properties":{"id":"05MA020","name":"Quill Creek Near Quill Lake","prov":"SK","kind":"river","level":3.068,"discharge":0.125,"time":"2026-09-09T09:20:00Z","src":"eccc","class":"high","classBy":"level","p50":2.446}},{"type":"Feature","geometry":{"type":"Point","coordinates":[-104.78925,52.40553]},"properties":{"id":"05MA025","name":"Ranch Creek Above Ranch Lake","prov":"SK","kind":"river","level":0.942,"discharge":0.003,"time":"2026-09-09T09:25:00Z","src":"eccc","class":"very-high","classBy":"level","p50":0.356}},{"type":"Feature","geometry":{"type":"Point","coordinates":[-107.74406,54.93069]},"properties":{"id":"06AG002","name":"Dore River Near The Mouth","prov":"SK","kind":"river","level":1.349,"discharge":2.24,"time":"2026-09-09T09:30:00Z","src":"eccc","class":"low","classBy":"level","p50":1.452}},{"type":"Feature","geometry":{"type":"Point","coordinates":[-109.91725,49.15392]},"properties":{"id":"11AB060","name":"Spangler Ditch Near Govenlock","prov":"SK","kind":"river","level":0.27,"discharge":0.0,"time":"2026-09-09T09:30:00Z","src":"eccc","class":"normal","classBy":"discharge","p50":0.0}},{"type":"Feature","geometry":{"type":"Point","coordinates":[-103.08311,49.14339]},"properties":{"id":"05NB036","name":"Souris River Below Rafferty Reservoir","prov":"SK","kind":"river","level":2.065,"discharge":1.2,"time":"2026-09-09T09:30:00Z","src":"eccc","class":"high","classBy":"level","p50":1.374}},{"type":"Feature","geometry":{"type":"Point","coordinates":[-104.18536,57.58417]},"properties":{"id":"06DA004","name":"Geikie River Below Wheeler River","prov":"SK","kind":"river","level":1.335,"discharge":37.5,"time":"2026-09-09T09:30:00Z","src":"eccc","class":"normal","classBy":"level","p50":1.289}},{"type":"Feature","geometry":{"type":"Point","coordinates":[-104.60644,58.38797]},"properties":{"id":"07LB002","name":"Waterfound River Below Theriau Lake","prov":"SK","kind":"river","level":2.258,"discharge":23.1,"time":"2026-09-09T09:30:00Z","src":"eccc","class":"normal","classBy":"level","p50":2.24}},{"type":"Feature","geometry":{"type":"Point","coordinates":[-103.09461,49.14558]},"properties":{"id":"05NB032","name":"Rafferty Reservoir Near Estevan","prov":"SK","kind":"reservoir","level":550.098,"time":"2026-09-09T09:30:00Z","src":"eccc","class":"high","classBy":"level","p50":549.136,"resName":"Rafferty Reservoir","resOperator":"Saskatchewan Water Security Agency","capacityKm3":0.44}},{"type":"Feature","geometry":{"type":"Point","coordinates":[-105.27239,55.10331]},"properties":{"id":"06CB001","name":"Lac La Ronge At La Ronge","prov":"SK","kind":"lake","level":364.257,"time":"2026-09-09T09:25:00Z","src":"eccc","class":"high","classBy":"level","p50":364.105}},{"type":"Feature","geometry":{"type":"Point","coordinates":[-107.80697,49.3033]},"properties":{"id":"11AC056","name":"Newton Lake","prov":"SK","kind":"lake","level":802.761,"time":"2026-09-09T09:15:00Z","src":"eccc","class":"high","classBy":"level","p50":801.722}},{"type":"Feature","geometry":{"type":"Point","coordinates":[-104.13917,67.70833]},"properties":{"id":"10QD001","name":"Kuunajuk River Near The Mouth","prov":"NU","kind":"river","level":3.746,"discharge":57.2,"time":"2026-09-09T09:20:00Z","src":"eccc","class":"normal","classBy":"level","p50":4.008}},{"type":"Feature","geometry":{"type":"Point","coordinates":[-95.88128,65.46583]},"properties":{"id":"10RC002","name":"Meadowbank River Above Nanau Lake","prov":"NU","kind":"river","level":8.483,"discharge":23.4,"time":"2026-09-09T10:15:00Z","src":"eccc","class":"normal","classBy":"level","p50":8.442}},{"type":"Feature","geometry":{"type":"Point","coordinates":[-96.51081,66.08614]},"properties":{"id":"10RC001","name":"Back River Above Hermann River","prov":"NU","kind":"river","level":2.586,"discharge":458.0,"time":"2026-09-09T10:15:00Z","src":"eccc","class":"normal","classBy":"level","p50":2.912}},{"type":"Feature","geometry":{"type":"Point","coordinates":[-104.99056,69.13111]},"properties":{"id":"10TF001","name":"Freshwater Creek Near Cambridge Bay","prov":"NU","kind":"river","level":3.03,"discharge":1.43,"time":"2026-09-09T09:30:00Z","src":"eccc","class":"very-low","classBy":"level","p50":3.214}},{"type":"Feature","geometry":{"type":"Point","coordinates":[-108.81317,66.72625]},"properties":{"id":"10QC001","name":"Burnside River Near The Mouth","prov":"NU","kind":"river","level":4.602,"discharge":337.0,"time":"2026-09-09T10:20:00Z","src":"eccc","class":"very-high","classBy":"level","p50":4.067}},{"type":"Feature","geometry":{"type":"Point","coordinates":[-113.99139,66.25361]},"properties":{"id":"10PC005","name":"Fairy Lake River Near Outlet Of Napaktulik Lake","prov":"NU","kind":"lake","level":7.875,"discharge":34.1,"time":"2026-09-09T09:30:00Z","src":"eccc","class":"low","classBy":"level","p50":8.058}},{"type":"Feature","geometry":{"type":"Point","coordinates":[-111.21798,65.77877]},"properties":{"id":"10QC003","name":"Contwoyto Lake At Lupin Mine","prov":"NU","kind":"lake","level":443.36,"time":"2026-09-09T09:30:00Z","src":"eccc","class":"normal","classBy":"level","p50":443.38}},{"type":"Feature","geometry":{"type":"Point","coordinates":[-104.49983,52.05683]},"properties":{"id":"05MA012","name":"Ironspring Creek Near Watson","prov":"SK","kind":"river","level":1.196,"discharge":0.492,"time":"2026-09-09T09:30:00Z","src":"eccc","class":"very-high","classBy":"level","p50":0.671}},{"type":"Feature","geometry":{"type":"Point","coordinates":[-106.56336,56.24522]},"properties":{"id":"06BD001","name":"Haultain River Above Norbert River","prov":"SK","kind":"river","level":1.053,"discharge":17.6,"time":"2026-09-09T09:30:00Z","src":"eccc","class":"normal","classBy":"level","p50":0.938}},{"type":"Feature","geometry":{"type":"Point","coordinates":[-103.7095,57.08933]},"properties":{"id":"06DC001","name":"Wathaman River Below Wathaman Lake","prov":"SK","kind":"river","level":1.517,"discharge":68.1,"time":"2026-09-09T09:30:00Z","src":"eccc","class":"normal","classBy":"level","p50":1.292}},{"type":"Feature","geometry":{"type":"Point","coordinates":[-83.02539,46.20136]},"properties":{"id":"02CC008","name":"Mississagi River At Mississagi Chute","prov":"ON","kind":"river","level":9.861,"discharge":51.2,"time":"2026-09-09T09:25:00Z","src":"eccc","class":"normal","classBy":"level","p50":9.817}},{"type":"Feature","geometry":{"type":"Point","coordinates":[-90.18669,52.58058]},"properties":{"id":"04DA001","name":"Pipestone River At Karl Lake","prov":"ON","kind":"river","level":12.427,"discharge":13.2,"time":"2026-09-09T09:25:00Z","src":"eccc","class":"very-low","classBy":"level","p50":12.821}},{"type":"Feature","geometry":{"type":"Point","coordinates":[-132.70958,60.15803]},"properties":{"id":"09AE002","name":"Teslin Lake At Teslin","prov":"YT","kind":"lake","level":4.578,"time":"2026-09-09T09:20:00Z","src":"eccc","class":"normal","classBy":"level","p50":4.595}},{"type":"Feature","geometry":{"type":"Point","coordinates":[-135.898,63.59089]},"properties":{"id":"09DC006","name":"Stewart River Near Mayo","prov":"YT","kind":"river","level":4.407,"time":"2026-09-09T09:30:00Z","src":"eccc","class":"normal","classBy":"level","p50":4.421}},{"type":"Feature","geometry":{"type":"Point","coordinates":[-79.30879,45.70377]},"properties":{"id":"02EA010","name":"North Magnetawan River Above Pickerel Lake","prov":"ON","kind":"river","level":1.399,"discharge":0.908,"time":"2026-09-09T09:25:00Z","src":"eccc","class":"normal","classBy":"level","p50":1.368}},{"type":"Feature","geometry":{"type":"Point","coordinates":[-87.69019,48.926]},"properties":{"id":"02AE001","name":"Gravel River Near Cavers","prov":"ON","kind":"river","level":3.099,"discharge":0.958,"time":"2026-09-09T09:20:00Z","src":"eccc","class":"normal","classBy":"level","p50":3.206}},{"type":"Feature","geometry":{"type":"Point","coordinates":[-76.41083,44.94781]},"properties":{"id":"02KF018","name":"Fall River At Outlet Of Bennett Lake","prov":"ON","kind":"river","level":1.092,"discharge":2.68,"time":"2026-09-09T09:30:00Z","src":"eccc","class":"high","classBy":"level","p50":0.952}},{"type":"Feature","geometry":{"type":"Point","coordinates":[-93.99134,52.67395]},"properties":{"id":"04CA004","name":"Severn River At Outlet Of Deer Lake","prov":"ON","kind":"river","level":28.516,"time":"2026-09-09T09:25:00Z","src":"eccc","class":"normal","classBy":"level","p50":28.584}},{"type":"Feature","geometry":{"type":"Point","coordinates":[-93.46431,50.83014]},"properties":{"id":"05QC004","name":"Pakwash Lake Below Snake Falls","prov":"ON","kind":"lake","level":346.24,"time":"2026-09-09T09:25:00Z","src":"eccc","class":"normal","classBy":"level","p50":346.244}},{"type":"Feature","geometry":{"type":"Point","coordinates":[-82.62914,42.2115]},"properties":{"id":"02GH002","name":"Ruscom River Near Ruscom Station","prov":"ON","kind":"river","level":3.792,"discharge":0.105,"time":"2026-09-09T09:30:00Z","src":"eccc","class":"normal","classBy":"level","p50":3.756}},{"type":"Feature","geometry":{"type":"Point","coordinates":[-78.447,44.15028]},"properties":{"id":"02HJ007","name":"Baxter Creek At Millbrook","prov":"ON","kind":"river","level":2.411,"discharge":0.369,"time":"2026-09-09T10:20:00Z","src":"eccc","class":"normal","classBy":"level","p50":2.421}},{"type":"Feature","geometry":{"type":"Point","coordinates":[-93.25983,50.50781]},"properties":{"id":"05QE008","name":"Cedar River Below Wabaskang Lake","prov":"ON","kind":"river","level":28.369,"discharge":6.8,"time":"2026-09-09T09:25:00Z","src":"eccc","class":"normal","classBy":"level","p50":28.656}},{"type":"Feature","geometry":{"type":"Point","coordinates":[-81.58953,43.55125]},"properties":{"id":"02FF007","name":"Bayfield River Near Varna","prov":"ON","kind":"river","level":0.88,"discharge":1.35,"time":"2026-09-09T09:25:00Z","src":"eccc","class":"high","classBy":"level","p50":0.715}},{"type":"Feature","geometry":{"type":"Point","coordinates":[-93.32068,48.64912]},"properties":{"id":"05PB007","name":"Rainy Lake Near Fort Frances","prov":"ON","kind":"lake","level":337.483,"time":"2026-09-09T09:30:00Z","src":"eccc","class":"normal","classBy":"level","p50":337.576}},{"type":"Feature","geometry":{"type":"Point","coordinates":[-79.97756,43.63464]},"properties":{"id":"02HB035","name":"Black Creek At Limehouse","prov":"ON","kind":"river","level":8.134,"time":"2026-09-09T09:25:00Z","src":"eccc"}},{"type":"Feature","geometry":{"type":"Point","coordinates":[-91.91289,50.09214]},"properties":{"id":"05QA006","name":"Pelican Lake At Sioux Lookout","prov":"ON","kind":"lake","level":356.85,"time":"2026-09-09T09:30:00Z","src":"eccc","class":"normal","classBy":"level","p50":356.999}},{"type":"Feature","geometry":{"type":"Point","coordinates":[-78.91417,42.93028]},"properties":{"id":"02HA013","name":"Niagara River At Fort Erie","prov":"ON","kind":"river","level":172.443,"time":"2026-09-09T10:15:00Z","src":"eccc","class":"normal","classBy":"level","p50":172.503}},{"type":"Feature","geometry":{"type":"Point","coordinates":[-84.46518,46.51589]},"properties":{"id":"02BF004","name":"Big Carp River Near Sault Ste. Marie","prov":"ON","kind":"river","level":2.412,"discharge":0.549,"time":"2026-09-09T09:20:00Z","src":"eccc","class":"high","classBy":"level","p50":2.259}},{"type":"Feature","geometry":{"type":"Point","coordinates":[-79.30989,46.17842]},"properties":{"id":"02DD024","name":"Wasi River Near Astorville","prov":"ON","kind":"river","level":7.959,"discharge":0.341,"time":"2026-09-09T09:20:00Z","src":"eccc","class":"low","classBy":"level","p50":8.105}},{"type":"Feature","geometry":{"type":"Point","coordinates":[-94.52093,49.7718]},"properties":{"id":"05PE029","name":"Lake Of The Woods Western Outlet Above Norman Dam And Powerhouse Site No.2","prov":"ON","kind":"lake","level":322.677,"time":"2026-09-09T09:30:00Z","src":"eccc","class":"normal","classBy":"level","p50":322.628}},{"type":"Feature","geometry":{"type":"Point","coordinates":[-88.37686,48.90422]},"properties":{"id":"02AC002","name":"Black Sturgeon River At Highway No. 17","prov":"ON","kind":"river","level":186.449,"discharge":3.57,"time":"2026-09-09T09:30:00Z","src":"eccc","class":"low","classBy":"level","p50":186.661}},{"type":"Feature","geometry":{"type":"Point","coordinates":[-93.97019,50.677]},"properties":{"id":"05QE012","name":"Long-Legged River Below Long-Legged Lake","prov":"ON","kind":"river","level":28.559,"discharge":1.06,"time":"2026-09-09T09:30:00Z","src":"eccc","class":"normal","classBy":"level","p50":28.616}},{"type":"Feature","geometry":{"type":"Point","coordinates":[-93.48403,50.87389]},"properties":{"id":"05QC001","name":"Chukuni River Near Ear Falls","prov":"ON","kind":"river","level":4.431,"discharge":20.6,"time":"2026-09-09T09:30:00Z","src":"eccc","class":"normal","classBy":"level","p50":4.455}},{"type":"Feature","geometry":{"type":"Point","coordinates":[-79.62758,43.81131]},"properties":{"id":"02HC025","name":"Humber River At Elder Mills","prov":"ON","kind":"river","level":5.51,"discharge":1.69,"time":"2026-09-09T09:30:00Z","src":"eccc","class":"normal","classBy":"level","p50":5.476}},{"type":"Feature","geometry":{"type":"Point","coordinates":[-80.18203,43.54778]},"properties":{"id":"02GA029","name":"Eramosa River Above Guelph","prov":"ON","kind":"river","level":8.569,"discharge":0.715,"time":"2026-09-09T09:30:00Z","src":"eccc","class":"normal","classBy":"level","p50":8.558}},{"type":"Feature","geometry":{"type":"Point","coordinates":[-84.91808,53.80611]},"properties":{"id":"04EA001","name":"Ekwan River Below North Washagami River","prov":"ON","kind":"river","level":22.442,"discharge":39.5,"time":"2026-09-09T09:35:00Z","src":"eccc","class":"normal","classBy":"level","p50":23.034}},{"type":"Feature","geometry":{"type":"Point","coordinates":[-79.79014,45.06506]},"properties":{"id":"02EB011","name":"Moon River At Highway No. 400","prov":"ON","kind":"river","level":1.059,"discharge":1.08,"time":"2026-09-09T09:30:00Z","src":"eccc","class":"low","classBy":"level","p50":1.161}},{"type":"Feature","geometry":{"type":"Point","coordinates":[-87.68946,52.95973]},"properties":{"id":"04DA002","name":"Winisk River At Kanuchuan Rapids","prov":"ON","kind":"river","level":28.791,"discharge":92.2,"time":"2026-09-09T09:25:00Z","src":"eccc","class":"low","classBy":"level","p50":29.271}},{"type":"Feature","geometry":{"type":"Point","coordinates":[-86.88125,49.69208]},"properties":{"id":"04JD006","name":"Kenogamisis Lake Near Geraldton","prov":"ON","kind":"lake","level":329.428,"time":"2026-09-09T09:20:00Z","src":"eccc","class":"normal","classBy":"level","p50":329.479}},{"type":"Feature","geometry":{"type":"Point","coordinates":[-88.93161,50.86842]},"properties":{"id":"04GB004","name":"Ogoki River Above Whiteclay Lake","prov":"ON","kind":"river","level":1.835,"discharge":72.8,"time":"2026-09-09T09:25:00Z","src":"eccc","class":"normal","classBy":"level","p50":1.975}},{"type":"Feature","geometry":{"type":"Point","coordinates":[-80.99486,43.05911]},"properties":{"id":"02GD004","name":"Middle Thames River At Thamesford","prov":"ON","kind":"river","level":8.86,"discharge":0.287,"time":"2026-09-09T09:25:00Z","src":"eccc","class":"high","classBy":"level","p50":8.799}},{"type":"Feature","geometry":{"type":"Point","coordinates":[-87.95339,53.71175]},"properties":{"id":"04DB001","name":"Asheweig River At Straight Lake","prov":"ON","kind":"river","level":13.624,"discharge":31.3,"time":"2026-09-09T09:25:00Z","src":"eccc","class":"low","classBy":"level","p50":13.967}},{"type":"Feature","geometry":{"type":"Point","coordinates":[-94.56423,48.71702]},"properties":{"id":"05PC021","name":"Rainy River At Rainy River","prov":"ON","kind":"river","level":322.859,"time":"2026-09-09T09:30:00Z","src":"eccc","class":"normal","classBy":"level","p50":322.944}},{"type":"Feature","geometry":{"type":"Point","coordinates":[-80.48233,45.77306]},"properties":{"id":"02EA011","name":"Magnetawan River Near Britt","prov":"ON","kind":"river","level":25.187,"discharge":8.42,"time":"2026-09-09T09:20:00Z","src":"eccc","class":"normal","classBy":"level","p50":25.179}},{"type":"Feature","geometry":{"type":"Point","coordinates":[-89.30656,48.38339]},"properties":{"id":"02AB008","name":"Neebing River Near Thunder Bay","prov":"ON","kind":"river","level":184.363,"discharge":0.586,"time":"2026-09-09T09:30:00Z","src":"eccc","class":"high","classBy":"level","p50":184.296}},{"type":"Feature","geometry":{"type":"Point","coordinates":[-89.35776,48.44281]},"properties":{"id":"02AB024","name":"Neebing River Near Intola","prov":"ON","kind":"river","level":27.143,"time":"2026-09-09T10:20:00Z","src":"eccc","class":"low","classBy":"level","p50":27.186}},{"type":"Feature","geometry":{"type":"Point","coordinates":[-94.45478,50.35522]},"properties":{"id":"05QE009","name":"Sturgeon River At Outlet Of Salvesen Lake","prov":"ON","kind":"river","level":0.401,"discharge":4.72,"time":"2026-09-09T09:30:00Z","src":"eccc","class":"normal","classBy":"level","p50":0.522}},{"type":"Feature","geometry":{"type":"Point","coordinates":[-92.17631,48.38256]},"properties":{"id":"05PA006","name":"Namakan River At Outlet Of Lac La Croix","prov":"ON","kind":"river","level":360.483,"discharge":38.8,"time":"2026-09-09T09:30:00Z","src":"eccc","class":"low","classBy":"level","p50":360.762}},{"type":"Feature","geometry":{"type":"Point","coordinates":[-80.54489,48.29289]},"properties":{"id":"04MB005","name":"Watabeag Lake At Watabeag Lake Dam","prov":"ON","kind":"lake","level":317.026,"time":"2026-09-09T09:20:00Z","src":"eccc","class":"normal","classBy":"level","p50":316.998}},{"type":"Feature","geometry":{"type":"Point","coordinates":[-91.54075,50.16728]},"properties":{"id":"05QA004","name":"Sturgeon River At Mcdougall Mills","prov":"ON","kind":"river","level":28.768,"discharge":15.2,"time":"2026-09-09T09:25:00Z","src":"eccc","class":"normal","classBy":"level","p50":28.959}},{"type":"Feature","geometry":{"type":"Point","coordinates":[-78.47875,46.27614]},"properties":{"id":"02KA015","name":"Aumond Creek Near Mattawa","prov":"ON","kind":"river","level":3.551,"discharge":0.286,"time":"2026-09-09T09:25:00Z","src":"eccc","class":"low","classBy":"level","p50":3.606}},{"type":"Feature","geometry":{"type":"Point","coordinates":[-79.966,44.485]},"properties":{"id":"02ED027","name":"Nottawasaga River Near Edenvale","prov":"ON","kind":"river","level":4.989,"discharge":35.6,"time":"2026-09-09T09:25:00Z","src":"eccc","class":"very-high","classBy":"level","p50":4.251}},{"type":"Feature","geometry":{"type":"Point","coordinates":[-79.68564,44.01214]},"properties":{"id":"02EC010","name":"Schomberg River Near Schomberg","prov":"ON","kind":"river","level":1.334,"time":"2026-09-09T10:20:00Z","src":"eccc","class":"high","classBy":"level","p50":1.306}},{"type":"Feature","geometry":{"type":"Point","coordinates":[-80.07789,43.35308]},"properties":{"id":"02HB015","name":"Spencer Creek Near Westover","prov":"ON","kind":"river","level":13.443,"discharge":0.159,"time":"2026-09-09T09:30:00Z","src":"eccc","class":"normal","classBy":"level","p50":13.398}},{"type":"Feature","geometry":{"type":"Point","coordinates":[-86.85934,48.81371]},"properties":{"id":"02BA006","name":"Steel River Below Santoy Lake","prov":"ON","kind":"river","level":6.811,"discharge":2.02,"time":"2026-09-09T09:25:00Z","src":"eccc","class":"low","classBy":"level","p50":6.979}},{"type":"Feature","geometry":{"type":"Point","coordinates":[-93.70775,51.20036]},"properties":{"id":"05QC006","name":"Golden Creek Near Red Lake","prov":"ON","kind":"river","level":29.823,"discharge":0.326,"time":"2026-09-09T09:30:00Z","src":"eccc","class":"high","classBy":"level","p50":28.83}},{"type":"Feature","geometry":{"type":"Point","coordinates":[-80.50919,43.57992]},"properties":{"id":"02GA023","name":"Canagagigue Creek Near Elmira","prov":"ON","kind":"river","level":9.696,"discharge":0.888,"time":"2026-09-09T09:30:00Z","src":"eccc","class":"high","classBy":"level","p50":9.645}},{"type":"Feature","geometry":{"type":"Point","coordinates":[-80.12281,46.40819]},"properties":{"id":"02DD012","name":"Veuve River Near Verner","prov":"ON","kind":"river","level":0.338,"discharge":0.595,"time":"2026-09-09T09:25:00Z","src":"eccc","class":"normal","classBy":"level","p50":0.356}},{"type":"Feature","geometry":{"type":"Point","coordinates":[-80.41703,43.41281]},"properties":{"id":"02GA048","name":"Grand River Near Doon","prov":"ON","kind":"river","level":4.098,"discharge":16.0,"time":"2026-09-09T09:25:00Z","src":"eccc","class":"high","classBy":"level","p50":4.07}},{"type":"Feature","geometry":{"type":"Point","coordinates":[-91.79161,53.35019]},"properties":{"id":"04CB001","name":"Windigo River Above Muskrat Dam Lake","prov":"ON","kind":"river","level":28.031,"discharge":96.1,"time":"2026-09-09T09:25:00Z","src":"eccc","class":"normal","classBy":"level","p50":28.163}},{"type":"Feature","geometry":{"type":"Point","coordinates":[-91.45992,49.87339]},"properties":{"id":"05QA002","name":"English River At Umfreville","prov":"ON","kind":"river","level":393.849,"discharge":20.2,"time":"2026-09-09T09:25:00Z","src":"eccc","class":"low","classBy":"level","p50":394.043}},{"type":"Feature","geometry":{"type":"Point","coordinates":[-81.25606,44.67753]},"properties":{"id":"02FA001","name":"Sauble River At Sauble Falls","prov":"ON","kind":"river","level":0.783,"discharge":2.07,"time":"2026-09-09T09:30:00Z","src":"eccc","class":"normal","classBy":"level","p50":0.762}},{"type":"Feature","geometry":{"type":"Point","coordinates":[-94.55372,49.76294]},"properties":{"id":"05PE014","name":"Lake Of The Woods At Keewatin","prov":"ON","kind":"lake","level":322.715,"time":"2026-09-09T09:25:00Z","src":"eccc","class":"normal","classBy":"level","p50":322.911}},{"type":"Feature","geometry":{"type":"Point","coordinates":[-77.6848,44.48157]},"properties":{"id":"02HK003","name":"Crowe River At Marmora","prov":"ON","kind":"river","level":10.271,"discharge":10.9,"time":"2026-09-09T09:25:00Z","src":"eccc","class":"very-high","classBy":"level","p50":10.031}},{"type":"Feature","geometry":{"type":"Point","coordinates":[-95.09258,50.21192]},"properties":{"id":"05PF051","name":"Winnipeg River Above Boundary Falls","prov":"ON","kind":"river","level":299.685,"time":"2026-09-09T09:25:00Z","src":"eccc","class":"low","classBy":"level","p50":300.349}},{"type":"Feature","geometry":{"type":"Point","coordinates":[-80.76011,46.03522]},"properties":{"id":"02DD025","name":"French River At Hartley Bay","prov":"ON","kind":"river","level":177.484,"time":"2026-09-09T09:25:00Z","src":"eccc","class":"normal","classBy":"level","p50":177.29}},{"type":"Feature","geometry":{"type":"Point","coordinates":[-84.53269,48.48044]},"properties":{"id":"02BD005","name":"Magpie River At Esnagi Lake","prov":"ON","kind":"river","level":3.406,"time":"2026-09-09T09:25:00Z","src":"eccc","class":"normal","classBy":"level","p50":3.408}},{"type":"Feature","geometry":{"type":"Point","coordinates":[-81.84878,47.49611]},"properties":{"id":"04LA006","name":"Mollie River At Highway No. 144","prov":"ON","kind":"river","level":8.881,"time":"2026-09-09T10:20:00Z","src":"eccc","class":"normal","classBy":"level","p50":8.846}},{"type":"Feature","geometry":{"type":"Point","coordinates":[-79.7995,44.4425]},"properties":{"id":"02ED032","name":"Willow Creek Near Minesing","prov":"ON","kind":"river","level":3.891,"discharge":1.73,"time":"2026-09-09T09:30:00Z","src":"eccc","class":"high","classBy":"level","p50":3.784}},{"type":"Feature","geometry":{"type":"Point","coordinates":[-93.0532,52.52675]},"properties":{"id":"04CA005","name":"Flanagan River At Outlet Of North Spirit Lake","prov":"ON","kind":"river","level":28.251,"discharge":8.71,"time":"2026-09-09T09:25:00Z","src":"eccc","class":"low","classBy":"level","p50":28.472}},{"type":"Feature","geometry":{"type":"Point","coordinates":[-79.99303,43.40153]},"properties":{"id":"02HB033","name":"Mountsberg Creek Near Carlisle","prov":"ON","kind":"river","level":2.496,"discharge":0.07,"time":"2026-09-09T09:25:00Z","src":"eccc","class":"low","classBy":"level","p50":2.556}},{"type":"Feature","geometry":{"type":"Point","coordinates":[-79.87931,47.88914]},"properties":{"id":"02JC008","name":"Blanche River Above Englehart","prov":"ON","kind":"river","level":25.619,"time":"2026-09-09T09:25:00Z","src":"eccc","class":"normal","classBy":"level","p50":25.46}},{"type":"Feature","geometry":{"type":"Point","coordinates":[-85.65153,54.28975]},"properties":{"id":"04DC002","name":"Shamattawa River At Outlet Of Shamattawa Lake","prov":"ON","kind":"river","level":27.412,"discharge":51.0,"time":"2026-09-09T09:25:00Z","src":"eccc","class":"normal","classBy":"level","p50":27.374}},{"type":"Feature","geometry":{"type":"Point","coordinates":[-85.90794,48.70542]},"properties":{"id":"02BB004","name":"Cedar Creek Near Hemlo","prov":"ON","kind":"river","level":7.143,"discharge":0.418,"time":"2026-09-09T09:25:00Z","src":"eccc","class":"low","classBy":"level","p50":7.275}},{"type":"Feature","geometry":{"type":"Point","coordinates":[-81.17769,44.53553]},"properties":{"id":"02FA004","name":"Sauble River At Allenford","prov":"ON","kind":"river","level":4.715,"discharge":0.562,"time":"2026-09-09T09:25:00Z","src":"eccc","class":"normal","classBy":"level","p50":4.718}},{"type":"Feature","geometry":{"type":"Point","coordinates":[-93.66522,48.67844]},"properties":{"id":"05PC022","name":"La Vallee River Near Burriss","prov":"ON","kind":"river","level":11.941,"discharge":1.84,"time":"2026-09-09T09:19:00Z","src":"eccc","class":"very-high","classBy":"level","p50":10.474}},{"type":"Feature","geometry":{"type":"Point","coordinates":[-80.6485,44.57017]},"properties":{"id":"02FB010","name":"Bighead River Near Meaford","prov":"ON","kind":"river","level":10.369,"discharge":0.629,"time":"2026-09-09T09:30:00Z","src":"eccc","class":"normal","classBy":"level","p50":10.365}},{"type":"Feature","geometry":{"type":"Point","coordinates":[-93.17828,50.63706]},"properties":{"id":"05QB003","name":"Lac Seul At Goldpines","prov":"ON","kind":"lake","level":356.361,"time":"2026-09-09T09:30:00Z","src":"eccc","class":"normal","classBy":"level","p50":356.336}},{"type":"Feature","geometry":{"type":"Point","coordinates":[-93.40022,49.95783]},"properties":{"id":"05QD006","name":"Wabigoon River Near Quibell","prov":"ON","kind":"river","level":336.98,"discharge":17.5,"time":"2026-09-09T09:25:00Z","src":"eccc","class":"low","classBy":"level","p50":337.428}},{"type":"Feature","geometry":{"type":"Point","coordinates":[-92.51352,52.65536]},"properties":{"id":"04CA003","name":"Roseberry River Above Roseberry Lakes","prov":"ON","kind":"river","level":29.594,"discharge":0.625,"time":"2026-09-09T09:30:00Z","src":"eccc","class":"low","classBy":"level","p50":30.062}},{"type":"Feature","geometry":{"type":"Point","coordinates":[-80.86394,51.16083]},"properties":{"id":"04KA001","name":"Kwetabohigan River Near The Mouth","prov":"ON","kind":"river","level":10.068,"discharge":2.5,"time":"2026-09-09T10:20:00Z","src":"eccc","class":"low","classBy":"level","p50":10.373}},{"type":"Feature","geometry":{"type":"Point","coordinates":[-77.84603,45.05214]},"properties":{"id":"02KD002","name":"York River Near Bancroft","prov":"ON","kind":"river","level":8.045,"discharge":9.83,"time":"2026-09-09T09:20:00Z","src":"eccc","class":"high","classBy":"level","p50":7.694}},{"type":"Feature","geometry":{"type":"Point","coordinates":[-93.09455,50.93894]},"properties":{"id":"05QC007","name":"Troutlake River Below Woman River","prov":"ON","kind":"river","level":32.856,"discharge":17.9,"time":"2026-09-09T09:25:00Z","src":"eccc","class":"high","classBy":"level","p50":32.616}},{"type":"Feature","geometry":{"type":"Point","coordinates":[-80.70217,43.65483]},"properties":{"id":"02GA028","name":"Conestogo River At Glen Allan","prov":"ON","kind":"river","level":0.744,"discharge":2.16,"time":"2026-09-09T09:30:00Z","src":"eccc","class":"low","classBy":"level","p50":0.956}},{"type":"Feature","geometry":{"type":"Point","coordinates":[-80.71081,43.37722]},"properties":{"id":"02GA018","name":"Nith River At New Hamburg","prov":"ON","kind":"river","level":1.601,"discharge":0.982,"time":"2026-09-09T09:25:00Z","src":"eccc","class":"normal","classBy":"level","p50":1.579}},{"type":"Feature","geometry":{"type":"Point","coordinates":[-87.37678,48.97811]},"properties":{"id":"02BA005","name":"Whitesand River Above Schreiber At Minova Mine","prov":"ON","kind":"river","level":3.088,"discharge":0.026,"time":"2026-09-09T09:30:00Z","src":"eccc","class":"low","classBy":"level","p50":3.118}},{"type":"Feature","geometry":{"type":"Point","coordinates":[-74.60181,45.31711]},"properties":{"id":"02MC036","name":"Riviere Delisle Near Glen Norman","prov":"ON","kind":"river","level":1.432,"discharge":0.644,"time":"2026-09-09T09:25:00Z","src":"eccc","class":"high","classBy":"level","p50":1.289}},{"type":"Feature","geometry":{"type":"Point","coordinates":[-79.23367,43.75322]},"properties":{"id":"02HC058","name":"West Highland Creek Near Scarborough Village","prov":"ON","kind":"river","level":2.414,"discharge":0.211,"time":"2026-09-09T09:25:00Z","src":"eccc","class":"normal","classBy":"level","p50":2.406}},{"type":"Feature","geometry":{"type":"Point","coordinates":[-77.47731,44.33834]},"properties":{"id":"02HK008","name":"Rawdon Creek Near West Huntingdon","prov":"ON","kind":"river","level":1.306,"discharge":0.224,"time":"2026-09-09T09:30:00Z","src":"eccc","class":"normal","classBy":"level","p50":1.271}},{"type":"Feature","geometry":{"type":"Point","coordinates":[-89.3582,48.34703]},"properties":{"id":"02AB025","name":"Kaministiquia River At West Fort William","prov":"ON","kind":"river","level":183.255,"time":"2026-09-09T09:30:00Z","src":"eccc","class":"normal","classBy":"level","p50":183.296}},{"type":"Feature","geometry":{"type":"Point","coordinates":[-81.58411,43.59031]},"properties":{"id":"02FF015","name":"Tricks Creek Near Clinton","prov":"ON","kind":"river","level":6.36,"discharge":0.172,"time":"2026-09-09T09:25:00Z","src":"eccc","class":"normal","classBy":"level","p50":6.325}},{"type":"Feature","geometry":{"type":"Point","coordinates":[-80.15461,43.14739]},"properties":{"id":"02GB007","name":"Fairchild Creek Near Brantford","prov":"ON","kind":"river","level":1.429,"time":"2026-09-09T09:30:00Z","src":"eccc","class":"normal","classBy":"level","p50":1.404}},{"type":"Feature","geometry":{"type":"Point","coordinates":[-79.21628,43.90789]},"properties":{"id":"02HC028","name":"Little Rouge Creek Near Locust Hill","prov":"ON","kind":"river","level":10.268,"discharge":0.467,"time":"2026-09-09T09:30:00Z","src":"eccc","class":"high","classBy":"level","p50":10.207}},{"type":"Feature","geometry":{"type":"Point","coordinates":[-80.31278,46.22597]},"properties":{"id":"02DD032","name":"Lake Nipissing At West Bay","prov":"ON","kind":"lake","level":5.733,"time":"2026-09-09T09:30:00Z","src":"eccc"}},{"type":"Feature","geometry":{"type":"Point","coordinates":[-80.44531,43.6936]},"properties":{"id":"02GA005","name":"Irvine River Near Salem","prov":"ON","kind":"river","level":1.46,"time":"2026-09-09T09:30:00Z","src":"eccc","class":"low","classBy":"level","p50":1.761}},{"type":"Feature","geometry":{"type":"Point","coordinates":[-87.22769,54.49961]},"properties":{"id":"04DC001","name":"Winisk River Below Asheweig River Tributary","prov":"ON","kind":"river","level":22.0,"discharge":334.0,"time":"2026-09-09T09:25:00Z","src":"eccc","class":"low","classBy":"level","p50":22.641}},{"type":"Feature","geometry":{"type":"Point","coordinates":[-77.62841,44.33176]},"properties":{"id":"02HK017","name":"Hoards Creek Near Wellman","prov":"ON","kind":"river","level":3.17,"discharge":0.155,"time":"2026-09-09T09:30:00Z","src":"eccc","class":"high","classBy":"level","p50":3.113}},{"type":"Feature","geometry":{"type":"Point","coordinates":[-78.63621,44.81323]},"properties":{"id":"02HF005","name":"Burnt River At Three Brothers Falls","prov":"ON","kind":"river","level":7.144,"discharge":14.4,"time":"2026-09-09T09:30:00Z","src":"eccc","class":"high","classBy":"level","p50":7.048}},{"type":"Feature","geometry":{"type":"Point","coordinates":[-81.06328,43.89292]},"properties":{"id":"02FE017","name":"Lakelet Creek Near Gorrie","prov":"ON","kind":"river","level":7.143,"discharge":0.252,"time":"2026-09-09T09:30:00Z","src":"eccc","class":"low","classBy":"level","p50":7.163}},{"type":"Feature","geometry":{"type":"Point","coordinates":[-79.823,43.9285]},"properties":{"id":"02HC047","name":"Humber River Near Palgrave","prov":"ON","kind":"river","level":8.221,"discharge":0.923,"time":"2026-09-09T09:25:00Z","src":"eccc","class":"normal","classBy":"level","p50":8.196}},{"type":"Feature","geometry":{"type":"Point","coordinates":[-76.53875,44.97194]},"properties":{"id":"02KF019","name":"Mississippi River At Outlet Of Dalhousie Lake","prov":"ON","kind":"river","level":6.802,"discharge":19.8,"time":"2026-09-09T09:30:00Z","src":"eccc","class":"very-high","classBy":"level","p50":6.315}},{"type":"Feature","geometry":{"type":"Point","coordinates":[-77.9111,44.19669]},"properties":{"id":"02HK009","name":"Burnley Creek Above Warkworth","prov":"ON","kind":"river","level":2.502,"discharge":0.341,"time":"2026-09-09T09:30:00Z","src":"eccc","class":"normal","classBy":"level","p50":2.488}},{"type":"Feature","geometry":{"type":"Point","coordinates":[-87.05639,52.08578]},"properties":{"id":"04FB001","name":"Attawapiskat River Below Attawapiskat Lake","prov":"ON","kind":"river","level":28.297,"discharge":95.5,"time":"2026-09-09T09:25:00Z","src":"eccc","class":"low","classBy":"level","p50":28.63}},{"type":"Feature","geometry":{"type":"Point","coordinates":[-81.39147,46.63594]},"properties":{"id":"02CF013","name":"Moose Creek At Levack","prov":"ON","kind":"river","level":0.88,"discharge":0.007,"time":"2026-09-09T09:30:00Z","src":"eccc","class":"very-low","classBy":"level","p50":1.094}},{"type":"Feature","geometry":{"type":"Point","coordinates":[-84.28169,46.56286]},"properties":{"id":"02CA002","name":"Root River At Sault Ste. Marie","prov":"ON","kind":"river","level":11.524,"time":"2026-09-09T09:30:00Z","src":"eccc","class":"normal","classBy":"level","p50":11.575}},{"type":"Feature","geometry":{"type":"Point","coordinates":[-85.89128,48.58783]},"properties":{"id":"02BC008","name":"White River Above Oskabukuta River","prov":"ON","kind":"river","level":27.372,"discharge":11.1,"time":"2026-09-09T09:25:00Z","src":"eccc","class":"normal","classBy":"level","p50":27.46}},{"type":"Feature","geometry":{"type":"Point","coordinates":[-96.93556,49.31806]},"properties":{"id":"05OE823","name":"St. Malo Lake Near St. Malo","prov":"MB","kind":"lake","level":256.073,"time":"2026-09-09T09:25:00Z","src":"eccc","class":"normal","classBy":"level","p50":256.038}},{"type":"Feature","geometry":{"type":"Point","coordinates":[-98.01778,49.50361]},"properties":{"id":"05OF801","name":"Boyne River Above Carman Dam","prov":"MB","kind":"river","level":262.991,"time":"2026-09-09T09:25:00Z","src":"eccc","class":"high","classBy":"level","p50":262.689}},{"type":"Feature","geometry":{"type":"Point","coordinates":[-112.82995,53.04147]},"properties":{"id":"05FA025","name":"Camrose Creek Near Camrose","prov":"AB","kind":"river","level":17.784,"discharge":0.007,"time":"2026-09-09T09:30:00Z","src":"eccc","class":"normal","classBy":"level","p50":17.568}},{"type":"Feature","geometry":{"type":"Point","coordinates":[-113.92651,49.49232]},"properties":{"id":"05AA033","name":"Kettles Creek At Pincher Creek","prov":"AB","kind":"river","level":7.968,"discharge":0.013,"time":"2026-09-09T09:20:00Z","src":"eccc","class":"high","classBy":"discharge","p50":0.0}},{"type":"Feature","geometry":{"type":"Point","coordinates":[-120.33553,49.66281]},"properties":{"id":"08NL039","name":"Siwash Creek Near Princeton","prov":"BC","kind":"river","level":0.671,"discharge":0.053,"time":"2026-09-09T09:15:00Z","src":"eccc","class":"low","classBy":"level","p50":0.726}},{"type":"Feature","geometry":{"type":"Point","coordinates":[-115.43331,63.97411]},"properties":{"id":"07SA002","name":"Snare River Below Ghost River","prov":"NT","kind":"river","level":26.385,"discharge":35.5,"time":"2026-09-09T09:30:00Z","src":"eccc","class":"low","classBy":"level","p50":26.699}},{"type":"Feature","geometry":{"type":"Point","coordinates":[-79.11276,44.13808]},"properties":{"id":"02EC021","name":"Uxbridge Brook Near Uxbridge","prov":"ON","kind":"river","level":2.788,"time":"2026-09-09T10:15:00Z","src":"eccc","class":"normal","classBy":"level","p50":2.819}},{"type":"Feature","geometry":{"type":"Point","coordinates":[-111.00227,54.7128]},"properties":{"id":"06AB002","name":"Wolf River At Outlet Of Wolf Lake","prov":"AB","kind":"river","level":597.566,"discharge":6.27,"time":"2026-09-09T10:15:00Z","src":"eccc","class":"very-high","classBy":"level","p50":597.375}},{"type":"Feature","geometry":{"type":"Point","coordinates":[-110.41531,54.51642]},"properties":{"id":"06AC003","name":"Hilda Lake Near Cold Lake","prov":"AB","kind":"lake","level":547.836,"time":"2026-09-09T10:15:00Z","src":"eccc","class":"very-high","classBy":"level","p50":547.312}},{"type":"Feature","geometry":{"type":"Point","coordinates":[-114.46643,51.17374]},"properties":{"id":"05BH005","name":"Bow River Near Cochrane","prov":"AB","kind":"river","level":16.452,"discharge":79.0,"time":"2026-09-09T10:15:00Z","src":"eccc","class":"normal","classBy":"level","p50":16.367}},{"type":"Feature","geometry":{"type":"Point","coordinates":[-114.0508,53.23379]},"properties":{"id":"05DF008","name":"Weed Creek At Thorsby","prov":"AB","kind":"river","level":5.592,"discharge":0.004,"time":"2026-09-09T10:10:00Z","src":"eccc","class":"low","classBy":"level","p50":5.931}},{"type":"Feature","geometry":{"type":"Point","coordinates":[-110.91978,51.54768]},"properties":{"id":"05GA012","name":"Sounding Creek Near Chinook","prov":"AB","kind":"river","level":0.938,"discharge":0.0,"time":"2026-09-09T10:15:00Z","src":"eccc","class":"normal","classBy":"level","p50":0.967}},{"type":"Feature","geometry":{"type":"Point","coordinates":[-117.23209,52.21627]},"properties":{"id":"07AA007","name":"Sunwapta River At Athabasca Glacier","prov":"AB","kind":"river","level":0.904,"discharge":2.73,"time":"2026-09-09T10:15:00Z","src":"eccc","class":"normal","classBy":"level","p50":0.803}},{"type":"Feature","geometry":{"type":"Point","coordinates":[-124.22605,48.71938]},"properties":{"id":"08HA070","name":"Harris Creek Near Lake Cowichan","prov":"BC","kind":"river","level":1.306,"discharge":0.103,"time":"2026-09-09T10:20:00Z","src":"eccc","class":"normal","classBy":"level","p50":1.303}},{"type":"Feature","geometry":{"type":"Point","coordinates":[-119.75155,49.42746]},"properties":{"id":"08NM037","name":"Shatford Creek Near Penticton","prov":"BC","kind":"river","level":1.055,"discharge":0.038,"time":"2026-09-09T10:20:00Z","src":"eccc","class":"very-low","classBy":"level","p50":1.08}},{"type":"Feature","geometry":{"type":"Point","coordinates":[-52.74847,47.56425]},"properties":{"id":"02ZM020","name":"Learys Brook At Prince Philip Drive","prov":"NL","kind":"river","level":0.774,"discharge":0.623,"time":"2026-09-09T09:40:00Z","src":"eccc","class":"high","classBy":"level","p50":0.678}},{"type":"Feature","geometry":{"type":"Point","coordinates":[-139.08375,64.06208]},"properties":{"id":"09EA006","name":"Klondike River At Rock Creek","prov":"YT","kind":"river","level":7.012,"time":"2026-09-09T09:10:00Z","src":"eccc","class":"low","classBy":"level","p50":7.254}},{"type":"Feature","geometry":{"type":"Point","coordinates":[-123.06794,49.13047]},"properties":{"id":"08MH053","name":"Fraser River At Deas Island Tunnel","prov":"BC","kind":"river","level":1.231,"time":"2026-09-09T09:45:00Z","src":"eccc","class":"very-high","classBy":"level","p50":0.198}},{"type":"Feature","geometry":{"type":"Point","coordinates":[-55.39005,46.91679]},"properties":{"id":"00755","name":"St. Lawrence","prov":"","kind":"coastal","level":2.125,"time":"2026-09-09T10:33:00Z","src":"dfo"}},{"type":"Feature","geometry":{"type":"Point","coordinates":[-79.25285,42.87438]},"properties":{"id":"12865","name":"Port Colborne","prov":"","kind":"coastal","level":0.919,"time":"2026-09-09T10:33:00Z","src":"dfo"}},{"type":"Feature","geometry":{"type":"Point","coordinates":[-72.61933,46.2725]},"properties":{"id":"03365","name":"Port-Saint-Fran\u00e7ois","prov":"","kind":"coastal","level":0.651,"time":"2026-09-09T10:33:00Z","src":"dfo"}},{"type":"Feature","geometry":{"type":"Point","coordinates":[-125.247,50.042]},"properties":{"id":"08074","name":"Campbell River","prov":"","kind":"coastal","level":3.576,"time":"2026-09-09T10:33:00Z","src":"dfo"}},{"type":"Feature","geometry":{"type":"Point","coordinates":[-123.37083,48.42436]},"properties":{"id":"07120","name":"Victoria Harbour","prov":"","kind":"coastal","level":2.073,"time":"2026-09-09T10:33:00Z","src":"dfo"}},{"type":"Feature","geometry":{"type":"Point","coordinates":[-79.38029,43.63977]},"properties":{"id":"13320","name":"Toronto","prov":"","kind":"coastal","level":1.033,"time":"2026-09-09T10:33:00Z","src":"dfo"}},{"type":"Feature","geometry":{"type":"Point","coordinates":[-130.28906,54.21515]},"properties":{"id":"09341","name":"Porpoise Channel East","prov":"","kind":"coastal","level":4.023,"time":"2026-09-09T10:32:00Z","src":"dfo"}},{"type":"Feature","geometry":{"type":"Point","coordinates":[-79.21964,43.23671]},"properties":{"id":"13030","name":"Port Weller","prov":"","kind":"coastal","level":1.029,"time":"2026-09-09T10:33:00Z","src":"dfo"}},{"type":"Feature","geometry":{"type":"Point","coordinates":[-66.12497,43.83231]},"properties":{"id":"00365","name":"Yarmouth","prov":"","kind":"coastal","level":3.317,"time":"2026-09-09T10:33:00Z","src":"dfo"}},{"type":"Feature","geometry":{"type":"Point","coordinates":[-130.324,54.317]},"properties":{"id":"09354","name":"Prince Rupert","prov":"","kind":"coastal","level":4.081,"time":"2026-09-09T10:33:00Z","src":"dfo"}},{"type":"Feature","geometry":{"type":"Point","coordinates":[-127.489,50.722]},"properties":{"id":"08408","name":"Port Hardy","prov":"","kind":"coastal","level":2.375,"time":"2026-09-09T10:33:00Z","src":"dfo"}},{"type":"Feature","geometry":{"type":"Point","coordinates":[-72.10622,46.56103]},"properties":{"id":"03335","name":"Deschaillons-sur-Saint-Laurent","prov":"","kind":"coastal","level":2.243,"time":"2026-09-09T10:34:00Z","src":"dfo"}},{"type":"Feature","geometry":{"type":"Point","coordinates":[-133.002,54.191]},"properties":{"id":"09958","name":"Henslung Cove","prov":"","kind":"coastal","level":2.528,"time":"2026-09-09T10:33:00Z","src":"dfo"}},{"type":"Feature","geometry":{"type":"Point","coordinates":[-83.11496,42.06173]},"properties":{"id":"12005","name":"Bar Point","prov":"","kind":"coastal","level":0.855,"time":"2026-09-09T10:33:00Z","src":"dfo"}},{"type":"Feature","geometry":{"type":"Point","coordinates":[-73.55253,45.5035]},"properties":{"id":"15520","name":"Montr\u00e9al Jet\u00e9e #1","prov":"","kind":"coastal","level":0.46,"time":"2026-09-09T10:34:00Z","src":"dfo"}},{"type":"Feature","geometry":{"type":"Point","coordinates":[-81.66281,45.25677]},"properties":{"id":"11690","name":"Tobermory","prov":"","kind":"coastal","level":0.517,"time":"2026-09-09T10:33:00Z","src":"dfo"}},{"type":"Feature","geometry":{"type":"Point","coordinates":[-72.8955,46.19483]},"properties":{"id":"15975","name":"Lac Saint-Pierre","prov":"","kind":"coastal","level":0.478,"time":"2026-09-09T10:34:00Z","src":"dfo"}},{"type":"Feature","geometry":{"type":"Point","coordinates":[-123.4515,48.6536]},"properties":{"id":"07277","name":"Patricia Bay","prov":"","kind":"coastal","level":2.959,"time":"2026-09-09T10:33:00Z","src":"dfo"}},{"type":"Feature","geometry":{"type":"Point","coordinates":[-80.9035,71.8899]},"properties":{"id":"05791","name":"Milne Inlet (head)","prov":"","kind":"coastal","level":0.254,"time":"2026-09-09T10:33:00Z","src":"dfo"}},{"type":"Feature","geometry":{"type":"Point","coordinates":[-123.2319,49.3405]},"properties":{"id":"07786","name":"Sandy Cove","prov":"","kind":"coastal","level":3.997,"time":"2026-09-09T10:33:00Z","src":"dfo"}},{"type":"Feature","geometry":{"type":"Point","coordinates":[-81.21383,42.65788]},"properties":{"id":"12400","name":"Port Stanley","prov":"","kind":"coastal","level":0.907,"time":"2026-09-09T10:33:00Z","src":"dfo"}},{"type":"Feature","geometry":{"type":"Point","coordinates":[-61.68647,56.54345]},"properties":{"id":"01430","name":"Nain","prov":"","kind":"coastal","level":2.003,"time":"2026-09-09T10:33:00Z","src":"dfo"}},{"type":"Feature","geometry":{"type":"Point","coordinates":[-59.13905,47.58015]},"properties":{"id":"00665","name":"Port aux Basques","prov":"","kind":"coastal","level":1.809,"time":"2026-09-09T10:33:00Z","src":"dfo"}},{"type":"Feature","geometry":{"type":"Point","coordinates":[-66.06004,45.2546]},"properties":{"id":"00065","name":"Saint John","prov":"","kind":"coastal","level":3.686,"time":"2026-09-09T10:33:00Z","src":"dfo"}},{"type":"Feature","geometry":{"type":"Point","coordinates":[-130.35994,54.29026]},"properties":{"id":"09348","name":"Fairview Terminal","prov":"","kind":"coastal","level":4.091,"time":"2026-09-09T10:33:00Z","src":"dfo"}},{"type":"Feature","geometry":{"type":"Point","coordinates":[-83.11405,42.14444]},"properties":{"id":"11995","name":"Amherstburg","prov":"","kind":"coastal","level":0.934,"time":"2026-09-09T10:33:00Z","src":"dfo"}},{"type":"Feature","geometry":{"type":"Point","coordinates":[-123.1922,49.1245]},"properties":{"id":"07607","name":"Steveston","prov":"","kind":"coastal","level":3.204,"time":"2026-09-09T10:33:00Z","src":"dfo"}},{"type":"Feature","geometry":{"type":"Point","coordinates":[-82.50703,42.6573]},"properties":{"id":"11950","name":"Port Lambton","prov":"","kind":"coastal","level":0.902,"time":"2026-09-09T10:33:00Z","src":"dfo"}},{"type":"Feature","geometry":{"type":"Point","coordinates":[-123.12768,49.31257]},"properties":{"id":"07724","name":"Calamity Point","prov":"","kind":"coastal","level":3.929,"time":"2026-09-09T10:33:00Z","src":"dfo"}},{"type":"Feature","geometry":{"type":"Point","coordinates":[-72.24583,46.50033]},"properties":{"id":"03345","name":"Batiscan","prov":"","kind":"coastal","level":0.82,"time":"2026-09-09T10:34:00Z","src":"dfo"}},{"type":"Feature","geometry":{"type":"Point","coordinates":[-96.03056,64.31944]},"properties":{"id":"33000","name":"Baker Lake","prov":"","kind":"coastal","level":-0.067,"time":"2026-09-09T10:33:00Z","src":"dfo"}},{"type":"Feature","geometry":{"type":"Point","coordinates":[-53.11576,48.6506]},"properties":{"id":"00990","name":"Bonavista","prov":"","kind":"coastal","level":0.852,"time":"2026-09-09T10:33:00Z","src":"dfo"}},{"type":"Feature","geometry":{"type":"Point","coordinates":[-71.20175,46.81111]},"properties":{"id":"03248","name":"Vieux-Qu\u00e9bec","prov":"","kind":"coastal","level":4.701,"time":"2026-09-09T10:34:00Z","src":"dfo"}},{"type":"Feature","geometry":{"type":"Point","coordinates":[-62.68812,45.73928]},"properties":{"id":"01640","name":"Caribou","prov":"","kind":"coastal","level":2.01,"time":"2026-09-09T10:33:00Z","src":"dfo"}},{"type":"Feature","geometry":{"type":"Point","coordinates":[-82.73484,42.02694]},"properties":{"id":"12065","name":"Kingsville","prov":"","kind":"coastal","level":0.839,"time":"2026-09-09T10:33:00Z","src":"dfo"}},{"type":"Feature","geometry":{"type":"Point","coordinates":[-117.75628,70.73653]},"properties":{"id":"06380","name":"Ulukhaktok","prov":"","kind":"coastal","level":0.817,"time":"2026-09-09T10:33:00Z","src":"dfo"}},{"type":"Feature","geometry":{"type":"Point","coordinates":[-62.25176,46.34963]},"properties":{"id":"01650","name":"Souris","prov":"","kind":"coastal","level":1.953,"time":"2026-09-09T10:33:00Z","src":"dfo"}},{"type":"Feature","geometry":{"type":"Point","coordinates":[-83.55107,46.254]},"properties":{"id":"11070","name":"Thessalon","prov":"","kind":"coastal","level":0.559,"time":"2026-09-09T10:33:00Z","src":"dfo"}},{"type":"Feature","geometry":{"type":"Point","coordinates":[-122.91,49.2]},"properties":{"id":"07654","name":"New Westminster","prov":"","kind":"coastal","level":2.403,"time":"2026-09-09T10:33:00Z","src":"dfo"}},{"type":"Feature","geometry":{"type":"Point","coordinates":[-64.53001,46.24061]},"properties":{"id":"01804","name":"Pointe-du-Ch\u00eane","prov":"","kind":"coastal","level":1.617,"time":"2026-09-09T10:33:00Z","src":"dfo"}},{"type":"Feature","geometry":{"type":"Point","coordinates":[-81.91461,42.26016]},"properties":{"id":"12250","name":"Erieau","prov":"","kind":"coastal","level":0.887,"time":"2026-09-09T10:33:00Z","src":"dfo"}},{"type":"Feature","geometry":{"type":"Point","coordinates":[-82.7109,42.29616]},"properties":{"id":"11965","name":"Belle River","prov":"","kind":"coastal","level":0.928,"time":"2026-09-09T10:33:00Z","src":"dfo"}},{"type":"Feature","geometry":{"type":"Point","coordinates":[-123.9235,49.1628]},"properties":{"id":"07917","name":"Nanaimo Harbour","prov":"","kind":"coastal","level":4.023,"time":"2026-09-09T10:33:00Z","src":"dfo"}},{"type":"Feature","geometry":{"type":"Point","coordinates":[-81.92448,45.98053]},"properties":{"id":"11195","name":"Little Current","prov":"","kind":"coastal","level":0.581,"time":"2026-09-09T10:33:00Z","src":"dfo"}},{"type":"Feature","geometry":{"type":"Point","coordinates":[-63.61324,44.68226]},"properties":{"id":"00491","name":"Bedford Institute","prov":"","kind":"coastal","level":1.926,"time":"2026-09-09T10:33:00Z","src":"dfo"}},{"type":"Feature","geometry":{"type":"Point","coordinates":[-80.2201,44.50841]},"properties":{"id":"11500","name":"Collingwood","prov":"","kind":"coastal","level":0.533,"time":"2026-09-09T10:33:00Z","src":"dfo"}},{"type":"Feature","geometry":{"type":"Point","coordinates":[-72.3795,46.40033]},"properties":{"id":"03353","name":"B\u00e9cancour","prov":"","kind":"coastal","level":0.465,"time":"2026-09-09T10:34:00Z","src":"dfo"}},{"type":"Feature","geometry":{"type":"Point","coordinates":[-72.53917,46.3405]},"properties":{"id":"03360","name":"Trois-Rivi\u00e8res","prov":"","kind":"coastal","level":0.53,"time":"2026-09-09T10:34:00Z","src":"dfo"}},{"type":"Feature","geometry":{"type":"Point","coordinates":[-132.072,53.252]},"properties":{"id":"09850","name":"Daajing Giids","prov":"","kind":"coastal","level":4.402,"time":"2026-09-09T10:33:00Z","src":"dfo"}},{"type":"Feature","geometry":{"type":"Point","coordinates":[-73.28317,45.83267]},"properties":{"id":"15780","name":"Contrecoeur IOC","prov":"","kind":"coastal","level":0.376,"time":"2026-09-09T10:34:00Z","src":"dfo"}},{"type":"Feature","geometry":{"type":"Point","coordinates":[-69.72975,48.12633]},"properties":{"id":"03424","name":"Baie-Sainte-Catherine","prov":"","kind":"coastal","level":1.436,"time":"2026-09-09T10:34:00Z","src":"dfo"}},{"type":"Feature","geometry":{"type":"Point","coordinates":[-123.08342,49.1239]},"properties":{"id":"07609","name":"Deas Basin","prov":"","kind":"coastal","level":2.963,"time":"2026-09-09T10:33:00Z","src":"dfo"}},{"type":"Feature","geometry":{"type":"Point","coordinates":[-132.9944,69.43823]},"properties":{"id":"06485","name":"Tuktoyaktuk","prov":"","kind":"coastal","level":0.869,"time":"2026-09-09T10:33:00Z","src":"dfo"}},{"type":"Feature","geometry":{"type":"Point","coordinates":[-63.12218,46.23012]},"properties":{"id":"01700","name":"Charlottetown","prov":"","kind":"coastal","level":2.535,"time":"2026-09-09T10:33:00Z","src":"dfo"}},{"type":"Feature","geometry":{"type":"Point","coordinates":[-70.86927,48.3339]},"properties":{"id":"03460","name":"Port-Alfred","prov":"","kind":"coastal","level":1.578,"time":"2026-09-09T10:34:00Z","src":"dfo"}},{"type":"Feature","geometry":{"type":"Point","coordinates":[-70.71083,47.0895]},"properties":{"id":"03075","name":"Banc du Cap Br\u00fbl\u00e9","prov":"","kind":"coastal","level":4.303,"time":"2026-09-09T10:34:00Z","src":"dfo"}},{"type":"Feature","geometry":{"type":"Point","coordinates":[-84.90084,47.96133]},"properties":{"id":"10750","name":"Michipicoten","prov":"","kind":"coastal","level":0.263,"time":"2026-09-09T10:33:00Z","src":"dfo"}},{"type":"Feature","geometry":{"type":"Point","coordinates":[-122.8861,49.4618]},"properties":{"id":"07774","name":"Indian Arm Head","prov":"","kind":"coastal","level":3.93,"time":"2026-09-09T10:33:00Z","src":"dfo"}},{"type":"Feature","geometry":{"type":"Point","coordinates":[-81.7278,43.74535]},"properties":{"id":"11860","name":"Goderich","prov":"","kind":"coastal","level":0.657,"time":"2026-09-09T10:33:00Z","src":"dfo"}},{"type":"Feature","geometry":{"type":"Point","coordinates":[-82.42146,42.99131]},"properties":{"id":"11940","name":"Point Edward","prov":"","kind":"coastal","level":0.645,"time":"2026-09-09T10:33:00Z","src":"dfo"}},{"type":"Feature","geometry":{"type":"Point","coordinates":[-73.11567,46.04717]},"properties":{"id":"15930","name":"Sorel","prov":"","kind":"coastal","level":0.501,"time":"2026-09-09T10:34:00Z","src":"dfo"}},{"type":"Feature","geometry":{"type":"Point","coordinates":[-123.169,49.669]},"properties":{"id":"07808","name":"Darrell Bay","prov":"","kind":"coastal","level":4.077,"time":"2026-09-09T10:33:00Z","src":"dfo"}},{"type":"Feature","geometry":{"type":"Point","coordinates":[-84.5863,46.5291]},"properties":{"id":"10920","name":"Gros Cap","prov":"","kind":"coastal","level":0.269,"time":"2026-09-09T10:33:00Z","src":"dfo"}},{"type":"Feature","geometry":{"type":"Point","coordinates":[-84.36722,46.51229]},"properties":{"id":"10980","name":"Sault Ste Marie - Above Locks","prov":"","kind":"coastal","level":0.351,"time":"2026-09-09T10:33:00Z","src":"dfo"}},{"type":"Feature","geometry":{"type":"Point","coordinates":[-84.34326,46.51125]},"properties":{"id":"11010","name":"Sault Ste Marie - Below Locks","prov":"","kind":"coastal","level":0.513,"time":"2026-09-09T10:33:00Z","src":"dfo"}},{"type":"Feature","geometry":{"type":"Point","coordinates":[-68.51367,48.47833]},"properties":{"id":"02985","name":"Rimouski","prov":"","kind":"coastal","level":1.079,"time":"2026-09-09T10:33:00Z","src":"dfo"}},{"type":"Feature","geometry":{"type":"Point","coordinates":[-61.85728,47.37886]},"properties":{"id":"01970","name":"Cap-aux-Meules","prov":"","kind":"coastal","level":1.301,"time":"2026-09-09T10:33:00Z","src":"dfo"}},{"type":"Feature","geometry":{"type":"Point","coordinates":[-53.9919,47.29]},"properties":{"id":"00835","name":"Argentia","prov":"","kind":"coastal","level":2.143,"time":"2026-09-09T10:33:00Z","src":"dfo"}},{"type":"Feature","geometry":{"type":"Point","coordinates":[-71.00333,46.85817]},"properties":{"id":"03110","name":"Saint-Laurent I.O.","prov":"","kind":"coastal","level":4.48,"time":"2026-09-09T10:34:00Z","src":"dfo"}},{"type":"Feature","geometry":{"type":"Point","coordinates":[-80.20155,42.78131]},"properties":{"id":"12710","name":"Port Dover","prov":"","kind":"coastal","level":0.911,"time":"2026-09-09T10:33:00Z","src":"dfo"}},{"type":"Feature","geometry":{"type":"Point","coordinates":[-132.149,54.01]},"properties":{"id":"09910","name":"Masset","prov":"","kind":"coastal","level":2.157,"time":"2026-09-09T10:33:00Z","src":"dfo"}},{"type":"Feature","geometry":{"type":"Point","coordinates":[-64.3805,48.997]},"properties":{"id":"02330","name":"Rivi\u00e8re-au-Renard","prov":"","kind":"coastal","level":0.574,"time":"2026-09-09T10:34:00Z","src":"dfo"}},{"type":"Feature","geometry":{"type":"Point","coordinates":[-75.19083,44.8905]},"properties":{"id":"14660","name":"Morrisburg","prov":"","kind":"coastal","level":0.656,"time":"2026-09-09T10:33:00Z","src":"dfo"}},{"type":"Feature","geometry":{"type":"Point","coordinates":[-79.88797,44.75288]},"properties":{"id":"11445","name":"Midland","prov":"","kind":"coastal","level":0.52,"time":"2026-09-09T10:33:00Z","src":"dfo"}},{"type":"Feature","geometry":{"type":"Point","coordinates":[-71.05483,48.43083]},"properties":{"id":"03480","name":"Chicoutimi","prov":"","kind":"coastal","level":1.728,"time":"2026-09-09T10:34:00Z","src":"dfo"}},{"type":"Feature","geometry":{"type":"Point","coordinates":[-123.25358,49.3375]},"properties":{"id":"07795","name":"Point Atkinson","prov":"","kind":"coastal","level":3.994,"time":"2026-09-09T10:33:00Z","src":"dfo"}},{"type":"Feature","geometry":{"type":"Point","coordinates":[-122.86583,49.2877]},"properties":{"id":"07755","name":"Port Moody","prov":"","kind":"coastal","level":4.102,"time":"2026-09-09T10:33:00Z","src":"dfo"}},{"type":"Feature","geometry":{"type":"Point","coordinates":[-89.2173,48.4094]},"properties":{"id":"10050","name":"Thunder Bay","prov":"","kind":"coastal","level":0.282,"time":"2026-09-09T10:33:00Z","src":"dfo"}},{"type":"Feature","geometry":{"type":"Point","coordinates":[-61.36564,45.61442]},"properties":{"id":"00575","name":"Port Hawkesbury","prov":"","kind":"coastal","level":1.857,"time":"2026-09-09T10:33:00Z","src":"dfo"}},{"type":"Feature","geometry":{"type":"Point","coordinates":[-71.57283,46.6965]},"properties":{"id":"03280","name":"Neuville","prov":"","kind":"coastal","level":4.526,"time":"2026-09-09T10:33:00Z","src":"dfo"}},{"type":"Feature","geometry":{"type":"Point","coordinates":[-125.136,48.836]},"properties":{"id":"08545","name":"Bamfield","prov":"","kind":"coastal","level":1.162,"time":"2026-09-09T10:33:00Z","src":"dfo"}},{"type":"Feature","geometry":{"type":"Point","coordinates":[-87.51959,48.83367]},"properties":{"id":"10220","name":"Rossport","prov":"","kind":"coastal","level":0.231,"time":"2026-09-09T10:33:00Z","src":"dfo"}},{"type":"Feature","geometry":{"type":"Point","coordinates":[-124.421,48.555]},"properties":{"id":"08525","name":"Port Renfrew","prov":"","kind":"coastal","level":1.346,"time":"2026-09-09T10:33:00Z","src":"dfo"}},{"type":"Feature","geometry":{"type":"Point","coordinates":[-75.30868,44.83456]},"properties":{"id":"14602","name":"Iroquois Below","prov":"","kind":"coastal","level":0.607,"time":"2026-09-09T10:33:00Z","src":"dfo"}},{"type":"Feature","geometry":{"type":"Point","coordinates":[-123.13936,49.27658]},"properties":{"id":"07707","name":"Kitsilano","prov":"","kind":"coastal","level":4.044,"time":"2026-09-09T10:33:00Z","src":"dfo"}},{"type":"Feature","geometry":{"type":"Point","coordinates":[-52.70231,47.56705]},"properties":{"id":"00905","name":"St. Johns","prov":"","kind":"coastal","level":1.185,"time":"2026-09-09T10:33:00Z","src":"dfo"}},{"type":"Feature","geometry":{"type":"Point","coordinates":[-70.80817,46.9965]},"properties":{"id":"03100","name":"Saint-Fran\u00e7ois I.O.","prov":"","kind":"coastal","level":4.467,"time":"2026-09-09T10:34:00Z","src":"dfo"}},{"type":"Feature","geometry":{"type":"Point","coordinates":[-123.0997,49.2863]},"properties":{"id":"07735","name":"Vancouver","prov":"","kind":"coastal","level":3.977,"time":"2026-09-09T10:33:00Z","src":"dfo"}},{"type":"Feature","geometry":{"type":"Point","coordinates":[-124.81361,49.22562]},"properties":{"id":"08575","name":"Port Alberni","prov":"","kind":"coastal","level":1.004,"time":"2026-09-09T10:33:00Z","src":"dfo"}},{"type":"Feature","geometry":{"type":"Point","coordinates":[-65.84589,47.90895]},"properties":{"id":"02145","name":"Belledune","prov":"","kind":"coastal","level":0.95,"time":"2026-09-09T10:33:00Z","src":"dfo"}},{"type":"Feature","geometry":{"type":"Point","coordinates":[-73.44369,45.68431]},"properties":{"id":"15660","name":"Varennes","prov":"","kind":"coastal","level":0.335,"time":"2026-09-09T10:34:00Z","src":"dfo"}},{"type":"Feature","geometry":{"type":"Point","coordinates":[-74.55409,45.05995]},"properties":{"id":"14940","name":"Summerstown","prov":"","kind":"coastal","level":0.44,"time":"2026-09-09T10:33:00Z","src":"dfo"}},{"type":"Feature","geometry":{"type":"Point","coordinates":[-64.88556,47.08224]},"properties":{"id":"02000","name":"Escuminac","prov":"","kind":"coastal","level":0.927,"time":"2026-09-09T10:33:00Z","src":"dfo"}},{"type":"Feature","geometry":{"type":"Point","coordinates":[-123.3042,49.1052]},"properties":{"id":"07594","name":"Sand Heads","prov":"","kind":"coastal","level":3.905,"time":"2026-09-09T10:33:00Z","src":"dfo"}},{"type":"Feature","geometry":{"type":"Point","coordinates":[-125.552,48.947]},"properties":{"id":"08595","name":"Ucluelet","prov":"","kind":"coastal","level":1.196,"time":"2026-09-09T10:33:00Z","src":"dfo"}},{"type":"Feature","geometry":{"type":"Point","coordinates":[-62.74939,45.95288]},"properties":{"id":"01680","name":"Wood Islands","prov":"","kind":"coastal","level":2.183,"time":"2026-09-09T10:33:00Z","src":"dfo"}},{"type":"Feature","geometry":{"type":"Point","coordinates":[-80.03588,45.33855]},"properties":{"id":"11375","name":"Parry Sound","prov":"","kind":"coastal","level":0.496,"time":"2026-09-09T10:33:00Z","src":"dfo"}},{"type":"Feature","geometry":{"type":"Point","coordinates":[-74.71151,45.01473]},"properties":{"id":"14870","name":"Cornwall","prov":"","kind":"coastal","level":0.504,"time":"2026-09-09T10:33:00Z","src":"dfo"}},{"type":"Feature","geometry":{"type":"Point","coordinates":[-129.978,54.999]},"properties":{"id":"09422","name":"Gingolx","prov":"","kind":"coastal","level":3.989,"time":"2026-09-09T10:33:00Z","src":"dfo"}},{"type":"Feature","geometry":{"type":"Point","coordinates":[-125.913,49.154]},"properties":{"id":"08615","name":"Tofino","prov":"","kind":"coastal","level":1.275,"time":"2026-09-09T10:33:00Z","src":"dfo"}},{"type":"Feature","geometry":{"type":"Point","coordinates":[-60.24531,46.20897]},"properties":{"id":"00612","name":"North Sydney","prov":"","kind":"coastal","level":1.485,"time":"2026-09-09T10:33:00Z","src":"dfo"}},{"type":"Feature","geometry":{"type":"Point","coordinates":[-78.1644,43.95647]},"properties":{"id":"13590","name":"Cobourg","prov":"","kind":"coastal","level":1.0,"time":"2026-09-09T10:33:00Z","src":"dfo"}},{"type":"Feature","geometry":{"type":"Point","coordinates":[-75.32091,44.8223]},"properties":{"id":"14600","name":"Iroquois Above","prov":"","kind":"coastal","level":0.981,"time":"2026-09-09T10:33:00Z","src":"dfo"}},{"type":"Feature","geometry":{"type":"Point","coordinates":[-71.87717,46.68117]},"properties":{"id":"03300","name":"Portneuf","prov":"","kind":"coastal","level":4.315,"time":"2026-09-09T10:33:00Z","src":"dfo"}},{"type":"Feature","geometry":{"type":"Point","coordinates":[-66.3851,50.20037]},"properties":{"id":"02780","name":"Sept-\u00celes","prov":"","kind":"coastal","level":0.553,"time":"2026-09-09T10:34:00Z","src":"dfo"}},{"type":"Feature","geometry":{"type":"Point","coordinates":[-130.3351,54.23488]},"properties":{"id":"09346","name":"Prince Rupert RoRo","prov":"","kind":"coastal","level":3.975,"time":"2026-09-09T10:33:00Z","src":"dfo"}},{"type":"Feature","geometry":{"type":"Point","coordinates":[-79.79344,43.29944]},"properties":{"id":"13150","name":"Burlington","prov":"","kind":"coastal","level":1.053,"time":"2026-09-09T10:33:00Z","src":"dfo"}},{"type":"Feature","geometry":{"type":"Point","coordinates":[-130.30348,54.23629]},"properties":{"id":"09339","name":"Pembina Terminal","prov":"","kind":"coastal","level":3.996,"time":"2026-09-09T10:33:00Z","src":"dfo"}},{"type":"Feature","geometry":{"type":"Point","coordinates":[-128.143,52.163]},"properties":{"id":"08976","name":"Bella Bella","prov":"","kind":"coastal","level":2.252,"time":"2026-09-09T10:33:00Z","src":"dfo"}},{"type":"Feature","geometry":{"type":"Point","coordinates":[-123.15458,49.32577]},"properties":{"id":"07780","name":"Ambleside","prov":"","kind":"coastal","level":4.018,"time":"2026-09-09T10:33:00Z","src":"dfo"}},{"type":"Feature","geometry":{"type":"Point","coordinates":[-128.696,53.989]},"properties":{"id":"09140","name":"Kitimat","prov":"","kind":"coastal","level":2.99,"time":"2026-09-09T10:33:00Z","src":"dfo"}},{"type":"Feature","geometry":{"type":"Point","coordinates":[-76.51778,44.21818]},"properties":{"id":"13988","name":"Kingston","prov":"","kind":"coastal","level":0.989,"time":"2026-09-09T10:33:00Z","src":"dfo"}},{"type":"Feature","geometry":{"type":"Point","coordinates":[-70.3655,47.44883]},"properties":{"id":"03057","name":"Saint-Joseph-de-la-Rive","prov":"","kind":"coastal","level":3.63,"time":"2026-09-09T10:34:00Z","src":"dfo"}},{"type":"Feature","geometry":{"type":"Point","coordinates":[-75.68193,44.58693]},"properties":{"id":"14400","name":"Brockville","prov":"","kind":"coastal","level":0.914,"time":"2026-09-09T10:33:00Z","src":"dfo"}},{"type":"Feature","geometry":{"type":"Point","coordinates":[-73.5425,45.52867]},"properties":{"id":"15540","name":"Montr\u00e9al rue Frontenac","prov":"","kind":"coastal","level":0.406,"time":"2026-09-09T10:34:00Z","src":"dfo"}},{"type":"Feature","geometry":{"type":"Point","coordinates":[-130.01,55.9166]},"properties":{"id":"09475","name":"Stewart","prov":"","kind":"coastal","level":4.26,"time":"2026-09-09T10:33:00Z","src":"dfo"}},{"type":"Feature","geometry":{"type":"Point","coordinates":[-68.5025,63.71267]},"properties":{"id":"04140","name":"Iqaluit","prov":"","kind":"coastal","level":9.575,"time":"2026-09-09T10:33:00Z","src":"dfo"}},{"type":"Feature","geometry":{"type":"Point","coordinates":[-129.25188,53.42421]},"properties":{"id":"09130","name":"Hartley Bay","prov":"","kind":"coastal","level":2.715,"time":"2026-09-09T10:33:00Z","src":"dfo"}},{"type":"Feature","geometry":{"type":"Point","coordinates":[-128.029,50.513]},"properties":{"id":"08735","name":"Winter Harbour","prov":"","kind":"coastal","level":1.597,"time":"2026-09-09T10:33:00Z","src":"dfo"}},{"type":"Feature","geometry":{"type":"Point","coordinates":[-94.1919,58.77343]},"properties":{"id":"05010","name":"Churchill","prov":"","kind":"coastal","level":3.515,"time":"2026-09-09T10:33:00Z","src":"dfo"}},{"type":"Feature","geometry":{"type":"Point","coordinates":[-123.3929,48.64922]},"properties":{"id":"07260","name":"Sidney","prov":"","kind":"coastal","level":2.722,"time":"2026-09-09T10:33:00Z","src":"dfo"}},{"type":"Feature","geometry":{"type":"Point","coordinates":[-73.5673,45.5017]},"properties":{"id":"orrpb-river-montreal-archipelago","name":"Montreal Archipelago","prov":"ON/QC","kind":"river","src":"orrpb"}},{"type":"Feature","geometry":{"type":"Point","coordinates":[-79.1575,46.8075]},"properties":{"id":"orrpb-river-ottawa-river-at-temiscaming","name":"Ottawa River at Temiscaming","prov":"ON/QC","kind":"river","src":"orrpb"}},{"type":"Feature","geometry":{"type":"Point","coordinates":[-74.6089,45.6311]},"properties":{"id":"orrpb-river-grenville","name":"Grenville","prov":"ON/QC","kind":"river","level":41.2,"time":"2026-09-09T03:00:00Z","src":"orrpb","class":"normal","classBy":"orrpb"}},{"type":"Feature","geometry":{"type":"Point","coordinates":[-75.242,45.588]},"properties":{"id":"orrpb-river-thurso","name":"Thurso","prov":"ON/QC","kind":"river","level":41.24,"time":"2026-09-09T03:00:00Z","src":"orrpb","class":"normal","classBy":"orrpb"}},{"type":"Feature","geometry":{"type":"Point","coordinates":[-75.7066,45.4314]},"properties":{"id":"orrpb-river-gatineau-hull","name":"Gatineau (Hull)","prov":"ON/QC","kind":"river","level":41.4,"time":"2026-09-09T03:00:00Z","src":"orrpb","class":"normal","classBy":"orrpb"}},{"type":"Feature","geometry":{"type":"Point","coordinates":[-76.7433,45.8394]},"properties":{"id":"orrpb-river-lake-coulonge-at-fort-coulonge","name":"Lake Coulonge at Fort-Coulonge","prov":"ON/QC","kind":"river","level":106.17,"time":"2026-09-09T03:00:00Z","src":"orrpb","class":"normal","classBy":"orrpb"}},{"type":"Feature","geometry":{"type":"Point","coordinates":[-74.417,45.573]},"properties":{"id":"orrpb-river-ottawa-river-at-carillon","name":"Ottawa River at Carillon","prov":"ON/QC","kind":"river","level":41.11,"discharge":1052.0,"time":"2026-09-09T03:00:00Z","src":"orrpb","class":"normal","classBy":"orrpb"}},{"type":"Feature","geometry":{"type":"Point","coordinates":[-75.805,45.365]},"properties":{"id":"orrpb-river-lake-deschenes-at-britannia-ottawa","name":"Lake Deschenes at Britannia (Ottawa)","prov":"ON/QC","kind":"river","level":58.02,"discharge":818.0,"time":"2026-09-09T02:00:00Z","src":"orrpb","class":"normal","classBy":"orrpb"}},{"type":"Feature","geometry":{"type":"Point","coordinates":[-76.4347,45.4888]},"properties":{"id":"orrpb-river-ottawa-river-at-chats-falls-gs","name":"Ottawa River at Chats Falls GS","prov":"ON/QC","kind":"river","level":74.03,"discharge":745.0,"time":"2026-09-09T03:00:00Z","src":"orrpb","class":"low","classBy":"orrpb"}},{"type":"Feature","geometry":{"type":"Point","coordinates":[-76.6742,45.6125]},"properties":{"id":"orrpb-river-ottawa-river-at-chenaux-gs","name":"Ottawa River at Chenaux GS","prov":"ON/QC","kind":"river","level":86.15,"discharge":532.0,"time":"2026-09-09T03:00:00Z","src":"orrpb","class":"normal","classBy":"orrpb"}},{"type":"Feature","geometry":{"type":"Point","coordinates":[-77.117,45.829]},"properties":{"id":"orrpb-river-pembroke","name":"Pembroke","prov":"ON/QC","kind":"river","level":111.22,"time":"2026-09-09T01:00:00Z","src":"orrpb","class":"normal","classBy":"orrpb"}},{"type":"Feature","geometry":{"type":"Point","coordinates":[-77.7492,46.1894]},"properties":{"id":"orrpb-river-des-joachims","name":"Des Joachims","prov":"ON/QC","kind":"river","level":152.16,"time":"2026-09-09T03:00:00Z","src":"orrpb","class":"normal","classBy":"orrpb"}},{"type":"Feature","geometry":{"type":"Point","coordinates":[-78.7042,46.3075]},"properties":{"id":"orrpb-river-mattawa","name":"Mattawa","prov":"ON/QC","kind":"river","level":152.18,"time":"2026-09-09T02:00:00Z","src":"orrpb","class":"low","classBy":"orrpb"}},{"type":"Feature","geometry":{"type":"Point","coordinates":[-78.7794,46.4017]},"properties":{"id":"orrpb-river-ottawa-river-at-otto-holden-gs","name":"Ottawa River at Otto Holden GS","prov":"ON/QC","kind":"river","level":177.28,"time":"2026-09-09T03:00:00Z","src":"orrpb","class":"high","classBy":"orrpb"}},{"type":"Feature","geometry":{"type":"Point","coordinates":[-79.6298,47.45]},"properties":{"id":"orrpb-reservoir-timiskaming-at-haileybury","name":"Timiskaming at Haileybury","prov":"ON/QC","kind":"reservoir","level":179.02,"time":"2026-09-09T02:00:00Z","src":"orrpb","class":"normal","classBy":"orrpb","resName":"Lake Timiskaming","resOperator":"PSPC (Ottawa River regulation)","capacityKm3":1.22,"fslM":179.56,"fillPct":86.7,"estStorageKm3":1.06}},{"type":"Feature","geometry":{"type":"Point","coordinates":[-75.7089,46.0139]},"properties":{"id":"orrpb-reservoir-poisson-blanc","name":"Poisson Blanc","prov":"ON/QC","kind":"reservoir","level":200.07,"discharge":113.0,"time":"2026-09-09T03:00:00Z","src":"orrpb","class":"normal","classBy":"orrpb"}},{"type":"Feature","geometry":{"type":"Point","coordinates":[-75.0719,46.6708]},"properties":{"id":"orrpb-reservoir-kiamika","name":"Kiamika","prov":"ON/QC","kind":"reservoir","level":267.72,"discharge":13.0,"time":"2026-09-09T03:00:00Z","src":"orrpb","class":"normal","classBy":"orrpb"}},{"type":"Feature","geometry":{"type":"Point","coordinates":[-75.0683,47.35]},"properties":{"id":"orrpb-reservoir-mitchinamecus","name":"Mitchinamecus","prov":"ON/QC","kind":"reservoir","level":380.77,"discharge":23.0,"time":"2026-09-09T03:00:00Z","src":"orrpb","class":"high","classBy":"orrpb"}},{"type":"Feature","geometry":{"type":"Point","coordinates":[-75.8336,46.8014]},"properties":{"id":"orrpb-reservoir-baskatong","name":"Baskatong","prov":"ON/QC","kind":"reservoir","level":220.76,"discharge":168.0,"time":"2026-09-09T03:00:00Z","src":"orrpb","class":"normal","classBy":"orrpb","resName":"Baskatong Reservoir","resOperator":"Hydro-Qu\u00e9bec","capacityKm3":3.05,"fslM":223.14,"fillPct":84.7,"estStorageKm3":2.58}},{"type":"Feature","geometry":{"type":"Point","coordinates":[-76.5769,47.3325]},"properties":{"id":"orrpb-reservoir-cabonga","name":"Cabonga","prov":"ON/QC","kind":"reservoir","level":359.82,"discharge":7.0,"time":"2026-09-09T03:00:00Z","src":"orrpb","class":"normal","classBy":"orrpb","resName":"Cabonga Reservoir","resOperator":"Hydro-Qu\u00e9bec","capacityKm3":1.57,"fslM":360.88,"fillPct":77.5,"estStorageKm3":1.22}},{"type":"Feature","geometry":{"type":"Point","coordinates":[-77.8014,45.4072]},"properties":{"id":"orrpb-reservoir-bark-lake","name":"Bark Lake","prov":"ON/QC","kind":"reservoir","level":313.81,"discharge":18.0,"time":"2026-09-09T00:00:00Z","src":"orrpb","class":"high","classBy":"orrpb"}},{"type":"Feature","geometry":{"type":"Point","coordinates":[-77.7492,46.1894]},"properties":{"id":"orrpb-reservoir-des-joachims","name":"Des Joachims","prov":"ON/QC","kind":"reservoir","level":152.16,"time":"2026-09-09T03:00:00Z","src":"orrpb","class":"normal","classBy":"orrpb"}},{"type":"Feature","geometry":{"type":"Point","coordinates":[-79.104,46.719]},"properties":{"id":"orrpb-reservoir-timiskaming-at-temiscaming","name":"Timiskaming at Temiscaming","prov":"ON/QC","kind":"reservoir","level":179.07,"time":"2026-09-09T02:00:00Z","src":"orrpb","class":"normal","classBy":"orrpb"}},{"type":"Feature","geometry":{"type":"Point","coordinates":[-79.2698,47.0418]},"properties":{"id":"orrpb-reservoir-kipawa","name":"Kipawa","prov":"ON/QC","kind":"reservoir","level":269.4,"discharge":59.0,"time":"2026-09-09T03:00:00Z","src":"orrpb","class":"normal","classBy":"orrpb"}},{"type":"Feature","geometry":{"type":"Point","coordinates":[-80.0206,47.4053]},"properties":{"id":"orrpb-reservoir-lady-evelyn","name":"Lady Evelyn","prov":"ON/QC","kind":"reservoir","level":289.14,"discharge":15.0,"time":"2026-09-09T00:00:00Z","src":"orrpb","class":"normal","classBy":"orrpb"}},{"type":"Feature","geometry":{"type":"Point","coordinates":[-79.1743,47.5702]},"properties":{"id":"orrpb-reservoir-quinze","name":"Quinze","prov":"ON/QC","kind":"reservoir","level":262.92,"discharge":275.0,"time":"2026-09-09T03:00:00Z","src":"orrpb","class":"normal","classBy":"orrpb"}},{"type":"Feature","geometry":{"type":"Point","coordinates":[-78.3128,47.7689]},"properties":{"id":"orrpb-reservoir-rapide-7","name":"Rapide-7","prov":"ON/QC","kind":"reservoir","level":309.05,"discharge":156.0,"time":"2026-09-09T03:00:00Z","src":"orrpb","class":"normal","classBy":"orrpb"}},{"type":"Feature","geometry":{"type":"Point","coordinates":[-77.0967,47.4972]},"properties":{"id":"orrpb-reservoir-dozois","name":"Dozois","prov":"ON/QC","kind":"reservoir","level":343.52,"discharge":166.0,"time":"2026-09-09T03:00:00Z","src":"orrpb","class":"normal","classBy":"orrpb","resName":"Dozois Reservoir","resOperator":"Hydro-Qu\u00e9bec","capacityKm3":1.86,"fslM":345.95,"fillPct":73.4,"estStorageKm3":1.37}},{"type":"Feature","geometry":{"type":"Point","coordinates":[-74.18551,47.53708]},"properties":{"id":"hq-1-15957","name":"Manouane-A Barrage aval","prov":"QC","kind":"river","level":416.36,"time":"2026-09-08T19:00:00Z","src":"hq"}},{"type":"Feature","geometry":{"type":"Point","coordinates":[-74.98146,48.64748]},"properties":{"id":"hq-1-15412","name":"R\u00e9servoir Gouin Nord","prov":"QC","kind":"reservoir","level":404.15,"time":"2026-09-08T19:00:00Z","src":"hq","resName":"Gouin Reservoir","resOperator":"Hydro-Qu\u00e9bec","capacityKm3":8.5,"fslM":405.08,"fillPct":92.2,"estStorageKm3":7.84}},{"type":"Feature","geometry":{"type":"Point","coordinates":[-72.33416,54.52756]},"properties":{"id":"hq-1-15838","name":"Lac des Oeufs","prov":"QC","kind":"reservoir","level":437.32,"time":"2026-09-08T19:00:00Z","src":"hq"}},{"type":"Feature","geometry":{"type":"Point","coordinates":[-63.37519,51.35557]},"properties":{"id":"hq-1-10782","name":"Garneau (CM5S)","prov":"QC","kind":"river","level":399.73,"time":"2026-09-08T19:00:00Z","src":"hq"}},{"type":"Feature","geometry":{"type":"Point","coordinates":[-63.48808,51.3478]},"properties":{"id":"hq-1-15816","name":"Romaine-4 Centrale amont","prov":"QC","kind":"reservoir","level":457.79,"time":"2026-09-08T19:00:00Z","src":"hq"}},{"type":"Feature","geometry":{"type":"Point","coordinates":[-63.487,51.3496]},"properties":{"id":"hq-1-15818","name":"Romaine-4 Barrage amont","prov":"QC","kind":"reservoir","level":457.79,"time":"2026-09-08T19:00:00Z","src":"hq"}},{"type":"Feature","geometry":{"type":"Point","coordinates":[-63.4843,51.3481]},"properties":{"id":"hq-1-15817","name":"Romaine-4 Centrale aval","prov":"QC","kind":"river","level":365.38,"time":"2026-09-08T19:00:00Z","src":"hq"}},{"type":"Feature","geometry":{"type":"Point","coordinates":[-74.03349,45.30036]},"properties":{"id":"hq-1-15746","name":"Saint-Timoth\u00e9e Barrage temporaire","prov":"QC","kind":"river","level":35.37,"time":"2026-09-08T19:00:00Z","src":"hq"}},{"type":"Feature","geometry":{"type":"Point","coordinates":[-69.4241,50.795]},"properties":{"id":"hq-1-7290","name":"Rivi\u00e8re aux Outardes (CM5W)","prov":"QC","kind":"river","level":383.16,"time":"2026-09-08T19:00:00Z","src":"hq"}},{"type":"Feature","geometry":{"type":"Point","coordinates":[-72.57526,47.1784]},"properties":{"id":"hq-1-15681","name":"Rivi\u00e8re Reed (CM5Q)","prov":"QC","kind":"river","level":208.02,"time":"2026-09-08T19:00:00Z","src":"hq"}},{"type":"Feature","geometry":{"type":"Point","coordinates":[-77.07756,47.67205]},"properties":{"id":"hq-1-15680","name":"Rivi\u00e8re Chochocouane (CM5U)","prov":"QC","kind":"river","level":351.88,"time":"2026-09-08T19:00:00Z","src":"hq"}},{"type":"Feature","geometry":{"type":"Point","coordinates":[-63.12932,51.09416]},"properties":{"id":"hq-1-15679","name":"Abb\u00e9 Huard (CM5T)","prov":"QC","kind":"river","level":285.31,"time":"2026-09-08T19:00:00Z","src":"hq"}},{"type":"Feature","geometry":{"type":"Point","coordinates":[-73.97244,47.99574]},"properties":{"id":"hq-1-15674","name":"Rivi\u00e8re Ruban (CM5R)","prov":"QC","kind":"river","level":359.04,"time":"2026-09-08T19:00:00Z","src":"hq"}},{"type":"Feature","geometry":{"type":"Point","coordinates":[-74.03929,46.81342]},"properties":{"id":"hq-1-15671","name":"Rivi\u00e8re Milieu (CM5N)","prov":"QC","kind":"river","level":376.93,"time":"2026-09-08T19:00:00Z","src":"hq"}},{"type":"Feature","geometry":{"type":"Point","coordinates":[-72.765,46.536]},"properties":{"id":"hq-1-15745","name":"Melville amont","prov":"QC","kind":"reservoir","level":75.47,"time":"2026-09-08T19:00:00Z","src":"hq"}},{"type":"Feature","geometry":{"type":"Point","coordinates":[-73.26186,45.44512]},"properties":{"id":"hq-1-15586","name":"Chambly","prov":"QC","kind":"river","level":15.36,"time":"2026-09-08T19:00:00Z","src":"hq"}},{"type":"Feature","geometry":{"type":"Point","coordinates":[-76.7651,45.75581]},"properties":{"id":"hq-1-15569","name":"Rocher Fendu amont (CM6B)","prov":"QC","kind":"reservoir","level":106.15,"time":"2026-09-08T19:00:00Z","src":"hq"}},{"type":"Feature","geometry":{"type":"Point","coordinates":[-63.16713,50.64163]},"properties":{"id":"hq-1-15616","name":"Rivi\u00e8re Romaine Sud-Est (CMRR)","prov":"QC","kind":"river","level":109.51,"time":"2026-09-08T19:00:00Z","src":"hq"}},{"type":"Feature","geometry":{"type":"Point","coordinates":[-63.8381,51.9175]},"properties":{"id":"hq-1-11212","name":"Rivi\u00e8re aux Sauterelles (CM2R)","prov":"QC","kind":"river","level":459.12,"time":"2026-09-08T20:00:00Z","src":"hq"}},{"type":"Feature","geometry":{"type":"Point","coordinates":[-68.1568,54.2437]},"properties":{"id":"hq-1-15504","name":"Lac Falaise (CM2O)","prov":"QC","kind":"reservoir","level":542.17,"time":"2026-09-08T19:00:00Z","src":"hq"}},{"type":"Feature","geometry":{"type":"Point","coordinates":[-67.4768,50.9648]},"properties":{"id":"hq-1-15488","name":"Toulnustouc Nord-Est (CM3M)","prov":"QC","kind":"river","level":470.71,"time":"2026-09-08T19:00:00Z","src":"hq"}},{"type":"Feature","geometry":{"type":"Point","coordinates":[-63.7747,51.9481]},"properties":{"id":"hq-1-10773","name":"Lac Uauahk (ROMA0856, CMRV)","prov":"QC","kind":"reservoir","level":458.57,"time":"2026-09-08T19:00:00Z","src":"hq"}},{"type":"Feature","geometry":{"type":"Point","coordinates":[-75.399,48.4754]},"properties":{"id":"hq-1-15413","name":"R\u00e9servoir Gouin Sud","prov":"QC","kind":"reservoir","level":404.2,"time":"2026-09-08T19:00:00Z","src":"hq"}},{"type":"Feature","geometry":{"type":"Point","coordinates":[-79.3328,47.5757]},"properties":{"id":"hq-1-15371","name":"Rapides-des-\u00celes Barrage amont","prov":"QC","kind":"reservoir","level":227.72,"time":"2026-09-08T19:00:00Z","src":"hq"}},{"type":"Feature","geometry":{"type":"Point","coordinates":[-73.3123,53.0653]},"properties":{"id":"hq-1-15345","name":"Jacquelein (CM4H)","prov":"QC","kind":"river","level":379.87,"time":"2026-09-08T19:00:00Z","src":"hq"}},{"type":"Feature","geometry":{"type":"Point","coordinates":[-72.4268,52.5261]},"properties":{"id":"hq-1-15372","name":"Rivi\u00e8re Misask (CM5L)","prov":"QC","kind":"river","level":409.83,"time":"2026-09-08T19:00:00Z","src":"hq"}},{"type":"Feature","geometry":{"type":"Point","coordinates":[-74.0364,51.5469]},"properties":{"id":"hq-1-15350","name":"Lac des Pygargues (CM4M)","prov":"QC","kind":"reservoir","level":334.83,"time":"2026-09-08T19:00:00Z","src":"hq"}},{"type":"Feature","geometry":{"type":"Point","coordinates":[-71.4283,54.4661]},"properties":{"id":"hq-1-15353","name":"Sheshamush (CM4P)","prov":"QC","kind":"river","level":449.94,"time":"2026-09-08T19:00:00Z","src":"hq"}},{"type":"Feature","geometry":{"type":"Point","coordinates":[-75.9101,52.5932]},"properties":{"id":"hq-1-15344","name":"Gipouloux (CM4G)","prov":"QC","kind":"river","level":220.66,"time":"2026-09-08T19:00:00Z","src":"hq"}},{"type":"Feature","geometry":{"type":"Point","coordinates":[-69.9135,49.9766]},"properties":{"id":"hq-1-7292","name":"Betsiamites (CMBS)","prov":"QC","kind":"river","level":405.45,"time":"2026-09-08T19:00:00Z","src":"hq"}},{"type":"Feature","geometry":{"type":"Point","coordinates":[-70.9375,53.17639]},"properties":{"id":"hq-1-11133","name":"Lac Nichicun (CMFF)","prov":"QC","kind":"reservoir","level":528.8,"time":"2026-09-08T19:00:00Z","src":"hq"}},{"type":"Feature","geometry":{"type":"Point","coordinates":[-72.7903,53.7599]},"properties":{"id":"hq-1-15085","name":"LG4 Apport (CM3Z)","prov":"QC","kind":"river","level":390.95,"time":"2026-09-08T19:00:00Z","src":"hq"}},{"type":"Feature","geometry":{"type":"Point","coordinates":[-74.03762,45.29399]},"properties":{"id":"hq-1-15007","name":"Saint-Timoth\u00e9e amont","prov":"QC","kind":"reservoir","level":35.33,"time":"2026-09-08T19:00:00Z","src":"hq"}},{"type":"Feature","geometry":{"type":"Point","coordinates":[-76.1723,46.3801]},"properties":{"id":"hq-1-14591","name":"Rivi\u00e8re de l'Aigle","prov":"QC","kind":"river","level":178.27,"time":"2026-09-08T19:00:00Z","src":"hq"}},{"type":"Feature","geometry":{"type":"Point","coordinates":[-68.7104,49.7613]},"properties":{"id":"hq-1-14334","name":"Rivi\u00e8re Vallant","prov":"QC","kind":"river","level":191.14,"time":"2026-09-08T19:00:00Z","src":"hq"}},{"type":"Feature","geometry":{"type":"Point","coordinates":[-68.4124,51.9419]},"properties":{"id":"hq-1-14284","name":"Rivi\u00e8re Th\u00e9mines","prov":"QC","kind":"river","level":375.24,"time":"2026-09-08T19:00:00Z","src":"hq"}},{"type":"Feature","geometry":{"type":"Point","coordinates":[-68.56,48.0004]},"properties":{"id":"hq-1-14294","name":"Rivi\u00e8re Horton","prov":"QC","kind":"river","level":219.45,"time":"2026-09-08T19:00:00Z","src":"hq"}},{"type":"Feature","geometry":{"type":"Point","coordinates":[-69.6078,49.3956]},"properties":{"id":"hq-1-14274","name":"Rivi\u00e8re aux Brochets","prov":"QC","kind":"river","level":144.28,"time":"2026-09-08T19:00:00Z","src":"hq"}},{"type":"Feature","geometry":{"type":"Point","coordinates":[-76.0671,46.902]},"properties":{"id":"hq-1-14264","name":"Rivi\u00e8re Gens de Terre","prov":"QC","kind":"river","level":226.23,"time":"2026-09-08T19:00:00Z","src":"hq"}},{"type":"Feature","geometry":{"type":"Point","coordinates":[-63.26,50.39]},"properties":{"id":"hq-1-14186","name":"Romaine-1 Barrage amont","prov":"QC","kind":"reservoir","level":81.58,"time":"2026-09-08T19:00:00Z","src":"hq"}},{"type":"Feature","geometry":{"type":"Point","coordinates":[-63.2506,50.3881]},"properties":{"id":"hq-1-14142","name":"Romaine-1 Centrale amont","prov":"QC","kind":"reservoir","level":81.61,"time":"2026-09-08T19:00:00Z","src":"hq"}},{"type":"Feature","geometry":{"type":"Point","coordinates":[-63.2567,50.3856]},"properties":{"id":"hq-1-14143","name":"Romaine-1 Centrale aval","prov":"QC","kind":"river","level":18.55,"time":"2026-09-08T19:00:00Z","src":"hq"}},{"type":"Feature","geometry":{"type":"Point","coordinates":[-77.40478,47.72276]},"properties":{"id":"hq-1-12314","name":"Grand Lac Victoria (CMIR)","prov":"QC","kind":"reservoir","level":324.07,"time":"2026-09-08T19:00:00Z","src":"hq"}},{"type":"Feature","geometry":{"type":"Point","coordinates":[-68.933,49.6649]},"properties":{"id":"hq-1-12323","name":"Chevalier (CMDV)","prov":"QC","kind":"river","level":271.58,"time":"2026-09-08T19:00:00Z","src":"hq"}},{"type":"Feature","geometry":{"type":"Point","coordinates":[-73.9497,48.5715]},"properties":{"id":"hq-1-12315","name":"Rivi\u00e8re Wabano","prov":"QC","kind":"river","level":394.3,"time":"2026-09-08T19:00:00Z","src":"hq"}},{"type":"Feature","geometry":{"type":"Point","coordinates":[-63.2226,50.6717]},"properties":{"id":"hq-1-12253","name":"Romaine-2 Barrage amont","prov":"QC","kind":"reservoir","level":243.09,"time":"2026-09-08T19:00:00Z","src":"hq"}},{"type":"Feature","geometry":{"type":"Point","coordinates":[-63.4009,51.1114]},"properties":{"id":"hq-1-15010","name":"Romaine-3 Centrale aval","prov":"QC","kind":"river","level":243.38,"time":"2026-09-08T19:00:00Z","src":"hq"}},{"type":"Feature","geometry":{"type":"Point","coordinates":[-63.4097,51.1288]},"properties":{"id":"hq-1-15009","name":"Romaine-3 Centrale amont","prov":"QC","kind":"reservoir","level":365.27,"time":"2026-09-08T19:00:00Z","src":"hq"}},{"type":"Feature","geometry":{"type":"Point","coordinates":[-63.1941,50.6245]},"properties":{"id":"hq-1-12142","name":"Romaine-2 Centrale amont","prov":"QC","kind":"reservoir","level":243.04,"time":"2026-09-08T19:00:00Z","src":"hq"}},{"type":"Feature","geometry":{"type":"Point","coordinates":[-63.1941,50.6]},"properties":{"id":"hq-1-12152","name":"Romaine-2 Centrale aval","prov":"QC","kind":"river","level":83.33,"time":"2026-09-08T19:00:00Z","src":"hq"}},{"type":"Feature","geometry":{"type":"Point","coordinates":[-63.4211,51.1325]},"properties":{"id":"hq-1-15008","name":"Romaine-3 Barrage amont","prov":"QC","kind":"reservoir","level":365.28,"time":"2026-09-08T19:00:00Z","src":"hq"}},{"type":"Feature","geometry":{"type":"Point","coordinates":[-75.3189,54.0414]},"properties":{"id":"hq-1-11132","name":"Rivi\u00e8re Griault","prov":"QC","kind":"river","level":197.4,"time":"2026-09-08T19:00:00Z","src":"hq"}},{"type":"Feature","geometry":{"type":"Point","coordinates":[-68.6981,49.4469]},"properties":{"id":"hq-1-11122","name":"Rivi\u00e8re Caouishtagamac","prov":"QC","kind":"river","level":97.52,"time":"2026-09-08T19:00:00Z","src":"hq"}},{"type":"Feature","geometry":{"type":"Point","coordinates":[-70.47775,49.32047]},"properties":{"id":"hq-1-11112","name":"Rivi\u00e8re aux Sables","prov":"QC","kind":"river","level":426.44,"time":"2026-09-08T19:00:00Z","src":"hq"}},{"type":"Feature","geometry":{"type":"Point","coordinates":[-68.36,53.2011]},"properties":{"id":"hq-1-11092","name":"Lac Raimbault (CM5H)","prov":"QC","kind":"reservoir","level":590.32,"time":"2026-09-08T19:00:00Z","src":"hq"}},{"type":"Feature","geometry":{"type":"Point","coordinates":[-74.1089,53.3922]},"properties":{"id":"hq-1-11103","name":"Lac Corvette","prov":"QC","kind":"reservoir","level":328.63,"time":"2026-09-08T19:00:00Z","src":"hq"}},{"type":"Feature","geometry":{"type":"Point","coordinates":[-70.7614,54.7708]},"properties":{"id":"hq-1-11123","name":"Lac N\u00e9ret","prov":"QC","kind":"reservoir","level":480.67,"time":"2026-09-08T19:00:00Z","src":"hq"}},{"type":"Feature","geometry":{"type":"Point","coordinates":[-74.2764,53.9244]},"properties":{"id":"hq-1-11102","name":"Rivi\u00e8re Salleneuve","prov":"QC","kind":"river","level":254.96,"time":"2026-09-08T19:00:00Z","src":"hq"}},{"type":"Feature","geometry":{"type":"Point","coordinates":[-68.33417,49.19444]},"properties":{"id":"hq-1-10862","name":"Manic-1 amont","prov":"QC","kind":"reservoir","level":37.24,"time":"2026-09-08T19:00:00Z","src":"hq"}},{"type":"Feature","geometry":{"type":"Point","coordinates":[-74.8361,53.2039]},"properties":{"id":"hq-1-2909","name":"Lac Fr\u00e9gate (CQLF)","prov":"QC","kind":"reservoir","level":315.88,"time":"2026-09-08T19:00:00Z","src":"hq"}},{"type":"Feature","geometry":{"type":"Point","coordinates":[-73.3756,47.7867]},"properties":{"id":"hq-1-10653","name":"Rapides-des-Coeurs Barrage amont","prov":"QC","kind":"reservoir","level":299.54,"time":"2026-09-08T19:00:00Z","src":"hq"}},{"type":"Feature","geometry":{"type":"Point","coordinates":[-72.8722,51.0825]},"properties":{"id":"hq-1-10452","name":"Rivi\u00e8re T\u00e9miscamie HQP","prov":"QC","kind":"river","level":391.69,"time":"2026-09-08T19:00:00Z","src":"hq"}},{"type":"Feature","geometry":{"type":"Point","coordinates":[-73.1256,51.1186]},"properties":{"id":"hq-1-10482","name":"Lac Albanel (CGLN)","prov":"QC","kind":"reservoir","level":388.27,"time":"2026-09-08T19:00:00Z","src":"hq"}},{"type":"Feature","geometry":{"type":"Point","coordinates":[-73.0278,47.375]},"properties":{"id":"hq-1-10333","name":"Cinconsine","prov":"QC","kind":"river","level":245.38,"time":"2026-09-08T19:00:00Z","src":"hq"}},{"type":"Feature","geometry":{"type":"Point","coordinates":[-76.0415,52.1782]},"properties":{"id":"hq-1-10331","name":"Eastmain 1A Centrale amont","prov":"QC","kind":"reservoir","level":282.09,"time":"2026-09-08T19:00:00Z","src":"hq"}},{"type":"Feature","geometry":{"type":"Point","coordinates":[-76.0423,52.1798]},"properties":{"id":"hq-1-10332","name":"Eastmain 1A Centrale aval","prov":"QC","kind":"river","level":216.37,"time":"2026-09-08T19:00:00Z","src":"hq"}},{"type":"Feature","geometry":{"type":"Point","coordinates":[-73.0654,46.8917]},"properties":{"id":"hq-1-10112","name":"Rivi\u00e8re Matawin","prov":"QC","kind":"river","level":187.04,"time":"2026-09-08T19:00:00Z","src":"hq"}},{"type":"Feature","geometry":{"type":"Point","coordinates":[-73.7423,46.8069]},"properties":{"id":"hq-1-10111","name":"Taureau","prov":"QC","kind":"river","level":357.87,"time":"2026-09-08T19:00:00Z","src":"hq"}},{"type":"Feature","geometry":{"type":"Point","coordinates":[-66.7734,50.7018]},"properties":{"id":"hq-1-10005","name":"Sainte-Marguerite-3 Aval Pk75","prov":"QC","kind":"river","level":69.75,"time":"2026-09-08T19:00:00Z","src":"hq"}},{"type":"Feature","geometry":{"type":"Point","coordinates":[-78.8832,53.784]},"properties":{"id":"hq-1-9713","name":"Village Chisasibi HQP","prov":"QC","kind":"river","level":0.73,"time":"2026-09-08T19:00:00Z","src":"hq"}},{"type":"Feature","geometry":{"type":"Point","coordinates":[-75.358,51.905]},"properties":{"id":"hq-1-9700","name":"Nemiscau-2 Barrage aval HQP","prov":"QC","kind":"river","level":293.83,"time":"2026-09-08T19:00:00Z","src":"hq"}},{"type":"Feature","geometry":{"type":"Point","coordinates":[-75.4235,51.9783]},"properties":{"id":"hq-1-9697","name":"Nemiscau-1 Barrage amont HQP","prov":"QC","kind":"reservoir","level":294.61,"time":"2026-09-08T19:00:00Z","src":"hq"}},{"type":"Feature","geometry":{"type":"Point","coordinates":[-75.116,51.954]},"properties":{"id":"hq-1-9705","name":"Rivi\u00e8re Nemiscau HQP","prov":"QC","kind":"river","level":298.79,"time":"2026-09-08T19:00:00Z","src":"hq"}},{"type":"Feature","geometry":{"type":"Point","coordinates":[-75.8795,52.217]},"properties":{"id":"hq-1-9701","name":"Rivi\u00e8re \u00e0 l'Eau Claire (HQP)","prov":"QC","kind":"river","level":224.81,"time":"2026-09-08T19:00:00Z","src":"hq"}},{"type":"Feature","geometry":{"type":"Point","coordinates":[-75.3467,51.916]},"properties":{"id":"hq-1-9699","name":"Nemiscau-2 Barrage amont HQP","prov":"QC","kind":"reservoir","level":296.17,"time":"2026-09-08T19:00:00Z","src":"hq"}},{"type":"Feature","geometry":{"type":"Point","coordinates":[-74.96194,51.82583]},"properties":{"id":"hq-1-9703","name":"Rivi\u00e8re Lemare HQP","prov":"QC","kind":"river","level":314.06,"time":"2026-09-08T19:00:00Z","src":"hq"}},{"type":"Feature","geometry":{"type":"Point","coordinates":[-75.4322,51.9791]},"properties":{"id":"hq-1-9698","name":"Nemiscau-1 Barrage aval HQP","prov":"QC","kind":"river","level":290.38,"time":"2026-09-08T19:00:00Z","src":"hq"}},{"type":"Feature","geometry":{"type":"Point","coordinates":[-75.3128,51.7707]},"properties":{"id":"hq-1-9735","name":"Rupert Tunnel de Transfert amont HQP","prov":"QC","kind":"reservoir","level":305.34,"time":"2026-09-08T19:00:00Z","src":"hq"}},{"type":"Feature","geometry":{"type":"Point","coordinates":[-75.3109,51.8034]},"properties":{"id":"hq-1-9736","name":"Rupert Tunnel de Transfert aval HQP","prov":"QC","kind":"river","level":296.85,"time":"2026-09-08T19:00:00Z","src":"hq"}},{"type":"Feature","geometry":{"type":"Point","coordinates":[-75.3124,51.7723]},"properties":{"id":"hq-1-9737","name":"Rupert bassin de mise-en-charge Tunnel HQP","prov":"QC","kind":"river","level":300.58,"time":"2026-09-08T19:00:00Z","src":"hq"}},{"type":"Feature","geometry":{"type":"Point","coordinates":[-75.37806,51.74139]},"properties":{"id":"hq-1-9667","name":"Lemare Barrage amont HQP","prov":"QC","kind":"reservoir","level":305.41,"time":"2026-09-08T19:00:00Z","src":"hq"}},{"type":"Feature","geometry":{"type":"Point","coordinates":[-75.38972,51.73722]},"properties":{"id":"hq-1-9679","name":"Lemare Barrage aval HQP","prov":"QC","kind":"river","level":296.18,"time":"2026-09-08T19:00:00Z","src":"hq"}},{"type":"Feature","geometry":{"type":"Point","coordinates":[-76.17694,53.43667]},"properties":{"id":"hq-1-9738","name":"Rivi\u00e8re Sakami HQP","prov":"QC","kind":"river","level":186.95,"time":"2026-09-08T19:00:00Z","src":"hq"}},{"type":"Feature","geometry":{"type":"Point","coordinates":[-75.335,51.862]},"properties":{"id":"hq-1-9710","name":"Ruisseau-Arques Digue aval HQP","prov":"QC","kind":"river","level":291.38,"time":"2026-09-08T19:00:00Z","src":"hq"}},{"type":"Feature","geometry":{"type":"Point","coordinates":[-73.8078,51.043]},"properties":{"id":"hq-1-9707","name":"Lac Mistassini aval HQP","prov":"QC","kind":"reservoir","level":373.16,"time":"2026-09-08T19:00:00Z","src":"hq"}},{"type":"Feature","geometry":{"type":"Point","coordinates":[-75.4077,51.52]},"properties":{"id":"hq-1-9712","name":"Rupert Barrage aval HQP","prov":"QC","kind":"river","level":283.56,"time":"2026-09-08T19:00:00Z","src":"hq"}},{"type":"Feature","geometry":{"type":"Point","coordinates":[-75.2485,51.4535]},"properties":{"id":"hq-1-9666","name":"Lac Mesgouez HQP","prov":"QC","kind":"reservoir","level":307.55,"time":"2026-09-08T19:00:00Z","src":"hq"}},{"type":"Feature","geometry":{"type":"Point","coordinates":[-75.33,51.865]},"properties":{"id":"hq-1-9709","name":"Ruisseau-Arques Digue amont HQP","prov":"QC","kind":"reservoir","level":296.51,"time":"2026-09-08T19:00:00Z","src":"hq"}},{"type":"Feature","geometry":{"type":"Point","coordinates":[-76.7468,51.443]},"properties":{"id":"hq-1-9706","name":"Lac Nemiscau HQP","prov":"QC","kind":"reservoir","level":230.76,"time":"2026-09-08T19:00:00Z","src":"hq"}},{"type":"Feature","geometry":{"type":"Point","coordinates":[-73.909,51.924]},"properties":{"id":"hq-1-9702","name":"\u00cele le Veneur (HQP)","prov":"QC","kind":"river","level":334.25,"time":"2026-09-08T19:00:00Z","src":"hq"}},{"type":"Feature","geometry":{"type":"Point","coordinates":[-74.8827,51.595]},"properties":{"id":"hq-1-9704","name":"Rivi\u00e8re Misticawissich HQP","prov":"QC","kind":"river","level":307.75,"time":"2026-09-08T19:00:00Z","src":"hq"}},{"type":"Feature","geometry":{"type":"Point","coordinates":[-75.3973,51.525]},"properties":{"id":"hq-1-9711","name":"Rupert Barrage amont HQP","prov":"QC","kind":"reservoir","level":305.69,"time":"2026-09-08T19:00:00Z","src":"hq"}},{"type":"Feature","geometry":{"type":"Point","coordinates":[-73.581,51.11]},"properties":{"id":"hq-1-9708","name":"Lac Mistassini HQP","prov":"QC","kind":"reservoir","level":374.26,"time":"2026-09-08T19:00:00Z","src":"hq"}},{"type":"Feature","geometry":{"type":"Point","coordinates":[-73.718,47.893]},"properties":{"id":"hq-1-10354","name":"Chute-Allard Barrage amont","prov":"QC","kind":"reservoir","level":346.02,"time":"2026-09-08T19:00:00Z","src":"hq"}},{"type":"Feature","geometry":{"type":"Point","coordinates":[-73.3733,47.7866]},"properties":{"id":"hq-1-9061","name":"Rapides-des-Coeurs Centrale aval","prov":"QC","kind":"river","level":276.23,"time":"2026-09-08T19:00:00Z","src":"hq"}},{"type":"Feature","geometry":{"type":"Point","coordinates":[-73.3756,47.7867]},"properties":{"id":"hq-1-9060","name":"Rapides-des-Coeurs Centrale amont","prov":"QC","kind":"reservoir","level":299.54,"time":"2026-09-08T19:00:00Z","src":"hq"}},{"type":"Feature","geometry":{"type":"Point","coordinates":[-71.1814,49.5069]},"properties":{"id":"hq-1-9217","name":"P\u00e9ribonka Centrale aval","prov":"QC","kind":"river","level":174.61,"time":"2026-09-08T19:00:00Z","src":"hq"}},{"type":"Feature","geometry":{"type":"Point","coordinates":[-71.1822,49.5075]},"properties":{"id":"hq-1-9216","name":"P\u00e9ribonka Centrale amont","prov":"QC","kind":"reservoir","level":244.06,"time":"2026-09-08T19:00:00Z","src":"hq"}},{"type":"Feature","geometry":{"type":"Point","coordinates":[-72.6812,47.5201]},"properties":{"id":"hq-1-7294","name":"Rivi\u00e8re Bostonnais","prov":"QC","kind":"river","level":185.43,"time":"2026-09-08T19:00:00Z","src":"hq"}},{"type":"Feature","geometry":{"type":"Point","coordinates":[-72.8951,47.9092]},"properties":{"id":"hq-1-7318","name":"Rivi\u00e8re Trenche","prov":"QC","kind":"river","level":259.9,"time":"2026-09-08T19:00:00Z","src":"hq"}},{"type":"Feature","geometry":{"type":"Point","coordinates":[-75.9839,46.7176]},"properties":{"id":"hq-1-9145","name":"Mercier Centrale amont","prov":"QC","kind":"reservoir","level":220.78,"time":"2026-09-08T19:00:00Z","src":"hq"}},{"type":"Feature","geometry":{"type":"Point","coordinates":[-73.7174,47.8922]},"properties":{"id":"hq-1-9059","name":"Chute-Allard centrale aval","prov":"QC","kind":"river","level":327.18,"time":"2026-09-08T19:00:00Z","src":"hq"}},{"type":"Feature","geometry":{"type":"Point","coordinates":[-73.719,47.8937]},"properties":{"id":"hq-1-9058","name":"Chute-Allard Centrale amont","prov":"QC","kind":"reservoir","level":346.0,"time":"2026-09-08T19:00:00Z","src":"hq"}},{"type":"Feature","geometry":{"type":"Point","coordinates":[-75.9834,46.7169]},"properties":{"id":"hq-1-9146","name":"Mercier Centrale aval","prov":"QC","kind":"river","level":200.97,"time":"2026-09-08T19:00:00Z","src":"hq"}},{"type":"Feature","geometry":{"type":"Point","coordinates":[-69.0561,51.6536]},"properties":{"id":"hq-1-2927","name":"Manic-5 Nord-Ouest (CQYO)","prov":"QC","kind":"river","level":349.4,"time":"2026-09-08T19:00:00Z","src":"hq"}},{"type":"Feature","geometry":{"type":"Point","coordinates":[-74.593,52.1687]},"properties":{"id":"hq-1-7244","name":"Gorge Prosper 2 (CMGP)","prov":"QC","kind":"river","level":303.58,"time":"2026-09-08T19:00:00Z","src":"hq"}},{"type":"Feature","geometry":{"type":"Point","coordinates":[-67.9453,50.1033]},"properties":{"id":"hq-1-3003","name":"Lac-Sainte-Anne barrage amont (CMAF)","prov":"QC","kind":"reservoir","level":299.57,"time":"2026-09-08T19:00:00Z","src":"hq"}},{"type":"Feature","geometry":{"type":"Point","coordinates":[-76.0518,52.1801]},"properties":{"id":"hq-1-7616","name":"Eastmain-1 Centrale amont","prov":"QC","kind":"reservoir","level":282.11,"time":"2026-09-08T19:00:00Z","src":"hq"}},{"type":"Feature","geometry":{"type":"Point","coordinates":[-76.0508,52.1822]},"properties":{"id":"hq-1-7618","name":"Eastmain-1 Centrale aval","prov":"QC","kind":"river","level":216.53,"time":"2026-09-08T19:00:00Z","src":"hq"}},{"type":"Feature","geometry":{"type":"Point","coordinates":[-71.7479,54.2707]},"properties":{"id":"hq-1-7272","name":"Lac Vinet","prov":"QC","kind":"reservoir","level":445.56,"time":"2026-09-08T19:00:00Z","src":"hq"}},{"type":"Feature","geometry":{"type":"Point","coordinates":[-73.356,52.0257]},"properties":{"id":"hq-1-7296","name":"Eastmain (CMEN)","prov":"QC","kind":"river","level":364.55,"time":"2026-09-08T19:00:00Z","src":"hq"}},{"type":"Feature","geometry":{"type":"Point","coordinates":[-68.163,49.9732]},"properties":{"id":"hq-1-7426","name":"Toulnustouc Centrale aval","prov":"QC","kind":"river","level":126.12,"time":"2026-09-08T19:00:00Z","src":"hq"}},{"type":"Feature","geometry":{"type":"Point","coordinates":[-68.0262,49.9948]},"properties":{"id":"hq-1-7424","name":"Toulnustouc Centrale amont","prov":"QC","kind":"reservoir","level":299.79,"time":"2026-09-08T19:00:00Z","src":"hq"}},{"type":"Feature","geometry":{"type":"Point","coordinates":[-67.051,51.8966]},"properties":{"id":"hq-1-7314","name":"Rivi\u00e8re Sainte-Marguerite (CMSN)","prov":"QC","kind":"river","level":454.03,"time":"2026-09-08T19:00:00Z","src":"hq"}},{"type":"Feature","geometry":{"type":"Point","coordinates":[-72.86083,53.72361]},"properties":{"id":"hq-1-7280","name":"Rivi\u00e8re Polaris (CMPW)","prov":"QC","kind":"river","level":391.14,"time":"2026-09-08T19:00:00Z","src":"hq"}},{"type":"Feature","geometry":{"type":"Point","coordinates":[-72.6772,46.6149]},"properties":{"id":"hq-1-7346","name":"Rocher-de-Grand-M\u00e8re Centrale amont","prov":"QC","kind":"reservoir","level":102.38,"time":"2026-09-08T19:00:00Z","src":"hq"}},{"type":"Feature","geometry":{"type":"Point","coordinates":[-72.6765,46.6133]},"properties":{"id":"hq-1-7348","name":"Rocher-de-Grand-M\u00e8re Centrale aval","prov":"QC","kind":"river","level":77.61,"time":"2026-09-08T19:00:00Z","src":"hq"}},{"type":"Feature","geometry":{"type":"Point","coordinates":[-68.2904,49.806]},"properties":{"id":"hq-1-7298","name":"Rivi\u00e8re Isoukustouc (CM5Y)","prov":"QC","kind":"river","level":136.69,"time":"2026-09-08T19:00:00Z","src":"hq"}},{"type":"Feature","geometry":{"type":"Point","coordinates":[-69.5079,52.1365]},"properties":{"id":"hq-1-7306","name":"Rivi\u00e8re Mouchalagane (CMRM)","prov":"QC","kind":"river","level":397.35,"time":"2026-09-08T19:00:00Z","src":"hq"}},{"type":"Feature","geometry":{"type":"Point","coordinates":[-72.4618,54.2402]},"properties":{"id":"hq-1-2920","name":"Vincelotte (CQVI, 092725)","prov":"QC","kind":"river","level":437.29,"time":"2026-09-08T19:00:00Z","src":"hq"}},{"type":"Feature","geometry":{"type":"Point","coordinates":[-71.1824,53.6004]},"properties":{"id":"hq-1-7266","name":"Lac Puisseaux 2 (CMPU)","prov":"QC","kind":"reservoir","level":481.26,"time":"2026-09-08T19:00:00Z","src":"hq"}},{"type":"Feature","geometry":{"type":"Point","coordinates":[-74.4712,53.166]},"properties":{"id":"hq-1-7240","name":"Rivi\u00e8re de Pontois (CMRP)","prov":"QC","kind":"river","level":326.29,"time":"2026-09-08T19:00:00Z","src":"hq"}},{"type":"Feature","geometry":{"type":"Point","coordinates":[-69.0775,53.9912]},"properties":{"id":"hq-1-7254","name":"Lac Chastrier (CMLC, 092729)","prov":"QC","kind":"reservoir","level":539.84,"time":"2026-09-08T19:00:00Z","src":"hq"}},{"type":"Feature","geometry":{"type":"Point","coordinates":[-73.9125,45.3153]},"properties":{"id":"hq-1-2955","name":"Beauharnois Centrale aval Ouest","prov":"QC","kind":"river","level":21.2,"time":"2026-09-08T19:00:00Z","src":"hq"}},{"type":"Feature","geometry":{"type":"Point","coordinates":[-73.9124,45.3146]},"properties":{"id":"hq-1-2952","name":"Beauharnois Centrale amont Ouest","prov":"QC","kind":"reservoir","level":45.69,"time":"2026-09-08T19:00:00Z","src":"hq"}},{"type":"Feature","geometry":{"type":"Point","coordinates":[-73.9064,45.314]},"properties":{"id":"hq-1-2953","name":"Beauharnois Centrale aval Est","prov":"QC","kind":"river","level":21.41,"time":"2026-09-08T19:00:00Z","src":"hq"}},{"type":"Feature","geometry":{"type":"Point","coordinates":[-66.7822,50.7114]},"properties":{"id":"hq-1-3635","name":"Sainte-Marguerite-3 Centrale aval","prov":"QC","kind":"river","level":72.03,"time":"2026-09-08T19:00:00Z","src":"hq"}},{"type":"Feature","geometry":{"type":"Point","coordinates":[-76.74333,45.83944]},"properties":{"id":"hq-1-2983","name":"Fort Coulonge","prov":"QC","kind":"river","level":106.18,"time":"2026-09-08T19:00:00Z","src":"hq"}},{"type":"Feature","geometry":{"type":"Point","coordinates":[-66.7886,50.7906]},"properties":{"id":"hq-1-3634","name":"Sainte-Marguerite-3 Centrale amont","prov":"QC","kind":"reservoir","level":403.95,"time":"2026-09-08T19:00:00Z","src":"hq"}},{"type":"Feature","geometry":{"type":"Point","coordinates":[-69.9092,49.2188]},"properties":{"id":"hq-1-14275","name":"Sault aux Cochons Barrage amont","prov":"QC","kind":"reservoir","level":426.81,"time":"2026-09-08T19:00:00Z","src":"hq"}},{"type":"Feature","geometry":{"type":"Point","coordinates":[-76.1564,54.2419]},"properties":{"id":"hq-1-7300","name":"Rivi\u00e8re Kanaaupscow (CMRK)","prov":"QC","kind":"river","level":178.25,"time":"2026-09-08T19:00:00Z","src":"hq"}},{"type":"Feature","geometry":{"type":"Point","coordinates":[-75.96583,46.38278]},"properties":{"id":"hq-1-3033","name":"Maniwaki (040805)","prov":"QC","kind":"river","level":162.23,"time":"2026-09-08T19:00:00Z","src":"hq"}},{"type":"Feature","geometry":{"type":"Point","coordinates":[-77.07866,47.45211]},"properties":{"id":"hq-1-2945","name":"Dozois Est","prov":"QC","kind":"river","level":343.64,"time":"2026-09-08T19:00:00Z","src":"hq"}},{"type":"Feature","geometry":{"type":"Point","coordinates":[-69.2033,50.5386]},"properties":{"id":"hq-1-2931","name":"Outardes-4 Nord","prov":"QC","kind":"river","level":351.89,"time":"2026-09-08T19:00:00Z","src":"hq"}},{"type":"Feature","geometry":{"type":"Point","coordinates":[-68.9876,50.1031]},"properties":{"id":"hq-1-2932","name":"Outardes-4 Sud (CMOS)","prov":"QC","kind":"river","level":351.84,"time":"2026-09-08T19:00:00Z","src":"hq"}},{"type":"Feature","geometry":{"type":"Point","coordinates":[-72.6136,54.1685]},"properties":{"id":"hq-1-3007","name":"Laforge-1 Centrale aval","prov":"QC","kind":"river","level":376.32,"time":"2026-09-08T19:00:00Z","src":"hq"}},{"type":"Feature","geometry":{"type":"Point","coordinates":[-71.2752,54.594]},"properties":{"id":"hq-1-3009","name":"Laforge-2 Centrale aval","prov":"QC","kind":"river","level":451.15,"time":"2026-09-08T19:00:00Z","src":"hq"}},{"type":"Feature","geometry":{"type":"Point","coordinates":[-71.2739,54.5942]},"properties":{"id":"hq-1-3008","name":"Laforge-2 Centrale amont","prov":"QC","kind":"reservoir","level":480.65,"time":"2026-09-08T19:00:00Z","src":"hq"}},{"type":"Feature","geometry":{"type":"Point","coordinates":[-78.5692,53.7347]},"properties":{"id":"hq-1-3012","name":"La Grande-1 Centrale amont","prov":"QC","kind":"reservoir","level":31.6,"time":"2026-09-08T19:00:00Z","src":"hq"}},{"type":"Feature","geometry":{"type":"Point","coordinates":[-78.5697,53.7356]},"properties":{"id":"hq-1-3013","name":"La Grande-1 Centrale aval","prov":"QC","kind":"river","level":3.53,"time":"2026-09-08T19:00:00Z","src":"hq"}},{"type":"Feature","geometry":{"type":"Point","coordinates":[-72.6127,54.1708]},"properties":{"id":"hq-1-3006","name":"Laforge-1 Centrale amont","prov":"QC","kind":"reservoir","level":437.27,"time":"2026-09-08T19:00:00Z","src":"hq"}},{"type":"Feature","geometry":{"type":"Point","coordinates":[-70.1111,49.6058]},"properties":{"id":"hq-1-2921","name":"Bersimis 1 Est (CMBM)","prov":"QC","kind":"river","level":397.2,"time":"2026-09-08T19:00:00Z","src":"hq"}},{"type":"Feature","geometry":{"type":"Point","coordinates":[-75.3253,48.4502]},"properties":{"id":"hq-1-2938","name":"Gouin Sud-Ouest (CMGS)","prov":"QC","kind":"river","level":404.17,"time":"2026-09-08T19:00:00Z","src":"hq"}},{"type":"Feature","geometry":{"type":"Point","coordinates":[-72.66,46.97]},"properties":{"id":"hq-1-3036","name":"M\u00e9kinac Barrage aval","prov":"QC","kind":"river","level":157.8,"time":"2026-09-08T19:00:00Z","src":"hq"}},{"type":"Feature","geometry":{"type":"Point","coordinates":[-70.5133,54.4495]},"properties":{"id":"hq-1-2963","name":"Brisay Centrale aval","prov":"QC","kind":"river","level":490.12,"time":"2026-09-08T19:00:00Z","src":"hq"}},{"type":"Feature","geometry":{"type":"Point","coordinates":[-77.5552,53.7949]},"properties":{"id":"hq-1-3016","name":"La Grande-2-A Centrale aval","prov":"QC","kind":"river","level":34.1,"time":"2026-09-08T19:00:00Z","src":"hq"}},{"type":"Feature","geometry":{"type":"Point","coordinates":[-77.5499,53.7773]},"properties":{"id":"hq-1-3017","name":"La Grande-2-A Centrale amont","prov":"QC","kind":"reservoir","level":174.22,"time":"2026-09-08T19:00:00Z","src":"hq"}},{"type":"Feature","geometry":{"type":"Point","coordinates":[-68.1382,48.6035]},"properties":{"id":"hq-1-3042","name":"Mitis-1 Centrale aval","prov":"QC","kind":"river","level":25.03,"time":"2026-09-08T19:00:00Z","src":"hq"}},{"type":"Feature","geometry":{"type":"Point","coordinates":[-73.6583,46.8633]},"properties":{"id":"hq-1-2940","name":"Matawin BOGC","prov":"QC","kind":"river","level":337.38,"time":"2026-09-08T19:00:00Z","src":"hq"}},{"type":"Feature","geometry":{"type":"Point","coordinates":[-70.93,49.43]},"properties":{"id":"hq-1-2922","name":"Bersimis-1 Ouest","prov":"QC","kind":"river","level":397.13,"time":"2026-09-08T19:00:00Z","src":"hq"}},{"type":"Feature","geometry":{"type":"Point","coordinates":[-70.59917,49.96056]},"properties":{"id":"hq-1-6450","name":"Claude Gignac","prov":"QC","kind":"river","level":418.24,"time":"2026-09-08T19:00:00Z","src":"hq"}},{"type":"Feature","geometry":{"type":"Point","coordinates":[-70.48972,49.9575]},"properties":{"id":"hq-1-7590","name":"Manouane 3","prov":"QC","kind":"river","level":418.22,"time":"2026-09-08T19:00:00Z","src":"hq"}},{"type":"Feature","geometry":{"type":"Point","coordinates":[-74.1007,48.353]},"properties":{"id":"hq-1-2984","name":"Gouin BOGC","prov":"QC","kind":"river","level":390.25,"time":"2026-09-08T19:00:00Z","src":"hq"}},{"type":"Feature","geometry":{"type":"Point","coordinates":[-73.3522,47.9058]},"properties":{"id":"hq-1-9097","name":"Rivi\u00e8re Windigo","prov":"QC","kind":"river","level":297.87,"time":"2026-09-08T19:00:00Z","src":"hq"}},{"type":"Feature","geometry":{"type":"Point","coordinates":[-70.512,54.444]},"properties":{"id":"hq-1-2900","name":"Brisay Centrale amont","prov":"QC","kind":"reservoir","level":527.88,"time":"2026-09-08T19:00:00Z","src":"hq"}},{"type":"Feature","geometry":{"type":"Point","coordinates":[-67.91,48.33]},"properties":{"id":"hq-1-3040","name":"Mitis Barrage aval","prov":"QC","kind":"river","level":253.65,"time":"2026-09-08T19:00:00Z","src":"hq"}},{"type":"Feature","geometry":{"type":"Point","coordinates":[-68.03,48.18]},"properties":{"id":"hq-1-3039","name":"Mistigoug\u00e8che Barrage aval","prov":"QC","kind":"river","level":296.25,"time":"2026-09-08T19:00:00Z","src":"hq"}},{"type":"Feature","geometry":{"type":"Point","coordinates":[-68.6089,50.2136]},"properties":{"id":"hq-1-2924","name":"Manic-3 Nord","prov":"QC","kind":"river","level":204.91,"time":"2026-09-08T19:00:00Z","src":"hq"}},{"type":"Feature","geometry":{"type":"Point","coordinates":[-68.834,51.1038]},"properties":{"id":"hq-1-2928","name":"Manic-5 Sud","prov":"QC","kind":"river","level":349.73,"time":"2026-09-08T19:00:00Z","src":"hq"}},{"type":"Feature","geometry":{"type":"Point","coordinates":[-68.1647,51.3222]},"properties":{"id":"hq-1-2926","name":"Manic-5 Est","prov":"QC","kind":"river","level":349.65,"time":"2026-09-08T19:00:00Z","src":"hq"}},{"type":"Feature","geometry":{"type":"Point","coordinates":[-76.2533,54.1431]},"properties":{"id":"hq-1-2911","name":"LG-2 Nord-Est","prov":"QC","kind":"river","level":174.24,"time":"2026-09-08T19:00:00Z","src":"hq"}},{"type":"Feature","geometry":{"type":"Point","coordinates":[-73.0017,53.9597]},"properties":{"id":"hq-1-2917","name":"La Grande-4 Est (CMXE)","prov":"QC","kind":"river","level":376.29,"time":"2026-09-08T19:00:00Z","src":"hq"}},{"type":"Feature","geometry":{"type":"Point","coordinates":[-76.0097,53.4836]},"properties":{"id":"hq-1-2915","name":"La Grande-3 TA32","prov":"QC","kind":"river","level":252.44,"time":"2026-09-08T19:00:00Z","src":"hq"}},{"type":"Feature","geometry":{"type":"Point","coordinates":[-75.3869,53.9311]},"properties":{"id":"hq-1-2913","name":"La Grande-3 TA10 (CMXI)","prov":"QC","kind":"river","level":252.63,"time":"2026-09-08T19:00:00Z","src":"hq"}},{"type":"Feature","geometry":{"type":"Point","coordinates":[-73.1136,53.8264]},"properties":{"id":"hq-1-2918","name":"La Grande-4 Sud","prov":"QC","kind":"river","level":376.28,"time":"2026-09-08T19:00:00Z","src":"hq"}},{"type":"Feature","geometry":{"type":"Point","coordinates":[-69.2231,54.5183]},"properties":{"id":"hq-1-2901","name":"Caniapiscau Nord-Est (CQCQ)","prov":"QC","kind":"river","level":527.91,"time":"2026-09-08T19:00:00Z","src":"hq"}},{"type":"Feature","geometry":{"type":"Point","coordinates":[-70.1783,54.4272]},"properties":{"id":"hq-1-2902","name":"Caniapiscau Nord-Ouest (CQCN)","prov":"QC","kind":"river","level":527.88,"time":"2026-09-08T19:00:00Z","src":"hq"}},{"type":"Feature","geometry":{"type":"Point","coordinates":[-69.9259,54.1129]},"properties":{"id":"hq-1-2903","name":"Caniapiscau Sud (CMCS)","prov":"QC","kind":"reservoir","level":528.0,"time":"2026-09-08T19:00:00Z","src":"hq","resName":"Caniapiscau Reservoir","resOperator":"Hydro-Qu\u00e9bec","capacityKm3":39.07,"fslM":535.5,"fillPct":41.9,"estStorageKm3":16.35}},{"type":"Feature","geometry":{"type":"Point","coordinates":[-68.7287,50.6441]},"properties":{"id":"hq-1-3032","name":"Manic-5-PA Centrale aval","prov":"QC","kind":"river","level":205.69,"time":"2026-09-08T19:00:00Z","src":"hq"}},{"type":"Feature","geometry":{"type":"Point","coordinates":[-68.7305,50.6491]},"properties":{"id":"hq-1-3031","name":"Manic-5-PA Centrale amont","prov":"QC","kind":"reservoir","level":349.85,"time":"2026-09-08T19:00:00Z","src":"hq"}},{"type":"Feature","geometry":{"type":"Point","coordinates":[-77.5081,53.6097]},"properties":{"id":"hq-1-7768","name":"Lac Desaulniers","prov":"QC","kind":"reservoir","level":138.92,"time":"2026-09-08T19:00:00Z","src":"hq"}},{"type":"Feature","geometry":{"type":"Point","coordinates":[-76.77028,45.75056]},"properties":{"id":"hq-1-3077","name":"Rocher-Fendu aval","prov":"QC","kind":"river","level":102.63,"time":"2026-09-08T19:00:00Z","src":"hq"}},{"type":"Feature","geometry":{"type":"Point","coordinates":[-77.31311,47.61422]},"properties":{"id":"hq-1-2962","name":"Bourque Barrage aval","prov":"QC","kind":"river","level":334.76,"time":"2026-09-08T19:00:00Z","src":"hq"}},{"type":"Feature","geometry":{"type":"Point","coordinates":[-74.0678,45.29774]},"properties":{"id":"hq-1-2993","name":"\u00cele-Juillet Barrage amont","prov":"QC","kind":"reservoir","level":40.31,"time":"2026-09-08T19:00:00Z","src":"hq"}},{"type":"Feature","geometry":{"type":"Point","coordinates":[-74.03784,45.30363]},"properties":{"id":"hq-1-3086","name":"Saint-Timoth\u00e9e Barrage amont","prov":"QC","kind":"reservoir","level":35.37,"time":"2026-09-08T19:00:00Z","src":"hq"}},{"type":"Feature","geometry":{"type":"Point","coordinates":[-72.17,45.67]},"properties":{"id":"hq-1-3037","name":"Melbourne","prov":"QC","kind":"river","level":110.97,"time":"2026-09-08T19:00:00Z","src":"hq"}},{"type":"Feature","geometry":{"type":"Point","coordinates":[-73.4676,53.8857]},"properties":{"id":"hq-1-3022","name":"La Grande-4 Centrale aval","prov":"QC","kind":"river","level":256.12,"time":"2026-09-08T19:00:00Z","src":"hq"}},{"type":"Feature","geometry":{"type":"Point","coordinates":[-73.4619,53.8861]},"properties":{"id":"hq-1-3021","name":"La Grande-4 Centrale amont","prov":"QC","kind":"reservoir","level":376.32,"time":"2026-09-08T19:00:00Z","src":"hq","resName":"La Grande 4 Reservoir","resOperator":"Hydro-Qu\u00e9bec","capacityKm3":7.16,"fslM":377.0}},{"type":"Feature","geometry":{"type":"Point","coordinates":[-69.8122,54.8464]},"properties":{"id":"hq-1-2905","name":"Duplanter Barrage Amont (CQDP)","prov":"QC","kind":"reservoir","level":527.87,"time":"2026-09-08T19:00:00Z","src":"hq"}},{"type":"Feature","geometry":{"type":"Point","coordinates":[-73.9044,45.3128]},"properties":{"id":"hq-1-2951","name":"Beauharnois Centrale amont Est","prov":"QC","kind":"reservoir","level":45.78,"time":"2026-09-08T19:00:00Z","src":"hq"}},{"type":"Feature","geometry":{"type":"Point","coordinates":[-77.5044,53.5908]},"properties":{"id":"hq-1-2904","name":"Duncan Barrage amont (CQDC)","prov":"QC","kind":"reservoir","level":174.22,"time":"2026-09-08T19:00:00Z","src":"hq"}},{"type":"Feature","geometry":{"type":"Point","coordinates":[-77.47101,53.77543]},"properties":{"id":"hq-1-2910","name":"Robert-Bourassa","prov":"QC","kind":"reservoir","level":174.23,"time":"2026-09-08T19:00:00Z","src":"hq","resName":"Robert-Bourassa Reservoir (La Grande-2)","resOperator":"Hydro-Qu\u00e9bec","capacityKm3":19.37,"fslM":175.3,"fillPct":86.1,"estStorageKm3":16.68}},{"type":"Feature","geometry":{"type":"Point","coordinates":[-77.5383,53.7933]},"properties":{"id":"hq-1-3019","name":"Robert-Bourassa Centrale aval ouest","prov":"QC","kind":"river","level":34.82,"time":"2026-09-08T19:00:00Z","src":"hq"}},{"type":"Feature","geometry":{"type":"Point","coordinates":[-76.70861,53.46028]},"properties":{"id":"hq-1-3001","name":"Lac Sakami","prov":"QC","kind":"reservoir","level":185.47,"time":"2026-09-08T19:00:00Z","src":"hq"}},{"type":"Feature","geometry":{"type":"Point","coordinates":[-75.9871,53.7289]},"properties":{"id":"hq-1-3020","name":"La Grande-3 Centrale aval","prov":"QC","kind":"river","level":174.09,"time":"2026-09-08T19:00:00Z","src":"hq"}},{"type":"Feature","geometry":{"type":"Point","coordinates":[-76.7575,52.3725]},"properties":{"id":"hq-1-2919","name":"Opinaca","prov":"QC","kind":"river","level":215.46,"time":"2026-09-08T19:00:00Z","src":"hq"}},{"type":"Feature","geometry":{"type":"Point","coordinates":[-75.97412,53.72827]},"properties":{"id":"hq-1-2912","name":"La Grande-3 Centrale amont","prov":"QC","kind":"reservoir","level":252.49,"time":"2026-09-08T19:00:00Z","src":"hq","resName":"La Grande 3 Reservoir","resOperator":"Hydro-Qu\u00e9bec","capacityKm3":25.2,"fslM":256.0}},{"type":"Feature","geometry":{"type":"Point","coordinates":[-76.64271,52.66815]},"properties":{"id":"hq-1-2908","name":"Sarcelle Barrage amont","prov":"QC","kind":"reservoir","level":215.44,"time":"2026-09-08T19:00:00Z","src":"hq"}},{"type":"Feature","geometry":{"type":"Point","coordinates":[-76.58074,52.2084]},"properties":{"id":"hq-1-2906","name":"Eastmain Barrage amont","prov":"QC","kind":"reservoir","level":215.51,"time":"2026-09-08T19:00:00Z","src":"hq"}},{"type":"Feature","geometry":{"type":"Point","coordinates":[-73.94371,45.32048]},"properties":{"id":"hq-1-3672","name":"Pointe-des-Cascades","prov":"QC","kind":"river","level":24.19,"time":"2026-09-08T19:00:00Z","src":"hq"}},{"type":"Feature","geometry":{"type":"Point","coordinates":[-77.5329,53.7935]},"properties":{"id":"hq-1-3018","name":"Robert-Bourassa Centrale aval est","prov":"QC","kind":"river","level":35.48,"time":"2026-09-08T19:00:00Z","src":"hq"}},{"type":"Feature","geometry":{"type":"Point","coordinates":[-74.0032,47.62951]},"properties":{"id":"hq-1-3035","name":"Manouane-B Barrage aval","prov":"QC","kind":"river","level":405.99,"time":"2026-09-08T19:00:00Z","src":"hq"}},{"type":"Feature","geometry":{"type":"Point","coordinates":[-77.5313,53.7799]},"properties":{"id":"hq-1-3015","name":"Robert-Bourassa Centrale amont","prov":"QC","kind":"reservoir","level":174.25,"time":"2026-09-08T19:00:00Z","src":"hq"}},{"type":"Feature","geometry":{"type":"Point","coordinates":[-73.8917,47.7591]},"properties":{"id":"hq-1-2936","name":"Manouane-C BOGC","prov":"QC","kind":"river","level":359.76,"time":"2026-09-08T19:00:00Z","src":"hq"}},{"type":"Feature","geometry":{"type":"Point","coordinates":[-68.3845,49.1412]},"properties":{"id":"hq-1-3046","name":"Outardes-2 Centrale aval","prov":"QC","kind":"river","level":0.53,"time":"2026-09-08T19:00:00Z","src":"hq"}},{"type":"Feature","geometry":{"type":"Point","coordinates":[-72.6556,46.9756]},"properties":{"id":"hq-1-2941","name":"M\u00e9kinac Barrage amont","prov":"QC","kind":"reservoir","level":161.76,"time":"2026-09-08T19:00:00Z","src":"hq"}},{"type":"Feature","geometry":{"type":"Point","coordinates":[-68.3942,49.1514]},"properties":{"id":"hq-1-3045","name":"Outardes-2 Centrale amont","prov":"QC","kind":"reservoir","level":84.05,"time":"2026-09-08T19:00:00Z","src":"hq"}},{"type":"Feature","geometry":{"type":"Point","coordinates":[-71.1285,48.3859]},"properties":{"id":"hq-1-6432","name":"Chute-Garneau Barrage aval","prov":"QC","kind":"river","level":0.0,"time":"2026-09-08T19:00:00Z","src":"hq"}},{"type":"Feature","geometry":{"type":"Point","coordinates":[-71.1285,48.3859]},"properties":{"id":"hq-1-6430","name":"Chute-Garneau Barrage amont","prov":"QC","kind":"reservoir","level":0.0,"time":"2026-09-08T19:00:00Z","src":"hq"}},{"type":"Feature","geometry":{"type":"Point","coordinates":[-68.64,47.57]},"properties":{"id":"hq-1-3005","name":"T\u00e9miscouata Barrage aval","prov":"QC","kind":"river","level":146.68,"time":"2026-09-08T19:00:00Z","src":"hq"}},{"type":"Feature","geometry":{"type":"Point","coordinates":[-76.73324,47.50105]},"properties":{"id":"hq-1-2950","name":"Barri\u00e8re Barrage aval","prov":"QC","kind":"river","level":356.23,"time":"2026-09-08T19:00:00Z","src":"hq"}},{"type":"Feature","geometry":{"type":"Point","coordinates":[-68.5984,49.7388]},"properties":{"id":"hq-1-3028","name":"Manic-3 Centrale aval","prov":"QC","kind":"river","level":109.98,"time":"2026-09-08T19:00:00Z","src":"hq"}},{"type":"Feature","geometry":{"type":"Point","coordinates":[-76.7306,47.4989]},"properties":{"id":"hq-1-2942","name":"Barri\u00e8re Barrage amont (CMBA)","prov":"QC","kind":"reservoir","level":359.7,"time":"2026-09-08T19:00:00Z","src":"hq"}},{"type":"Feature","geometry":{"type":"Point","coordinates":[-76.73,47.23]},"properties":{"id":"hq-1-2948","name":"Baie-des-Rapides","prov":"QC","kind":"reservoir","level":359.78,"time":"2026-09-08T19:00:00Z","src":"hq"}},{"type":"Feature","geometry":{"type":"Point","coordinates":[-68.6033,49.7527]},"properties":{"id":"hq-1-3027","name":"Manic-3 Centrale amont","prov":"QC","kind":"reservoir","level":205.06,"time":"2026-09-08T19:00:00Z","src":"hq"}},{"type":"Feature","geometry":{"type":"Point","coordinates":[-76.62,45.68]},"properties":{"id":"hq-1-3090","name":"Village Bryson","prov":"QC","kind":"river","level":105.74,"time":"2026-09-08T19:00:00Z","src":"hq"}},{"type":"Feature","geometry":{"type":"Point","coordinates":[-68.7271,50.6388]},"properties":{"id":"hq-1-3030","name":"Manic-5 Centrale aval","prov":"QC","kind":"river","level":204.91,"time":"2026-09-08T19:00:00Z","src":"hq"}},{"type":"Feature","geometry":{"type":"Point","coordinates":[-68.137,48.6039]},"properties":{"id":"hq-1-3041","name":"Mitis-1 Centrale amont","prov":"QC","kind":"reservoir","level":65.21,"time":"2026-09-08T19:00:00Z","src":"hq"}},{"type":"Feature","geometry":{"type":"Point","coordinates":[-73.9713,45.31712]},"properties":{"id":"hq-1-3055","name":"Pointe-du-Buisson Barrage amont","prov":"QC","kind":"reservoir","level":28.36,"time":"2026-09-08T19:00:00Z","src":"hq"}},{"type":"Feature","geometry":{"type":"Point","coordinates":[-68.9025,49.7041]},"properties":{"id":"hq-1-3050","name":"Outardes-4 Centrale aval","prov":"QC","kind":"river","level":229.08,"time":"2026-09-08T19:00:00Z","src":"hq"}},{"type":"Feature","geometry":{"type":"Point","coordinates":[-68.7218,49.5562]},"properties":{"id":"hq-1-3048","name":"Outardes-3 Centrale aval","prov":"QC","kind":"river","level":84.34,"time":"2026-09-08T19:00:00Z","src":"hq"}},{"type":"Feature","geometry":{"type":"Point","coordinates":[-68.79542,49.56418]},"properties":{"id":"hq-1-10362","name":"Outardes-3 Barrage amont","prov":"QC","kind":"reservoir","level":229.3,"time":"2026-09-08T19:00:00Z","src":"hq"}},{"type":"Feature","geometry":{"type":"Point","coordinates":[-68.7323,49.5591]},"properties":{"id":"hq-1-3047","name":"Outardes-3 Centrale amont","prov":"QC","kind":"reservoir","level":229.3,"time":"2026-09-08T19:00:00Z","src":"hq"}},{"type":"Feature","geometry":{"type":"Point","coordinates":[-79.4525,47.6]},"properties":{"id":"hq-1-3059","name":"Premi\u00e8re-Chute Centrale amont","prov":"QC","kind":"reservoir","level":200.95,"time":"2026-09-08T19:00:00Z","src":"hq"}},{"type":"Feature","geometry":{"type":"Point","coordinates":[-79.4531,47.6]},"properties":{"id":"hq-1-3060","name":"Premi\u00e8re-Chute Centrale aval","prov":"QC","kind":"river","level":178.94,"time":"2026-09-08T19:00:00Z","src":"hq"}},{"type":"Feature","geometry":{"type":"Point","coordinates":[-74.6858,45.7749]},"properties":{"id":"hq-1-6363","name":"Chute-Bell Centrale amont","prov":"QC","kind":"reservoir","level":138.73,"time":"2026-09-08T19:00:00Z","src":"hq"}},{"type":"Feature","geometry":{"type":"Point","coordinates":[-70.8289,47.1227]},"properties":{"id":"hq-1-5917","name":"Sept-Chutes Centrale aval","prov":"QC","kind":"river","level":0.0,"time":"2026-09-08T19:00:00Z","src":"hq"}},{"type":"Feature","geometry":{"type":"Point","coordinates":[-74.6839,45.7737]},"properties":{"id":"hq-1-6364","name":"Chute-Bell Centrale aval","prov":"QC","kind":"river","level":122.54,"time":"2026-09-08T19:00:00Z","src":"hq"}},{"type":"Feature","geometry":{"type":"Point","coordinates":[-70.8175,47.1253]},"properties":{"id":"hq-1-5916","name":"Sept-Chutes Centrale amont","prov":"QC","kind":"reservoir","level":291.04,"time":"2026-09-08T19:00:00Z","src":"hq"}},{"type":"Feature","geometry":{"type":"Point","coordinates":[-68.9065,49.7017]},"properties":{"id":"hq-1-3049","name":"Outardes-4 Centrale amont","prov":"QC","kind":"reservoir","level":351.37,"time":"2026-09-08T19:00:00Z","src":"hq","resName":"Outardes 4 Reservoir","resOperator":"Hydro-Qu\u00e9bec","capacityKm3":24.3}},{"type":"Feature","geometry":{"type":"Point","coordinates":[-68.025,48.175]},"properties":{"id":"hq-1-2929","name":"Mistigoug\u00e8che Barrage amont","prov":"QC","kind":"reservoir","level":303.01,"time":"2026-09-08T19:00:00Z","src":"hq"}},{"type":"Feature","geometry":{"type":"Point","coordinates":[-68.3289,49.1909]},"properties":{"id":"hq-1-3024","name":"Manic-1 Centrale aval","prov":"QC","kind":"river","level":0.09,"time":"2026-09-08T19:00:00Z","src":"hq"}},{"type":"Feature","geometry":{"type":"Point","coordinates":[-69.2,49.18]},"properties":{"id":"hq-1-2961","name":"Bersimis-2 Centrale aval","prov":"QC","kind":"river","level":16.49,"time":"2026-09-08T19:00:00Z","src":"hq"}},{"type":"Feature","geometry":{"type":"Point","coordinates":[-74.17684,45.19534]},"properties":{"id":"hq-1-3056","name":"Pointe-Seigneuriale","prov":"QC","kind":"river","level":46.46,"time":"2026-09-08T19:00:00Z","src":"hq"}},{"type":"Feature","geometry":{"type":"Point","coordinates":[-68.3472,49.3205]},"properties":{"id":"hq-1-3026","name":"Manic-2 Centrale aval","prov":"QC","kind":"river","level":37.21,"time":"2026-09-08T19:00:00Z","src":"hq"}},{"type":"Feature","geometry":{"type":"Point","coordinates":[-69.55096,49.29368]},"properties":{"id":"hq-1-2959","name":"Bersimis-1 Centrale aval","prov":"QC","kind":"river","level":131.28,"time":"2026-09-08T19:00:00Z","src":"hq"}},{"type":"Feature","geometry":{"type":"Point","coordinates":[-76.6322,45.66]},"properties":{"id":"hq-1-2965","name":"Bryson Centrale aval","prov":"QC","kind":"river","level":87.26,"time":"2026-09-08T19:00:00Z","src":"hq"}},{"type":"Feature","geometry":{"type":"Point","coordinates":[-75.7769,45.5119]},"properties":{"id":"hq-1-2971","name":"Chelsea Centrale aval","prov":"QC","kind":"river","level":66.34,"time":"2026-09-08T19:00:00Z","src":"hq"}},{"type":"Feature","geometry":{"type":"Point","coordinates":[-79.2941,47.5907]},"properties":{"id":"hq-1-3072","name":"Rapides-des-Quinze Centrale amont","prov":"QC","kind":"reservoir","level":255.78,"time":"2026-09-08T19:00:00Z","src":"hq"}},{"type":"Feature","geometry":{"type":"Point","coordinates":[-75.9321,45.8094]},"properties":{"id":"hq-1-3053","name":"Paugan Centrale aval","prov":"QC","kind":"river","level":98.52,"time":"2026-09-08T19:00:00Z","src":"hq"}},{"type":"Feature","geometry":{"type":"Point","coordinates":[-75.7632,45.4986]},"properties":{"id":"hq-1-3071","name":"Rapides-Farmers Centrale aval","prov":"QC","kind":"river","level":46.75,"time":"2026-09-08T19:00:00Z","src":"hq"}},{"type":"Feature","geometry":{"type":"Point","coordinates":[-67.915,48.3314]},"properties":{"id":"hq-1-2930","name":"Mitis Barrage amont","prov":"QC","kind":"reservoir","level":259.4,"time":"2026-09-08T19:00:00Z","src":"hq"}},{"type":"Feature","geometry":{"type":"Point","coordinates":[-79.3545,47.5774]},"properties":{"id":"hq-1-3068","name":"Rapides-des-\u00celes Centrale amont","prov":"QC","kind":"reservoir","level":227.67,"time":"2026-09-08T19:00:00Z","src":"hq"}},{"type":"Feature","geometry":{"type":"Point","coordinates":[-79.3548,47.5766]},"properties":{"id":"hq-1-3069","name":"Rapides-des-\u00celes Centrale aval","prov":"QC","kind":"river","level":201.19,"time":"2026-09-08T19:00:00Z","src":"hq"}},{"type":"Feature","geometry":{"type":"Point","coordinates":[-68.3297,49.1919]},"properties":{"id":"hq-1-3023","name":"Manic-1 Centrale amont","prov":"QC","kind":"reservoir","level":37.24,"time":"2026-09-08T19:00:00Z","src":"hq"}},{"type":"Feature","geometry":{"type":"Point","coordinates":[-72.7633,46.5341]},"properties":{"id":"hq-1-3079","name":"Shawinigan-3 Centrale amont","prov":"QC","kind":"reservoir","level":75.38,"time":"2026-09-08T19:00:00Z","src":"hq"}},{"type":"Feature","geometry":{"type":"Point","coordinates":[-72.7662,46.5337]},"properties":{"id":"hq-1-3078","name":"Shawinigan-3 Centrale aval","prov":"QC","kind":"river","level":31.37,"time":"2026-09-08T19:00:00Z","src":"hq"}},{"type":"Feature","geometry":{"type":"Point","coordinates":[-75.24147,45.58862]},"properties":{"id":"hq-1-3087","name":"Thurso Quai","prov":"QC","kind":"river","level":41.22,"time":"2026-09-08T19:00:00Z","src":"hq"}},{"type":"Feature","geometry":{"type":"Point","coordinates":[-75.70632,45.43139]},"properties":{"id":"hq-1-3675","name":"Quai-de-Hull","prov":"QC","kind":"river","level":41.35,"time":"2026-09-08T19:00:00Z","src":"hq"}},{"type":"Feature","geometry":{"type":"Point","coordinates":[-74.6089,45.6311]},"properties":{"id":"hq-1-3677","name":"Grenville","prov":"QC","kind":"river","level":41.21,"time":"2026-09-08T19:00:00Z","src":"hq"}},{"type":"Feature","geometry":{"type":"Point","coordinates":[-68.3455,49.3212]},"properties":{"id":"hq-1-3025","name":"Manic-2 Centrale amont","prov":"QC","kind":"reservoir","level":109.4,"time":"2026-09-08T19:00:00Z","src":"hq"}},{"type":"Feature","geometry":{"type":"Point","coordinates":[-68.7259,50.6482]},"properties":{"id":"hq-1-3029","name":"Manic-5 Centrale amont","prov":"QC","kind":"reservoir","level":349.33,"time":"2026-09-08T19:00:00Z","src":"hq","resName":"Manicouagan Reservoir (Daniel-Johnson Dam)","resOperator":"Hydro-Qu\u00e9bec","fslM":359.0,"fillPct":43.1}},{"type":"Feature","geometry":{"type":"Point","coordinates":[-74.3819,45.5702]},"properties":{"id":"hq-1-2968","name":"Carillon Centrale amont","prov":"QC","kind":"reservoir","level":41.11,"time":"2026-09-08T19:00:00Z","src":"hq"}},{"type":"Feature","geometry":{"type":"Point","coordinates":[-74.3824,45.5685]},"properties":{"id":"hq-1-2969","name":"Carillon Centrale aval","prov":"QC","kind":"river","level":21.63,"time":"2026-09-08T19:00:00Z","src":"hq"}},{"type":"Feature","geometry":{"type":"Point","coordinates":[-72.4841,45.8874]},"properties":{"id":"hq-1-2981","name":"Drummondville Centrale aval","prov":"QC","kind":"river","level":70.28,"time":"2026-09-08T19:00:00Z","src":"hq"}},{"type":"Feature","geometry":{"type":"Point","coordinates":[-72.4836,45.8865]},"properties":{"id":"hq-1-2980","name":"Drummondville Centrale amont","prov":"QC","kind":"reservoir","level":80.41,"time":"2026-09-08T19:00:00Z","src":"hq"}},{"type":"Feature","geometry":{"type":"Point","coordinates":[-72.4507,45.8628]},"properties":{"id":"hq-1-2974","name":"Chute-Hemmings Centrale aval","prov":"QC","kind":"river","level":80.38,"time":"2026-09-08T19:00:00Z","src":"hq"}},{"type":"Feature","geometry":{"type":"Point","coordinates":[-72.4501,45.8638]},"properties":{"id":"hq-1-2972","name":"Chute-Hemmings Centrale amont","prov":"QC","kind":"reservoir","level":97.26,"time":"2026-09-08T19:00:00Z","src":"hq"}},{"type":"Feature","geometry":{"type":"Point","coordinates":[-69.7914,49.3516]},"properties":{"id":"hq-1-2958","name":"Bersimis-1 Centrale amont","prov":"QC","kind":"reservoir","level":397.13,"time":"2026-09-08T19:00:00Z","src":"hq","resName":"Pipmuacan Reservoir (Bersimis-1)","resOperator":"Hydro-Qu\u00e9bec","capacityKm3":13.9,"fslM":396.0}},{"type":"Feature","geometry":{"type":"Point","coordinates":[-73.87616,45.31681]},"properties":{"id":"hq-1-3061","name":"Quai-de-Beauharnois","prov":"QC","kind":"river","level":21.24,"time":"2026-09-08T19:00:00Z","src":"hq"}},{"type":"Feature","geometry":{"type":"Point","coordinates":[-69.2504,49.178]},"properties":{"id":"hq-1-2960","name":"Bersimis-2 Centrale amont","prov":"QC","kind":"reservoir","level":130.56,"time":"2026-09-08T19:00:00Z","src":"hq"}},{"type":"Feature","geometry":{"type":"Point","coordinates":[-75.7634,45.4991]},"properties":{"id":"hq-1-3070","name":"Rapides-Farmers Centrale amont","prov":"QC","kind":"reservoir","level":66.4,"time":"2026-09-08T19:00:00Z","src":"hq"}},{"type":"Feature","geometry":{"type":"Point","coordinates":[-76.6327,45.6612]},"properties":{"id":"hq-1-2964","name":"Bryson Centrale amont","prov":"QC","kind":"reservoir","level":105.53,"time":"2026-09-08T19:00:00Z","src":"hq"}},{"type":"Feature","geometry":{"type":"Point","coordinates":[-73.9088,45.3145]},"properties":{"id":"hq-1-2954","name":"Beauharnois Centrale aval Centre","prov":"QC","kind":"river","level":21.27,"time":"2026-09-08T19:00:00Z","src":"hq"}},{"type":"Feature","geometry":{"type":"Point","coordinates":[-67.9128,51.7859]},"properties":{"id":"hq-1-2987","name":"Hart-Jaune Centrale aval","prov":"QC","kind":"river","level":436.71,"time":"2026-09-08T19:00:00Z","src":"hq"}},{"type":"Feature","geometry":{"type":"Point","coordinates":[-67.8654,51.802]},"properties":{"id":"hq-1-2988","name":"Hart-Jaune Interm\u00e9diaire Barrage amont","prov":"QC","kind":"reservoir","level":483.89,"time":"2026-09-08T19:00:00Z","src":"hq"}},{"type":"Feature","geometry":{"type":"Point","coordinates":[-67.9099,51.7822]},"properties":{"id":"hq-1-2990","name":"Hart-Jaune Centrale amont","prov":"QC","kind":"reservoir","level":475.98,"time":"2026-09-08T19:00:00Z","src":"hq"}},{"type":"Feature","geometry":{"type":"Point","coordinates":[-67.8051,51.8257]},"properties":{"id":"hq-1-2989","name":"Hart-Jaune Sup\u00e9rieur Barrage amont","prov":"QC","kind":"reservoir","level":506.8,"time":"2026-09-08T19:00:00Z","src":"hq"}},{"type":"Feature","geometry":{"type":"Point","coordinates":[-74.42835,45.09282]},"properties":{"id":"hq-1-3054","name":"Pointe-des-C\u00e8dres","prov":"QC","kind":"river","level":46.63,"time":"2026-09-08T19:00:00Z","src":"hq"}},{"type":"Feature","geometry":{"type":"Point","coordinates":[-78.3102,47.7689]},"properties":{"id":"hq-1-3065","name":"Rapide-7 Centrale aval","prov":"QC","kind":"river","level":288.57,"time":"2026-09-08T19:00:00Z","src":"hq"}},{"type":"Feature","geometry":{"type":"Point","coordinates":[-78.5774,47.9343]},"properties":{"id":"hq-1-3063","name":"Rapide-2 Centrale aval","prov":"QC","kind":"river","level":267.56,"time":"2026-09-08T19:00:00Z","src":"hq"}},{"type":"Feature","geometry":{"type":"Point","coordinates":[-72.8352,47.5556]},"properties":{"id":"hq-1-2957","name":"Beaumont Centrale aval","prov":"QC","kind":"river","level":152.84,"time":"2026-09-08T19:00:00Z","src":"hq"}},{"type":"Feature","geometry":{"type":"Point","coordinates":[-72.8361,47.5559]},"properties":{"id":"hq-1-2956","name":"Beaumont Centrale amont","prov":"QC","kind":"reservoir","level":192.31,"time":"2026-09-08T19:00:00Z","src":"hq"}},{"type":"Feature","geometry":{"type":"Point","coordinates":[-78.5765,47.9344]},"properties":{"id":"hq-1-3062","name":"Rapide-2 Centrale amont","prov":"QC","kind":"reservoir","level":288.09,"time":"2026-09-08T19:00:00Z","src":"hq"}},{"type":"Feature","geometry":{"type":"Point","coordinates":[-72.8783,47.7515]},"properties":{"id":"hq-1-3089","name":"Trenche Centrale aval","prov":"QC","kind":"river","level":192.5,"time":"2026-09-08T19:00:00Z","src":"hq"}},{"type":"Feature","geometry":{"type":"Point","coordinates":[-72.8797,47.7522]},"properties":{"id":"hq-1-3088","name":"Trenche Centrale amont","prov":"QC","kind":"reservoir","level":241.48,"time":"2026-09-08T19:00:00Z","src":"hq"}},{"type":"Feature","geometry":{"type":"Point","coordinates":[-79.2945,47.5911]},"properties":{"id":"hq-1-3073","name":"Rapides-des-Quinze Centrale aval","prov":"QC","kind":"river","level":228.7,"time":"2026-09-08T19:00:00Z","src":"hq"}},{"type":"Feature","geometry":{"type":"Point","coordinates":[-74.02736,45.30901]},"properties":{"id":"hq-1-3011","name":"C\u00e8dres Centrale aval","prov":"QC","kind":"river","level":28.37,"time":"2026-09-08T19:00:00Z","src":"hq"}},{"type":"Feature","geometry":{"type":"Point","coordinates":[-74.0276,45.309]},"properties":{"id":"hq-1-3010","name":"C\u00e8dres Centrale amont","prov":"QC","kind":"reservoir","level":40.29,"time":"2026-09-08T19:00:00Z","src":"hq"}},{"type":"Feature","geometry":{"type":"Point","coordinates":[-78.3101,47.768]},"properties":{"id":"hq-1-3064","name":"Rapide-7 Centrale amont","prov":"QC","kind":"reservoir","level":309.05,"time":"2026-09-08T19:00:00Z","src":"hq"}},{"type":"Feature","geometry":{"type":"Point","coordinates":[-77.308,47.6125]},"properties":{"id":"hq-1-2943","name":"Bourque Barrage amont","prov":"QC","kind":"reservoir","level":343.52,"time":"2026-09-08T19:00:00Z","src":"hq"}},{"type":"Feature","geometry":{"type":"Point","coordinates":[-72.9727,47.7963]},"properties":{"id":"hq-1-3067","name":"Rapide-Blanc Centrale aval","prov":"QC","kind":"river","level":241.45,"time":"2026-09-08T19:00:00Z","src":"hq"}},{"type":"Feature","geometry":{"type":"Point","coordinates":[-72.9733,47.7967]},"properties":{"id":"hq-1-3066","name":"Rapide-Blanc Centrale amont","prov":"QC","kind":"reservoir","level":275.75,"time":"2026-09-08T19:00:00Z","src":"hq"}},{"type":"Feature","geometry":{"type":"Point","coordinates":[-73.6591,46.8618]},"properties":{"id":"hq-1-2939","name":"Matawin Barrage amont (CMMW)","prov":"QC","kind":"reservoir","level":357.85,"time":"2026-09-08T19:00:00Z","src":"hq"}},{"type":"Feature","geometry":{"type":"Point","coordinates":[-73.6573,45.5901]},"properties":{"id":"hq-1-3076","name":"Rivi\u00e8re-des-Prairies Centrale aval","prov":"QC","kind":"river","level":9.3,"time":"2026-09-08T19:00:00Z","src":"hq"}},{"type":"Feature","geometry":{"type":"Point","coordinates":[-73.6579,45.5899]},"properties":{"id":"hq-1-3075","name":"Rivi\u00e8re-des-Prairies Centrale amont","prov":"QC","kind":"reservoir","level":17.11,"time":"2026-09-08T19:00:00Z","src":"hq"}},{"type":"Feature","geometry":{"type":"Point","coordinates":[-76.4706,47.3094]},"properties":{"id":"hq-1-2944","name":"Cabonga Barrage amont","prov":"QC","kind":"reservoir","level":359.83,"time":"2026-09-08T19:00:00Z","src":"hq"}},{"type":"Feature","geometry":{"type":"Point","coordinates":[-75.7778,45.513]},"properties":{"id":"hq-1-2970","name":"Chelsea Centrale amont","prov":"QC","kind":"reservoir","level":97.34,"time":"2026-09-08T19:00:00Z","src":"hq"}},{"type":"Feature","geometry":{"type":"Point","coordinates":[-75.9303,45.8108]},"properties":{"id":"hq-1-3052","name":"Paugan Centrale amont","prov":"QC","kind":"reservoir","level":141.14,"time":"2026-09-08T19:00:00Z","src":"hq"}},{"type":"Feature","geometry":{"type":"Point","coordinates":[-72.7384,46.4489]},"properties":{"id":"hq-1-2997","name":"La Gabelle Centrale aval","prov":"QC","kind":"river","level":13.28,"time":"2026-09-08T19:00:00Z","src":"hq"}},{"type":"Feature","geometry":{"type":"Point","coordinates":[-72.7395,46.4493]},"properties":{"id":"hq-1-2996","name":"La Gabelle Centrale amont","prov":"QC","kind":"reservoir","level":31.09,"time":"2026-09-08T19:00:00Z","src":"hq"}},{"type":"Feature","geometry":{"type":"Point","coordinates":[-72.7994,47.4448]},"properties":{"id":"hq-1-2998","name":"La Tuque Centrale amont","prov":"QC","kind":"reservoir","level":151.61,"time":"2026-09-08T19:00:00Z","src":"hq"}},{"type":"Feature","geometry":{"type":"Point","coordinates":[-72.7996,47.4442]},"properties":{"id":"hq-1-2999","name":"La Tuque Centrale aval","prov":"QC","kind":"river","level":116.78,"time":"2026-09-08T19:00:00Z","src":"hq"}},{"type":"Feature","geometry":{"type":"Point","coordinates":[-74.0972,48.3597]},"properties":{"id":"hq-1-3277","name":"Gouin Barrage amont","prov":"QC","kind":"reservoir","level":404.17,"time":"2026-09-08T19:00:00Z","src":"hq"}},{"type":"Feature","geometry":{"type":"Point","coordinates":[-74.0048,47.6298]},"properties":{"id":"hq-1-3034","name":"Manouane-B Barrage amont","prov":"QC","kind":"reservoir","level":410.78,"time":"2026-09-08T19:00:00Z","src":"hq"}},{"type":"Feature","geometry":{"type":"Point","coordinates":[-74.1852,47.5363]},"properties":{"id":"hq-1-2994","name":"Manouane-A Barrage amont","prov":"QC","kind":"reservoir","level":418.9,"time":"2026-09-08T19:00:00Z","src":"hq"}},{"type":"Feature","geometry":{"type":"Point","coordinates":[-72.7647,46.5358]},"properties":{"id":"hq-1-3080","name":"Shawinigan-2 Centrale amont","prov":"QC","kind":"reservoir","level":75.38,"time":"2026-09-08T19:00:00Z","src":"hq"}},{"type":"Feature","geometry":{"type":"Point","coordinates":[-73.8967,47.7581]},"properties":{"id":"hq-1-2935","name":"Manouane-C Barrage amont","prov":"QC","kind":"reservoir","level":367.56,"time":"2026-09-08T19:00:00Z","src":"hq"}},{"type":"Feature","geometry":{"type":"Point","coordinates":[-74.19959,45.2599]},"properties":{"id":"hq-1-3673","name":"Coteau-Landing","prov":"QC","kind":"river","level":46.43,"time":"2026-09-08T19:00:00Z","src":"hq"}},{"type":"Feature","geometry":{"type":"Point","coordinates":[-68.4831,50.4819]},"properties":{"id":"hq-1-7302","name":"Rivi\u00e8re Lemay","prov":"QC","kind":"river","level":266.49,"time":"2026-09-08T19:00:00Z","src":"hq"}},{"type":"Feature","geometry":{"type":"Point","coordinates":[-72.83611,46.86139]},"properties":{"id":"hq-1-7770","name":"Rapides-Manigance","prov":"QC","kind":"river","level":102.63,"time":"2026-09-08T19:00:00Z","src":"hq"}},{"type":"Feature","geometry":{"type":"Point","coordinates":[-73.93025,45.29971]},"properties":{"id":"hq-1-7766","name":"\u00c9cluse de Beauharnois","prov":"QC","kind":"river","level":45.81,"time":"2026-09-08T19:00:00Z","src":"hq"}},{"type":"Feature","geometry":{"type":"Point","coordinates":[-68.64,47.57]},"properties":{"id":"hq-1-3004","name":"T\u00e9miscouata Barrage amont","prov":"QC","kind":"reservoir","level":148.36,"time":"2026-09-08T19:00:00Z","src":"hq"}},{"type":"Feature","geometry":{"type":"Point","coordinates":[-72.4137,46.5579]},"properties":{"id":"hq-1-3083","name":"Saint-Narcisse Centrale amont","prov":"QC","kind":"reservoir","level":65.11,"time":"2026-09-08T19:00:00Z","src":"hq"}},{"type":"Feature","geometry":{"type":"Point","coordinates":[-72.68786,46.9227]},"properties":{"id":"hq-1-3082","name":"Saint-Joseph-de-M\u00e9kinac","prov":"QC","kind":"river","level":119.38,"time":"2026-09-08T19:00:00Z","src":"hq"}},{"type":"Feature","geometry":{"type":"Point","coordinates":[-74.12546,45.29073]},"properties":{"id":"hq-1-2982","name":"Ferry (Beauharnois)","prov":"QC","kind":"river","level":40.33,"time":"2026-09-08T19:00:00Z","src":"hq"}},{"type":"Feature","geometry":{"type":"Point","coordinates":[-68.0264,50.004]},"properties":{"id":"hq-1-9328","name":"Toulnustouc Barrage amont","prov":"QC","kind":"reservoir","level":299.83,"time":"2026-09-08T19:00:00Z","src":"hq"}},{"type":"Feature","geometry":{"type":"Point","coordinates":[-75.20062,45.84347]},"properties":{"id":"qc-040412","name":"Ruisseau Schryer \u2014 575 m en amont du lac Schryer","prov":"QC","kind":"river","level":48.253,"discharge":0.2,"time":"2026-09-09T09:30:00Z","src":"qc"}},{"type":"Feature","geometry":{"type":"Point","coordinates":[-74.32517,45.49663]},"properties":{"id":"qc-707","name":"Rivi\u00e8re des Outaouais \u2014 \u00c0 la Baie de Rigaud","prov":"QC","kind":"river","level":21.726,"time":"2026-09-08T16:55:00Z","src":"qc"}},{"type":"Feature","geometry":{"type":"Point","coordinates":[-69.28226,47.49196]},"properties":{"id":"qc-013105","name":"Lac Poh\u00e9n\u00e9gamook \u2014 au Centre des loisirs Guy-Pelletier","prov":"QC","kind":"lake","level":206.816,"time":"2026-09-09T09:30:00Z","src":"qc"}},{"type":"Feature","geometry":{"type":"Point","coordinates":[-72.55704,45.65283]},"properties":{"id":"qc-030356","name":"Rivi\u00e8re le Renne \u2014 \u00e0 Acton Vale","prov":"QC","kind":"river","level":48.627,"discharge":0.5,"time":"2026-09-09T09:30:00Z","src":"qc"}},{"type":"Feature","geometry":{"type":"Point","coordinates":[-73.47314,45.35281]},"properties":{"id":"qc-030601","name":"Rivi\u00e8re Saint-Jacques \u2014 amont du pont Mont\u00e9e Monette \u00e0 Saint-Philippe","prov":"QC","kind":"river","level":46.261,"discharge":0.27,"time":"2026-09-09T09:45:00Z","src":"qc"}},{"type":"Feature","geometry":{"type":"Point","coordinates":[-75.09275,45.90808]},"properties":{"id":"qc-040411","name":"Lac Simon \u2014 \u00e0 la marina Lac Simon","prov":"QC","kind":"lake","level":198.06,"time":"2026-09-09T09:45:00Z","src":"qc"}},{"type":"Feature","geometry":{"type":"Point","coordinates":[-76.22763,45.51603]},"properties":{"id":"qc-506","name":"Rivi\u00e8re Quyon                                                                                                                                                                                                                                                  \u2014 Au traversier de Quyon","prov":"QC","kind":"river","level":57.947,"time":"2026-09-08T17:20:00Z","src":"qc"}},{"type":"Feature","geometry":{"type":"Point","coordinates":[-70.6732,46.12]},"properties":{"id":"qc-Saint-Georges","name":"Rivi\u00e8re Chaudi\u00e8re \u2014 Au pont-route 271 \u00e0 Saint-Georges","prov":"QC","kind":"river","level":161.82,"time":"2026-09-09T10:20:00Z","src":"qc","class":"normal","classBy":"qc-vigilance"}},{"type":"Feature","geometry":{"type":"Point","coordinates":[-72.20661,46.95918]},"properties":{"id":"qc-050309","name":"Rivi\u00e8re \u00e0 Pierre \u2014 \u00e0 7,5 km de sa confluence avec la rivi\u00e8re Batiscan","prov":"QC","kind":"river","level":46.651,"discharge":4.63,"time":"2026-09-09T09:00:00Z","src":"qc"}},{"type":"Feature","geometry":{"type":"Point","coordinates":[-73.36283,45.42681]},"properties":{"id":"qc-515","name":"Rivi\u00e8re L'Acadie \u2014 Carignan","prov":"QC","kind":"river","level":9.531,"time":"2026-09-08T17:20:00Z","src":"qc"}},{"type":"Feature","geometry":{"type":"Point","coordinates":[-72.75666,46.58499]},"properties":{"id":"qc-050148","name":"Rivi\u00e8re Shawinigan \u2014 \u00e0 6,5 km en amont de la confluence avec la rivi\u00e8re Saint-Maurice","prov":"QC","kind":"river","level":43.043,"discharge":2.06,"time":"2026-09-09T09:45:00Z","src":"qc"}},{"type":"Feature","geometry":{"type":"Point","coordinates":[-70.47664,47.0074]},"properties":{"id":"qc-023108","name":"Bras Saint-Nicolas \u2014 8 km en amont de la confluence avec la rivi\u00e8re du Sud au pont-route Bellavance","prov":"QC","kind":"river","level":47.648,"discharge":0.65,"time":"2026-09-09T09:30:00Z","src":"qc"}},{"type":"Feature","geometry":{"type":"Point","coordinates":[-71.85593,45.36058]},"properties":{"id":"qc-896","name":"Rivi\u00e8re Massawippi \u2014 Pont Malory - Lennoxville (aval)","prov":"QC","kind":"river","level":143.613,"time":"2026-09-08T17:20:00Z","src":"qc"}},{"type":"Feature","geometry":{"type":"Point","coordinates":[-72.15211,45.66527]},"properties":{"id":"qc-912","name":"Rivi\u00e8re Saint-Fran\u00e7ois \u2014 Pont F.-Coburn (amont)","prov":"QC","kind":"river","level":111.439,"time":"2026-09-08T17:20:00Z","src":"qc"}},{"type":"Feature","geometry":{"type":"Point","coordinates":[-71.35881,46.59197]},"properties":{"id":"qc-804","name":"Rivi\u00e8re Beaurivage \u2014 Pont du Moulin","prov":"QC","kind":"river","level":103.53,"time":"2026-09-08T17:20:00Z","src":"qc"}},{"type":"Feature","geometry":{"type":"Point","coordinates":[-76.93449,45.90687]},"properties":{"id":"qc-488","name":"Rivi\u00e8re des Outaouais \u2014 \u00c0 500 m en amont du pont de la route 148 \u00e0 Waltham","prov":"QC","kind":"river","level":106.355,"time":"2026-09-08T17:20:00Z","src":"qc"}},{"type":"Feature","geometry":{"type":"Point","coordinates":[-74.336,46.07442]},"properties":{"id":"qc-040106","name":"Lac Manitou \u2014 Au lac Manitou \u00e0 Sainte-Agathe-des-Monts","prov":"QC","kind":"lake","level":389.562,"time":"2026-09-09T09:00:00Z","src":"qc"}},{"type":"Feature","geometry":{"type":"Point","coordinates":[-76.72953,45.85106]},"properties":{"id":"qc-679","name":"Rivi\u00e8re Coulonge                                                                                                                                                                                                                                               \u2014 Au pont de la route 148 \u00e0 Mansfield et Pontefract","prov":"QC","kind":"river","level":106.866,"time":"2026-09-08T17:20:00Z","src":"qc"}},{"type":"Feature","geometry":{"type":"Point","coordinates":[-74.06635,45.85092]},"properties":{"id":"qc-561","name":"Rivi\u00e8re du Nord \u2014 Rue des Frangins (aval)","prov":"QC","kind":"river","level":151.103,"time":"2026-09-08T17:20:00Z","src":"qc"}},{"type":"Feature","geometry":{"type":"Point","coordinates":[-74.18141,45.0446]},"properties":{"id":"qc-030926","name":"Rivi\u00e8re Ch\u00e2teauguay \u2014 \u00e0 1km en aval du village Athelstan","prov":"QC","kind":"river","level":47.181,"discharge":5.14,"time":"2026-09-09T09:45:00Z","src":"qc"}},{"type":"Feature","geometry":{"type":"Point","coordinates":[-74.36046,45.58142]},"properties":{"id":"qc-040135","name":"Rivi\u00e8re du Nord \u2014 \u00c0 8 km de l'embouchure \u00e0 Saint-Andr\u00e9 d'Argenteuil","prov":"QC","kind":"river","level":46.93,"discharge":10.35,"time":"2026-09-09T09:45:00Z","src":"qc","class":"normal","classBy":"qc-vigilance"}},{"type":"Feature","geometry":{"type":"Point","coordinates":[-70.56061,46.42333]},"properties":{"id":"qc-023306","name":"Rivi\u00e8re Etchemin \u2014 en aval du pont-route 277 \u00e0 la municipalit\u00e9 de Lac-Etchemin","prov":"QC","kind":"river","level":46.554,"discharge":0.41,"time":"2026-09-09T09:45:00Z","src":"qc"}},{"type":"Feature","geometry":{"type":"Point","coordinates":[-73.86247,45.89788]},"properties":{"id":"qc-052240","name":"Rivi\u00e8re Beauport \u2014 \u00e0 1 km de la confluence avec la rivi\u00e8re de l'Achigan","prov":"QC","kind":"river","level":44.485,"discharge":0.18,"time":"2026-09-09T09:45:00Z","src":"qc"}},{"type":"Feature","geometry":{"type":"Point","coordinates":[-75.10767,45.5981]},"properties":{"id":"qc-502","name":"Rivi\u00e8re de la Petite Nation \u2014 Parc National (amont)","prov":"QC","kind":"river","level":40.78,"time":"2026-09-08T17:20:00Z","src":"qc"}},{"type":"Feature","geometry":{"type":"Point","coordinates":[-72.00822,45.56777]},"properties":{"id":"qc-899","name":"Rivi\u00e8re Saint-Fran\u00e7ois \u2014 Pont  des Papetiers (amont)","prov":"QC","kind":"river","level":118.602,"time":"2026-09-08T17:20:00Z","src":"qc"}},{"type":"Feature","geometry":{"type":"Point","coordinates":[-73.096,46.301]},"properties":{"id":"qc-052601","name":"Rivi\u00e8re Maskinong\u00e9 \u2014 Au pont du C.N. pr\u00e8s de Sainte-Ursule","prov":"QC","kind":"river","level":27.236,"discharge":6.96,"time":"2026-09-09T09:45:00Z","src":"qc","class":"normal","classBy":"qc-vigilance"}},{"type":"Feature","geometry":{"type":"Point","coordinates":[-71.29462,46.81558]},"properties":{"id":"qc-050918","name":"Rivi\u00e8re du Berger \u2014 Pr\u00e8s de la rue Dion \u00e0 Duberger","prov":"QC","kind":"river","level":47.298,"discharge":0.3,"time":"2026-09-09T09:45:00Z","src":"qc"}},{"type":"Feature","geometry":{"type":"Point","coordinates":[-71.56729,45.34059]},"properties":{"id":"qc-030242","name":"Rivi\u00e8re Eaton \u2014 en aval du pont-route 210 \u00e0 Sawyerville","prov":"QC","kind":"river","level":253.702,"discharge":0.13,"time":"2026-09-09T09:30:00Z","src":"qc"}},{"type":"Feature","geometry":{"type":"Point","coordinates":[-70.91796,45.99821]},"properties":{"id":"qc-023451","name":"Bras Saint-Victor \u2014 \u00e0 3.5 km en aval de La Guadeloupe","prov":"QC","kind":"river","level":47.062,"discharge":0.1,"time":"2026-09-09T09:30:00Z","src":"qc"}},{"type":"Feature","geometry":{"type":"Point","coordinates":[-74.76996,45.91109]},"properties":{"id":"qc-040240","name":"Rivi\u00e8re Maskinong\u00e9 \u2014 1 km en amont de Boileau","prov":"QC","kind":"river","level":47.346,"discharge":2.74,"time":"2026-09-09T09:45:00Z","src":"qc"}},{"type":"Feature","geometry":{"type":"Point","coordinates":[-72.65417,45.63813]},"properties":{"id":"qc-030315","name":"Rivi\u00e8re Noire \u2014 \u00e0 2,3 km en amont du pont-route 116","prov":"QC","kind":"river","level":46.379,"discharge":0.39,"time":"2026-09-09T09:45:00Z","src":"qc"}},{"type":"Feature","geometry":{"type":"Point","coordinates":[-72.33802,45.45819]},"properties":{"id":"qc-030355","name":"Rivi\u00e8re Noire \u2014 au pont du chemin Benoit \u00e0 Valcourt","prov":"QC","kind":"river","level":46.116,"discharge":0.17,"time":"2026-09-09T09:30:00Z","src":"qc"}},{"type":"Feature","geometry":{"type":"Point","coordinates":[-73.041,47.677]},"properties":{"id":"qc-050144","name":"Rivi\u00e8re Vermillon \u2014 \u00c0 0,3 km en aval de la rivi\u00e8re des Prairies","prov":"QC","kind":"river","level":47.846,"discharge":35.2,"time":"2026-09-09T09:00:00Z","src":"qc"}},{"type":"Feature","geometry":{"type":"Point","coordinates":[-71.57283,46.6965]},"properties":{"id":"qc-03280","name":"Fleuve Saint-Laurent \u2014 \u00c0 Neuville","prov":"QC","kind":"river","level":4.49,"time":"2026-09-09T10:25:00Z","src":"qc"}},{"type":"Feature","geometry":{"type":"Point","coordinates":[-73.5525,45.5035]},"properties":{"id":"qc-15520","name":"Fleuve Saint-Laurent \u2014 \u00c0 la jet\u00e9e 1 du port de Montr\u00e9al","prov":"QC","kind":"river","level":0.452,"time":"2026-09-09T09:45:00Z","src":"qc"}},{"type":"Feature","geometry":{"type":"Point","coordinates":[-71.20194,46.81111]},"properties":{"id":"qc-03248","name":"Fleuve Saint-Laurent \u2014 Au port de Qu\u00e9bec","prov":"QC","kind":"river","level":4.845,"time":"2026-09-09T10:25:00Z","src":"qc","class":"normal","classBy":"qc-vigilance"}},{"type":"Feature","geometry":{"type":"Point","coordinates":[-72.24583,46.50033]},"properties":{"id":"qc-03345","name":"Fleuve Saint-Laurent \u2014 \u00c0 Batiscan","prov":"QC","kind":"river","level":0.776,"time":"2026-09-09T10:25:00Z","src":"qc","class":"normal","classBy":"qc-vigilance"}},{"type":"Feature","geometry":{"type":"Point","coordinates":[-72.13153,45.47081]},"properties":{"id":"qc-030247","name":"Lac Brompton \u2014 Au lac Brompton \u00e0 Saint-Denis-de-Brompton","prov":"QC","kind":"lake","level":238.245,"time":"2026-09-09T09:00:00Z","src":"qc","class":"normal","classBy":"qc-vigilance"}},{"type":"Feature","geometry":{"type":"Point","coordinates":[-74.13729,45.76693]},"properties":{"id":"qc-040134","name":"Ruisseau Bonniebrook \u2014 En amont du pont de la rue du Mont Castel","prov":"QC","kind":"river","level":46.109,"discharge":0.16,"time":"2026-09-09T09:30:00Z","src":"qc"}},{"type":"Feature","geometry":{"type":"Point","coordinates":[-73.5425,45.52867]},"properties":{"id":"qc-15540","name":"Fleuve Saint-Laurent \u2014 En bordure de la rue Frontenac \u00e0 Montr\u00e9al","prov":"QC","kind":"river","level":0.411,"time":"2026-09-09T10:25:00Z","src":"qc"}},{"type":"Feature","geometry":{"type":"Point","coordinates":[-64.86811,56.783]},"properties":{"id":"qc-104803","name":"Rivi\u00e8re George \u2014 \u00c0 la sortie du lac de la Hutte Sauvage","prov":"QC","kind":"river","level":27.047,"discharge":455.2,"time":"2026-09-09T09:00:00Z","src":"qc"}},{"type":"Feature","geometry":{"type":"Point","coordinates":[-69.909,48.268]},"properties":{"id":"qc-062803","name":"Rivi\u00e8re Sainte-Marguerite Nord-Est \u2014 \u00c0 1,7 km de la rivi\u00e8re Sainte-Marguerite","prov":"QC","kind":"river","level":25.989,"discharge":10.8,"time":"2026-09-09T09:45:00Z","src":"qc","class":"normal","classBy":"qc-vigilance"}},{"type":"Feature","geometry":{"type":"Point","coordinates":[-74.27535,46.11898]},"properties":{"id":"qc-040103","name":"Lac Ludger \u2014 Au lac Ludger \u00e0 Sainte-Agathe-des-Monts","prov":"QC","kind":"lake","level":375.398,"time":"2026-09-09T09:00:00Z","src":"qc"}},{"type":"Feature","geometry":{"type":"Point","coordinates":[-71.688,46.696]},"properties":{"id":"qc-050812","name":"Rivi\u00e8re aux Pommes \u2014 \u00c0 1,6 km en aval de la rivi\u00e8re Noire","prov":"QC","kind":"river","level":48.077,"discharge":1.13,"time":"2026-09-09T09:45:00Z","src":"qc"}},{"type":"Feature","geometry":{"type":"Point","coordinates":[-72.85785,45.95391]},"properties":{"id":"qc-030316","name":"Rivi\u00e8re David \u2014 Au pont-route \u00e0 Saint-David","prov":"QC","kind":"river","level":26.875,"discharge":0.1,"time":"2026-09-09T09:45:00Z","src":"qc"}},{"type":"Feature","geometry":{"type":"Point","coordinates":[-71.66417,46.96631]},"properties":{"id":"qc-050813","name":"D\u00e9charge du lac Clair \u2014 \u00c0 500 m \u00e0 l'aval du lac Clair","prov":"QC","kind":"lake","level":47.944,"discharge":0.04,"time":"2026-09-09T07:45:00Z","src":"qc"}},{"type":"Feature","geometry":{"type":"Point","coordinates":[-70.8853,46.308]},"properties":{"id":"qc-Saint-Joseph-de-Beauce","name":"Rivi\u00e8re Chaudi\u00e8re \u2014 Au pont-route 276 \u00e0 Saint-Joseph","prov":"QC","kind":"river","level":142.1,"time":"2026-09-09T10:19:46Z","src":"qc","class":"normal","classBy":"qc-vigilance"}},{"type":"Feature","geometry":{"type":"Point","coordinates":[-71.0235,46.4372]},"properties":{"id":"qc-Sainte-Marie","name":"Rivi\u00e8re Chaudi\u00e8re \u2014 Au pont-route 216 \u00e0 Sainte-Marie","prov":"QC","kind":"river","level":140.26,"time":"2026-09-09T10:20:09Z","src":"qc","class":"normal","classBy":"qc-vigilance"}},{"type":"Feature","geometry":{"type":"Point","coordinates":[-71.319,46.816]},"properties":{"id":"qc-050904","name":"Rivi\u00e8re Saint-Charles \u2014 \u00c0 0,8 km en amont de la Lorette","prov":"QC","kind":"river","level":27.108,"discharge":3.21,"time":"2026-09-09T09:30:00Z","src":"qc","class":"normal","classBy":"qc-vigilance"}},{"type":"Feature","geometry":{"type":"Point","coordinates":[-70.88044,45.57306]},"properties":{"id":"qc-023427","name":"Rivi\u00e8re Chaudi\u00e8re \u2014 En aval du barrage M\u00e9gantic","prov":"QC","kind":"river","level":392.317,"discharge":2.52,"time":"2026-09-09T09:00:00Z","src":"qc","class":"normal","classBy":"qc-vigilance"}},{"type":"Feature","geometry":{"type":"Point","coordinates":[-70.654,46.096]},"properties":{"id":"qc-023429","name":"Rivi\u00e8re Chaudi\u00e8re \u2014 \u00c0 0,1 km en aval du barrage Sartigan","prov":"QC","kind":"river","level":166.93,"discharge":3.94,"time":"2026-09-09T09:45:00Z","src":"qc","class":"normal","classBy":"qc-vigilance"}},{"type":"Feature","geometry":{"type":"Point","coordinates":[-71.13714,47.27061]},"properties":{"id":"qc-051003","name":"Ruisseau des Eaux Vol\u00e9es \u2014 \u00c0 0,2 km de la rivi\u00e8re Montmorency","prov":"QC","kind":"river","level":28.525,"discharge":0.17,"time":"2026-09-09T09:30:00Z","src":"qc"}},{"type":"Feature","geometry":{"type":"Point","coordinates":[-71.137,47.26]},"properties":{"id":"qc-051005","name":"Rivi\u00e8re Montmorency \u2014 \u00c0 0,3 km en amont de la rivi\u00e8re Blanche, for\u00eat Montmorency","prov":"QC","kind":"river","level":552.417,"discharge":4.68,"time":"2026-09-09T09:30:00Z","src":"qc","class":"normal","classBy":"qc-vigilance"}},{"type":"Feature","geometry":{"type":"Point","coordinates":[-70.218,47.694]},"properties":{"id":"qc-051502","name":"Rivi\u00e8re Malbaie \u2014 \u00c0 0.3 km en aval du pont-route \u00e0 Clermont","prov":"QC","kind":"river","level":26.682,"discharge":19.61,"time":"2026-09-09T09:30:00Z","src":"qc","class":"normal","classBy":"qc-vigilance"}},{"type":"Feature","geometry":{"type":"Point","coordinates":[-73.705,46.031]},"properties":{"id":"qc-052212","name":"Rivi\u00e8re Ouareau \u2014 \u00c0 la t\u00eate des chutes Dorwin","prov":"QC","kind":"river","level":27.928,"discharge":5.1,"time":"2026-09-09T09:45:00Z","src":"qc","class":"normal","classBy":"qc-vigilance"}},{"type":"Feature","geometry":{"type":"Point","coordinates":[-73.429,46.013]},"properties":{"id":"qc-052219","name":"Rivi\u00e8re L'Assomption \u2014 Au pont-route 158 \u00e0 Joliette","prov":"QC","kind":"river","level":39.687,"discharge":5.19,"time":"2026-09-09T09:45:00Z","src":"qc","class":"normal","classBy":"qc-vigilance"}},{"type":"Feature","geometry":{"type":"Point","coordinates":[-73.654,46.341]},"properties":{"id":"qc-052228","name":"Rivi\u00e8re Noire \u2014 \u00c0 2,6 km en amont du pont-route \u00e0 Sainte-\u00c9m\u00e9lie-de-l'\u00c9nergie","prov":"QC","kind":"river","level":26.996,"discharge":0.5,"time":"2026-09-09T09:45:00Z","src":"qc","class":"normal","classBy":"qc-vigilance"}},{"type":"Feature","geometry":{"type":"Point","coordinates":[-73.493,45.846]},"properties":{"id":"qc-052233","name":"Rivi\u00e8re L'Achigan \u2014 Au pont-route 341\u00e0 L'\u00c9piphanie","prov":"QC","kind":"river","level":28.994,"discharge":2.24,"time":"2026-09-09T09:45:00Z","src":"qc","class":"normal","classBy":"qc-vigilance"}},{"type":"Feature","geometry":{"type":"Point","coordinates":[-73.663,45.9]},"properties":{"id":"qc-052238","name":"Rivi\u00e8re Saint-Esprit \u2014 \u00c0 Saint-Esprit","prov":"QC","kind":"river","level":46.76,"discharge":0.95,"time":"2026-09-09T09:30:00Z","src":"qc"}},{"type":"Feature","geometry":{"type":"Point","coordinates":[-73.3908,46.15709]},"properties":{"id":"qc-052401","name":"Rivi\u00e8re Bayonne \u2014 \u00c0 Saint-F\u00e9lix-de-Valois","prov":"QC","kind":"river","level":28.468,"discharge":0.77,"time":"2026-09-09T09:45:00Z","src":"qc","class":"normal","classBy":"qc-vigilance"}},{"type":"Feature","geometry":{"type":"Point","coordinates":[-69.72975,48.12633]},"properties":{"id":"qc-03424","name":"Rivi\u00e8re Saguenay \u2014 \u00c0 Baie Ste-Catherine","prov":"QC","kind":"river","level":1.537,"time":"2026-09-09T10:25:00Z","src":"qc"}},{"type":"Feature","geometry":{"type":"Point","coordinates":[-73.397,46.304]},"properties":{"id":"qc-052603","name":"Lac Maskinong\u00e9 \u2014 \u00c0 Saint-Gabriel-de-Brandon","prov":"QC","kind":"lake","level":142.645,"time":"2026-09-09T09:00:00Z","src":"qc","class":"normal","classBy":"qc-vigilance"}},{"type":"Feature","geometry":{"type":"Point","coordinates":[-73.2777,46.3267]},"properties":{"id":"qc-052604","name":"Rivi\u00e8re Maskinong\u00e9 \u2014 Sur la rivi\u00e8re Maskinong\u00e9 \u00e0 Saint-Didace","prov":"QC","kind":"river","level":142.603,"time":"2026-09-09T09:45:00Z","src":"qc"}},{"type":"Feature","geometry":{"type":"Point","coordinates":[-73.462,46.442]},"properties":{"id":"qc-052606","name":"Rivi\u00e8re Mastigouche \u2014 \u00c0 0,1 km en aval du lac Sainte-Rose","prov":"QC","kind":"river","level":29.542,"discharge":0.87,"time":"2026-09-09T09:45:00Z","src":"qc","class":"normal","classBy":"qc-vigilance"}},{"type":"Feature","geometry":{"type":"Point","coordinates":[-67.65458,49.33075]},"properties":{"id":"qc-071401","name":"Rivi\u00e8re Godbout \u2014 \u00c0 1,6 km en amont du pont-route 138","prov":"QC","kind":"river","level":29.65,"discharge":16.07,"time":"2026-09-09T09:00:00Z","src":"qc","class":"normal","classBy":"qc-vigilance"}},{"type":"Feature","geometry":{"type":"Point","coordinates":[-71.34,46.54]},"properties":{"id":"qc-023432","name":"Rivi\u00e8re Bras d'Henri \u2014 \u00c0 2,3 km de la rivi\u00e8re Beaurivage","prov":"QC","kind":"river","level":116.166,"discharge":0.17,"time":"2026-09-09T09:45:00Z","src":"qc"}},{"type":"Feature","geometry":{"type":"Point","coordinates":[-70.65074,46.09594]},"properties":{"id":"qc-023446","name":"Rivi\u00e8re Chaudi\u00e8re \u2014 \u00c0 0.2 km en amont du barrage Sartigan","prov":"QC","kind":"river","level":173.548,"time":"2026-09-09T09:00:00Z","src":"qc"}},{"type":"Feature","geometry":{"type":"Point","coordinates":[-70.998,48.205]},"properties":{"id":"qc-060704","name":"Rivi\u00e8re \u00e0 Mars \u2014 \u00c0 la fosse 80 dans la zec de la rivi\u00e8re \u00e0 Mars","prov":"QC","kind":"river","level":45.114,"discharge":5.07,"time":"2026-09-09T09:45:00Z","src":"qc","class":"normal","classBy":"qc-vigilance"}},{"type":"Feature","geometry":{"type":"Point","coordinates":[-71.441,48.305]},"properties":{"id":"qc-061028","name":"Rivi\u00e8re Pikauba \u2014 \u00c0 3,6 km de l'embouchure de la rivi\u00e8re Pikauba","prov":"QC","kind":"river","level":172.222,"discharge":32.59,"time":"2026-09-09T09:00:00Z","src":"qc"}},{"type":"Feature","geometry":{"type":"Point","coordinates":[-71.21186,48.30942]},"properties":{"id":"qc-061001","name":"Lac-K\u00e9nogami \u2014 Au Lac-K\u00e9nogami au barrage de Portage-des-Roches","prov":"QC","kind":"lake","level":163.525,"time":"2026-09-09T09:00:00Z","src":"qc","class":"normal","classBy":"qc-vigilance"}},{"type":"Feature","geometry":{"type":"Point","coordinates":[-72.242,48.202]},"properties":{"id":"qc-061601","name":"Lac des Commissaires \u2014 Au lac des Commissaires \u00e0 Lac-Bouchette","prov":"QC","kind":"lake","level":329.434,"time":"2026-09-09T09:00:00Z","src":"qc","class":"normal","classBy":"qc-vigilance"}},{"type":"Feature","geometry":{"type":"Point","coordinates":[-72.24011,48.20375]},"properties":{"id":"qc-061602","name":"Rivi\u00e8re Ouiatchouan \u2014 \u00c0 0,3 km en aval du barrage des Commissaires","prov":"QC","kind":"river","level":324.88,"discharge":5.25,"time":"2026-09-09T09:45:00Z","src":"qc","class":"normal","classBy":"qc-vigilance"}},{"type":"Feature","geometry":{"type":"Point","coordinates":[-72.046,48.815]},"properties":{"id":"qc-061801","name":"Petite rivi\u00e8re P\u00e9ribonka \u2014 \u00c0 0,2 km en amont du pont-route 169","prov":"QC","kind":"river","level":27.919,"discharge":12.42,"time":"2026-09-09T09:30:00Z","src":"qc","class":"normal","classBy":"qc-vigilance"}},{"type":"Feature","geometry":{"type":"Point","coordinates":[-72.488,48.686]},"properties":{"id":"qc-061901","name":"Rivi\u00e8re Ashuapmushuan \u2014 \u00c0 la t\u00eate de la chute aux Saumons","prov":"QC","kind":"river","level":24.475,"discharge":191.7,"time":"2026-09-09T09:30:00Z","src":"qc","class":"normal","classBy":"qc-vigilance"}},{"type":"Feature","geometry":{"type":"Point","coordinates":[-73.762,45.1]},"properties":{"id":"qc-030921","name":"Rivi\u00e8re des Anglais \u2014 \u00c0 environ 70 m en amont de la confluence avec la rivi\u00e8re Noire, \u00e0 Saint-Chrysostome","prov":"QC","kind":"river","level":45.491,"discharge":0.63,"time":"2026-09-09T09:30:00Z","src":"qc"}},{"type":"Feature","geometry":{"type":"Point","coordinates":[-70.97219,48.48794]},"properties":{"id":"qc-062701","name":"Rivi\u00e8re Valin \u2014 \u00c0 3,5 km de l'embouchure","prov":"QC","kind":"river","level":29.131,"discharge":16.98,"time":"2026-09-09T09:30:00Z","src":"qc"}},{"type":"Feature","geometry":{"type":"Point","coordinates":[-72.21761,48.53661]},"properties":{"id":"qc-062914","name":"Lac Saint-Jean \u2014 \u00c0 Roberval (pr\u00e8s du centre aquatique)","prov":"QC","kind":"reservoir","level":100.749,"time":"2026-09-09T09:45:00Z","src":"qc","class":"normal","classBy":"qc-vigilance","resName":"Lac Saint-Jean","resOperator":"Rio Tinto (Isle-Maligne)","fslM":101.84}},{"type":"Feature","geometry":{"type":"Point","coordinates":[-75.0217,45.88389]},"properties":{"id":"qc-040409","name":"Rivi\u00e8re Suffolk \u2014 \u00c0 0,2 km en amont du pont-route \u00e0 Cheneville","prov":"QC","kind":"river","level":30.353,"discharge":0.27,"time":"2026-09-09T09:30:00Z","src":"qc","class":"normal","classBy":"qc-vigilance"}},{"type":"Feature","geometry":{"type":"Point","coordinates":[-73.64,45.69281]},"properties":{"id":"qc-043208","name":"Rivi\u00e8re des Mille \u00celes \u2014 Sur la rivi\u00e8re des Mille \u00celes \u00e0 Terrebonne","prov":"QC","kind":"river","level":13.881,"time":"2026-09-09T09:45:00Z","src":"qc","class":"normal","classBy":"qc-vigilance"}},{"type":"Feature","geometry":{"type":"Point","coordinates":[-74.23147,56.45453]},"properties":{"id":"qc-095003","name":"Lac des Loups Marins \u2014 Dans le bassin versant de la rivi\u00e8re Nastapoca","prov":"QC","kind":"lake","level":29.088,"discharge":221.7,"time":"2026-09-09T09:00:00Z","src":"qc"}},{"type":"Feature","geometry":{"type":"Point","coordinates":[-71.32511,58.28444]},"properties":{"id":"qc-102706","name":"Rivi\u00e8re aux Feuilles \u2014 \u00c0 2,8 km en amont du ruisseau Dufreboy","prov":"QC","kind":"river","level":46.521,"discharge":384.7,"time":"2026-09-09T09:00:00Z","src":"qc"}},{"type":"Feature","geometry":{"type":"Point","coordinates":[-74.602,46.115]},"properties":{"id":"qc-040238","name":"Rivi\u00e8re du Diable \u2014 \u00c0 100 m\u00e8tres en amont du pont de la route 117","prov":"QC","kind":"river","level":194.774,"discharge":7.34,"time":"2026-09-09T09:30:00Z","src":"qc","class":"normal","classBy":"qc-vigilance"}},{"type":"Feature","geometry":{"type":"Point","coordinates":[-74.94681,46.21078]},"properties":{"id":"qc-040239","name":"Lac Chapleau \u2014 Au lac Chapleau \u00e0 La Minerve","prov":"QC","kind":"lake","level":266.445,"time":"2026-09-09T09:15:00Z","src":"qc"}},{"type":"Feature","geometry":{"type":"Point","coordinates":[-70.87222,48.2775]},"properties":{"id":"qc-060601","name":"Rivi\u00e8re Ha! Ha! \u2014 \u00c0 7.1 km de l'embouchure","prov":"QC","kind":"river","level":139.627,"discharge":4.17,"time":"2026-09-09T09:45:00Z","src":"qc"}},{"type":"Feature","geometry":{"type":"Point","coordinates":[-72.22606,45.39397]},"properties":{"id":"qc-030268","name":"Lac Stukely \u2014 Au lac Stukely \u00e0 Orford","prov":"QC","kind":"lake","level":284.318,"time":"2026-09-09T09:45:00Z","src":"qc","class":"normal","classBy":"qc-vigilance"}},{"type":"Feature","geometry":{"type":"Point","coordinates":[-71.40622,45.76036]},"properties":{"id":"qc-030278","name":"Rivi\u00e8re Saint-Fran\u00e7ois \u2014 \u00c0 0,1 km en aval du barrage Aylmer","prov":"QC","kind":"river","level":243.67,"discharge":7.95,"time":"2026-09-09T09:45:00Z","src":"qc","class":"normal","classBy":"qc-vigilance"}},{"type":"Feature","geometry":{"type":"Point","coordinates":[-71.422,45.738]},"properties":{"id":"qc-030289","name":"Lac Louise \u2014 \u00c0 Weedon","prov":"QC","kind":"lake","level":242.706,"time":"2026-09-09T09:00:00Z","src":"qc","class":"normal","classBy":"qc-vigilance"}},{"type":"Feature","geometry":{"type":"Point","coordinates":[-71.46839,45.65839]},"properties":{"id":"qc-030284","name":"Rivi\u00e8re Saint-Fran\u00e7ois \u2014 \u00c0 0,5 km en aval de la centrale de Weedon","prov":"QC","kind":"river","level":28.703,"discharge":10.65,"time":"2026-09-09T09:45:00Z","src":"qc","class":"normal","classBy":"qc-vigilance"}},{"type":"Feature","geometry":{"type":"Point","coordinates":[-71.326,45.80625]},"properties":{"id":"qc-030296","name":"Lac Aylmer \u2014 Au quai de la municipalit\u00e9 de Stratford","prov":"QC","kind":"lake","level":247.581,"time":"2026-09-09T09:45:00Z","src":"qc","class":"normal","classBy":"qc-vigilance"}},{"type":"Feature","geometry":{"type":"Point","coordinates":[-75.089,45.791]},"properties":{"id":"qc-040406","name":"Rivi\u00e8re de la Petite Nation \u2014 Au pont \u00e0 1,6 km en amont de Ripon","prov":"QC","kind":"river","level":155.104,"discharge":9.15,"time":"2026-09-09T09:30:00Z","src":"qc","class":"normal","classBy":"qc-vigilance"}},{"type":"Feature","geometry":{"type":"Point","coordinates":[-78.09658,51.53358]},"properties":{"id":"qc-081101","name":"Rivi\u00e8re Pontax \u2014 \u00c0 60,4 km de l'embouchure de la rivi\u00e8re Pontax","prov":"QC","kind":"river","level":26.608,"discharge":87.13,"time":"2026-09-09T09:00:00Z","src":"qc"}},{"type":"Feature","geometry":{"type":"Point","coordinates":[-66.18667,50.3525]},"properties":{"id":"qc-072301","name":"Rivi\u00e8re Moisie \u2014 \u00c0 5,1 km en amont du pont du Q.N.S.L.R.","prov":"QC","kind":"river","level":27.112,"discharge":351.8,"time":"2026-09-09T09:00:00Z","src":"qc","class":"normal","classBy":"qc-vigilance"}},{"type":"Feature","geometry":{"type":"Point","coordinates":[-79.22904,48.74928]},"properties":{"id":"qc-089902","name":"Lac Abitibi \u2014 \u00c0 Mancebourg","prov":"QC","kind":"lake","level":265.0,"time":"2026-09-09T09:30:00Z","src":"qc"}},{"type":"Feature","geometry":{"type":"Point","coordinates":[-76.98478,55.23789]},"properties":{"id":"qc-093801","name":"Grande Rivi\u00e8re de la Baleine \u2014 \u00c0 30,6 km en amont de la rivi\u00e8re Denys","prov":"QC","kind":"river","level":29.475,"discharge":550.8,"time":"2026-09-09T09:00:00Z","src":"qc"}},{"type":"Feature","geometry":{"type":"Point","coordinates":[-75.648,46.101]},"properties":{"id":"qc-040602","name":"Rivi\u00e8re du Li\u00e8vre \u2014 Au lac du Poisson Blanc \u00e0 Notre-Dame-du-Laus","prov":"QC","kind":"river","level":200.064,"time":"2026-09-09T09:45:00Z","src":"qc","class":"normal","classBy":"qc-vigilance"}},{"type":"Feature","geometry":{"type":"Point","coordinates":[-71.645,48.183]},"properties":{"id":"qc-061020","name":"Rivi\u00e8re aux \u00c9corces \u2014 \u00c0 0,6 km en amont du pont-route 169","prov":"QC","kind":"river","level":27.866,"discharge":15.77,"time":"2026-09-09T09:00:00Z","src":"qc","class":"normal","classBy":"qc-vigilance"}},{"type":"Feature","geometry":{"type":"Point","coordinates":[-71.382,47.942]},"properties":{"id":"qc-061022","name":"Rivi\u00e8re Pikauba \u2014 \u00c0 8,2 km en amont de la rivi\u00e8re Apica","prov":"QC","kind":"river","level":29.109,"discharge":7.37,"time":"2026-09-09T09:00:00Z","src":"qc"}},{"type":"Feature","geometry":{"type":"Point","coordinates":[-71.289,48.236]},"properties":{"id":"qc-061024","name":"Rivi\u00e8re Cyriac \u2014 \u00c0 9 km de l'embouchure de la rivi\u00e8re Cyriac","prov":"QC","kind":"river","level":97.023,"discharge":4.64,"time":"2026-09-09T09:00:00Z","src":"qc"}},{"type":"Feature","geometry":{"type":"Point","coordinates":[-70.9292,46.374]},"properties":{"id":"qc-Vall\u00e9e-Jonction","name":"Rivi\u00e8re Chaudi\u00e8re \u2014 Au pont-route 112 \u00e0 Vall\u00e9e-Jonction","prov":"QC","kind":"river","level":143.37,"time":"2026-09-09T10:19:46Z","src":"qc","class":"normal","classBy":"qc-vigilance"}},{"type":"Feature","geometry":{"type":"Point","coordinates":[-71.20155,46.78085]},"properties":{"id":"qc-396","name":"Ruisseau Rouge                                                                                                                                                                                                                                                 \u2014 \u00c0 l'embouchure, pr\u00e8s de la rue Saint-Laurent, \u00e0 L\u00e9vis","prov":"QC","kind":"river","level":3.197,"time":"2026-09-08T17:20:00Z","src":"qc"}},{"type":"Feature","geometry":{"type":"Point","coordinates":[-75.85846,45.39424]},"properties":{"id":"qc-413","name":"Rivi\u00e8re des Outaouais \u2014 Marina d'Aylmer","prov":"QC","kind":"river","level":57.75,"time":"2026-09-08T17:20:00Z","src":"qc"}},{"type":"Feature","geometry":{"type":"Point","coordinates":[-76.2365,45.52105]},"properties":{"id":"qc-504","name":"Rivi\u00e8re Quyon                                                                                                                                                                                                                                                  \u2014 Au pont de la rue Egan \u00e0 Quyon","prov":"QC","kind":"river","level":58.75,"time":"2026-09-08T17:20:00Z","src":"qc"}},{"type":"Feature","geometry":{"type":"Point","coordinates":[-61.71222,50.4275]},"properties":{"id":"qc-074903","name":"Rivi\u00e8re Natashquan \u2014 \u00c0 0,6 km en aval de la d\u00e9charge du lac Alieste","prov":"QC","kind":"river","level":25.773,"discharge":149.1,"time":"2026-09-09T09:00:00Z","src":"qc","class":"normal","classBy":"qc-vigilance"}},{"type":"Feature","geometry":{"type":"Point","coordinates":[-59.60194,50.68083]},"properties":{"id":"qc-075705","name":"Rivi\u00e8re du Petit M\u00e9catina \u2014 \u00c0 1,0 km en amont de la N\u00e9tagamiou","prov":"QC","kind":"river","level":93.489,"discharge":198.7,"time":"2026-09-09T09:00:00Z","src":"qc","class":"normal","classBy":"qc-vigilance"}},{"type":"Feature","geometry":{"type":"Point","coordinates":[-72.516,45.338]},"properties":{"id":"qc-030332","name":"Lac Waterloo \u2014 Au lac Waterloo \u00e0 Waterloo","prov":"QC","kind":"lake","level":207.982,"time":"2026-09-09T09:00:00Z","src":"qc"}},{"type":"Feature","geometry":{"type":"Point","coordinates":[-73.12311,45.52172]},"properties":{"id":"qc-030429","name":"Ruisseau \u00e0 l'Ours \u2014 \u00c0 Saint-Jean-Baptiste","prov":"QC","kind":"river","level":45.756,"discharge":0.02,"time":"2026-09-09T09:30:00Z","src":"qc"}},{"type":"Feature","geometry":{"type":"Point","coordinates":[-72.00089,46.73717]},"properties":{"id":"qc-050501","name":"Rivi\u00e8re de la Chevroti\u00e8re \u2014 Sur la route du Moulin","prov":"QC","kind":"river","level":28.432,"discharge":0.15,"time":"2026-09-09T09:30:00Z","src":"qc"}},{"type":"Feature","geometry":{"type":"Point","coordinates":[-73.74829,45.36104]},"properties":{"id":"qc-430","name":"Rivi\u00e8re Ch\u00e2teauguay \u2014 Ch\u00e2teauguay-Pont Arthur-Laberge","prov":"QC","kind":"river","level":21.0,"time":"2026-09-08T17:20:00Z","src":"qc"}},{"type":"Feature","geometry":{"type":"Point","coordinates":[-72.939,45.629]},"properties":{"id":"qc-030345","name":"Rivi\u00e8re Yamaska \u2014 \u00c0 1,8 km en aval du barrage \u00e0 Saint-Hyacinthe","prov":"QC","kind":"river","level":19.055,"discharge":10.88,"time":"2026-09-09T08:30:00Z","src":"qc","class":"normal","classBy":"qc-vigilance"}},{"type":"Feature","geometry":{"type":"Point","coordinates":[-73.033,45.198]},"properties":{"id":"qc-030423","name":"Ruisseau Morpions \u2014 \u00c0 3,1 km en amont de la rivi\u00e8re aux Brochets","prov":"QC","kind":"river","level":46.869,"discharge":0.09,"time":"2026-09-09T09:45:00Z","src":"qc"}},{"type":"Feature","geometry":{"type":"Point","coordinates":[-71.841,46.728]},"properties":{"id":"qc-050702","name":"Rivi\u00e8re Portneuf \u2014 \u00c0 7,5 km de l'embouchure de la rivi\u00e8re Porneuf","prov":"QC","kind":"river","level":48.097,"discharge":4.24,"time":"2026-09-09T09:45:00Z","src":"qc","class":"normal","classBy":"qc-vigilance"}},{"type":"Feature","geometry":{"type":"Point","coordinates":[-71.40997,45.75292]},"properties":{"id":"qc-030298","name":"Rivi\u00e8re Saint-Fran\u00e7ois \u2014 \u00c0 1 km en aval du barrage Aylmer","prov":"QC","kind":"river","level":47.104,"discharge":7.47,"time":"2026-09-09T09:15:00Z","src":"qc","class":"normal","classBy":"qc-vigilance"}},{"type":"Feature","geometry":{"type":"Point","coordinates":[-72.60992,45.41775]},"properties":{"id":"qc-030309","name":"R\u00e9servoir Choini\u00e8re \u2014 \u00c0 0,2 km en amont du pont-route \u00e0 Shefford-Vale","prov":"QC","kind":"lake","level":30.289,"discharge":1.2,"time":"2026-09-09T09:15:00Z","src":"qc","class":"normal","classBy":"qc-vigilance"}},{"type":"Feature","geometry":{"type":"Point","coordinates":[-79.27318,47.04242]},"properties":{"id":"qc-042610","name":"Rivi\u00e8re Kipawa \u2014 \u00c0 0.2 km en aval du barrage de Laniel","prov":"QC","kind":"river","level":48.094,"discharge":59.24,"time":"2026-09-09T09:45:00Z","src":"qc"}},{"type":"Feature","geometry":{"type":"Point","coordinates":[-70.655,45.948]},"properties":{"id":"qc-023448","name":"Rivi\u00e8re Chaudi\u00e8re \u2014 \u00c0 Saint-Martin \u00e0 la passerelle de motoneige","prov":"QC","kind":"river","level":43.577,"discharge":3.07,"time":"2026-09-09T09:45:00Z","src":"qc"}},{"type":"Feature","geometry":{"type":"Point","coordinates":[-71.655,45.468]},"properties":{"id":"qc-030234","name":"Rivi\u00e8re Eaton \u2014 \u00c0 0,6 km de la rivi\u00e8re Saint-Fran\u00e7ois","prov":"QC","kind":"river","level":25.306,"discharge":1.17,"time":"2026-09-09T09:45:00Z","src":"qc","class":"normal","classBy":"qc-vigilance"}},{"type":"Feature","geometry":{"type":"Point","coordinates":[-71.042,48.394]},"properties":{"id":"qc-060901","name":"Rivi\u00e8re du Moulin \u2014 En amont du seuil \u00e0 l'entr\u00e9e du parc du Moulin","prov":"QC","kind":"river","level":49.268,"discharge":4.73,"time":"2026-09-09T09:45:00Z","src":"qc","class":"normal","classBy":"qc-vigilance"}},{"type":"Feature","geometry":{"type":"Point","coordinates":[-71.197,48.306]},"properties":{"id":"qc-061004","name":"Rivi\u00e8re Chicoutimi \u2014 \u00c0 0,3 km en aval du barrage de Portage-des-Roches","prov":"QC","kind":"river","level":151.013,"discharge":28.27,"time":"2026-09-09T09:00:00Z","src":"qc","class":"normal","classBy":"qc-vigilance"}},{"type":"Feature","geometry":{"type":"Point","coordinates":[-71.067,48.433]},"properties":{"id":"qc-03480","name":"Rivi\u00e8re Saguenay \u2014 En aval du pont Dubuc \u00e0 Saguenay","prov":"QC","kind":"river","level":2.245,"time":"2026-09-09T09:45:00Z","src":"qc"}},{"type":"Feature","geometry":{"type":"Point","coordinates":[-73.44367,45.68433]},"properties":{"id":"qc-15660","name":"Fleuve Saint-Laurent \u2014 \u00c0 Varennes","prov":"QC","kind":"river","level":0.336,"time":"2026-09-09T10:25:00Z","src":"qc","class":"normal","classBy":"qc-vigilance"}},{"type":"Feature","geometry":{"type":"Point","coordinates":[-69.954,47.381]},"properties":{"id":"qc-022704","name":"Rivi\u00e8re Ouelle \u2014 \u00c0 2,7 km en aval du pont-route pr\u00e8s de Saint-Gabriel-de-Kamouraska","prov":"QC","kind":"river","level":48.307,"discharge":0.86,"time":"2026-09-09T09:30:00Z","src":"qc","class":"normal","classBy":"qc-vigilance"}},{"type":"Feature","geometry":{"type":"Point","coordinates":[-70.96053,46.70753]},"properties":{"id":"qc-023002","name":"Rivi\u00e8re Boyer Sud \u2014 En amont du pont-route du chemin de la Grande-Grillade","prov":"QC","kind":"river","level":47.817,"discharge":0.06,"time":"2026-09-09T09:30:00Z","src":"qc"}},{"type":"Feature","geometry":{"type":"Point","coordinates":[-71.968,45.792]},"properties":{"id":"qc-030101","name":"Rivi\u00e8re Nicolet Sud-Ouest \u2014 \u00c0 50 m\u00e8tres en amont de la chute Nicolet pr\u00e8s du chemin Castle Bar","prov":"QC","kind":"river","level":154.954,"discharge":1.5,"time":"2026-09-09T09:45:00Z","src":"qc","class":"normal","classBy":"qc-vigilance"}},{"type":"Feature","geometry":{"type":"Point","coordinates":[-71.75414,46.18403]},"properties":{"id":"qc-024015","name":"Rivi\u00e8re Bourbon \u2014 Sur le 11e rang \u00e0 Plessisville","prov":"QC","kind":"river","level":161.703,"discharge":0.04,"time":"2026-09-09T09:30:00Z","src":"qc","class":"normal","classBy":"qc-vigilance"}},{"type":"Feature","geometry":{"type":"Point","coordinates":[-71.3825,46.22389]},"properties":{"id":"qc-024016","name":"Rivi\u00e8re Osgood \u2014 Au pont de la rue des \u00c9glises \u00e0 Kinnear's Mills","prov":"QC","kind":"river","level":266.24,"discharge":0.04,"time":"2026-09-09T09:30:00Z","src":"qc"}},{"type":"Feature","geometry":{"type":"Point","coordinates":[-71.385,45.58]},"properties":{"id":"qc-030282","name":"Rivi\u00e8re au Saumon \u2014 \u00c0 1,9 km en amont du ruisseau McGill","prov":"QC","kind":"river","level":272.275,"discharge":1.47,"time":"2026-09-09T09:45:00Z","src":"qc","class":"normal","classBy":"qc-vigilance"}},{"type":"Feature","geometry":{"type":"Point","coordinates":[-71.89147,45.27919]},"properties":{"id":"qc-030283","name":"Rivi\u00e8re Coaticook \u2014 Sur la rivi\u00e8re Coaticook \u00e0 Waterville","prov":"QC","kind":"river","level":188.717,"time":"2026-09-09T09:00:00Z","src":"qc","class":"normal","classBy":"qc-vigilance"}},{"type":"Feature","geometry":{"type":"Point","coordinates":[-72.50494,45.22639]},"properties":{"id":"qc-030350","name":"Lac Brome \u2014 \u00c0 la plage municipale de la ville de Lac-Brome","prov":"QC","kind":"lake","level":196.742,"time":"2026-09-09T09:15:00Z","src":"qc"}},{"type":"Feature","geometry":{"type":"Point","coordinates":[-73.186,45.491]},"properties":{"id":"qc-030415","name":"Rivi\u00e8re des Hurons \u2014 Au pont-route du chemin de la rivi\u00e8re des Hurons Ouest","prov":"QC","kind":"river","level":23.177,"discharge":0.53,"time":"2026-09-09T09:30:00Z","src":"qc","class":"normal","classBy":"qc-vigilance"}},{"type":"Feature","geometry":{"type":"Point","coordinates":[-73.371,45.39]},"properties":{"id":"qc-030421","name":"Rivi\u00e8re L'Acadie \u2014 \u00c0 3,0 km en amont du pont de l'autoroute 10","prov":"QC","kind":"river","level":27.553,"discharge":0.79,"time":"2026-09-09T09:30:00Z","src":"qc","class":"normal","classBy":"qc-vigilance"}},{"type":"Feature","geometry":{"type":"Point","coordinates":[-74.27667,46.18256]},"properties":{"id":"qc-040101","name":"Lac de la Montagne-Noire \u2014 Au lac de la Montagne Noire \u00e0 Lantier","prov":"QC","kind":"lake","level":453.457,"time":"2026-09-09T09:00:00Z","src":"qc"}},{"type":"Feature","geometry":{"type":"Point","coordinates":[-74.30672,46.12708]},"properties":{"id":"qc-040102","name":"Lac Papineau \u2014 Au lac Papineau \u00e0 Sainte-Agathe-des-Monts","prov":"QC","kind":"lake","level":375.722,"time":"2026-09-09T09:00:00Z","src":"qc"}},{"type":"Feature","geometry":{"type":"Point","coordinates":[-76.041,46.59]},"properties":{"id":"qc-040841","name":"Rivi\u00e8re D\u00e9sert \u2014 Sur le chemin Lytton en amont de la chute Rouge","prov":"QC","kind":"river","level":186.152,"discharge":7.88,"time":"2026-09-09T09:30:00Z","src":"qc","class":"normal","classBy":"qc-vigilance"}},{"type":"Feature","geometry":{"type":"Point","coordinates":[-68.555,48.413]},"properties":{"id":"qc-022003","name":"Rivi\u00e8re Rimouski \u2014 \u00c0 3,7 km en amont du pont-route 132","prov":"QC","kind":"river","level":37.605,"discharge":2.21,"time":"2026-09-09T09:30:00Z","src":"qc","class":"normal","classBy":"qc-vigilance"}},{"type":"Feature","geometry":{"type":"Point","coordinates":[-69.51,47.65]},"properties":{"id":"qc-022501","name":"Lac Morin \u2014 Au lac Morin \u00e0 Saint-Alexandre-de-Kamouraska","prov":"QC","kind":"lake","level":193.183,"time":"2026-09-09T09:45:00Z","src":"qc","class":"normal","classBy":"qc-vigilance"}},{"type":"Feature","geometry":{"type":"Point","coordinates":[-71.2823,46.7145]},"properties":{"id":"qc-L\u00e9vis","name":"Rivi\u00e8re Chaudi\u00e8re \u2014 Au barrage Innergex, aux chutes de la Chaudi\u00e8re","prov":"QC","kind":"river","level":54.86,"time":"2026-09-09T10:20:31Z","src":"qc"}},{"type":"Feature","geometry":{"type":"Point","coordinates":[-73.84996,45.0766]},"properties":{"id":"qc-030920","name":"Rivi\u00e8re Noire \u2014 \u00c0 l'Artifice","prov":"QC","kind":"river","level":46.025,"discharge":0.14,"time":"2026-09-09T09:45:00Z","src":"qc"}},{"type":"Feature","geometry":{"type":"Point","coordinates":[-75.05696,45.72288]},"properties":{"id":"qc-486","name":"Rivi\u00e8re de la Petite Nation \u2014 Au pont de la route 321 \u00e0 Saint-Andr\u00e9-Avellin","prov":"QC","kind":"river","level":149.946,"time":"2026-09-08T17:20:00Z","src":"qc"}},{"type":"Feature","geometry":{"type":"Point","coordinates":[-71.7633,45.4486]},"properties":{"id":"qc-030206","name":"Rivi\u00e8re Saint-Fran\u00e7ois \u2014 Au pont-route 112 \u00e0 Ascot                                                                                                                                                                                                                                     ","prov":"QC","kind":"river","level":157.75,"discharge":15.01,"time":"2026-09-09T09:45:00Z","src":"qc"}},{"type":"Feature","geometry":{"type":"Point","coordinates":[-73.37178,45.08029]},"properties":{"id":"qc-030431","name":"Rivi\u00e8re Lacolle \u2014 \u00c0 Lacolle \u00e0 50 m en aval du pont-route de l'\u00c9glise Sud                                                                                                                                                                                                        ","prov":"QC","kind":"river","level":48.044,"discharge":0.23,"time":"2026-09-09T09:30:00Z","src":"qc"}},{"type":"Feature","geometry":{"type":"Point","coordinates":[-71.777,46.2199]},"properties":{"id":"qc-024004","name":"Rivi\u00e8re Bourbon \u2014 \u00c0 0,2 km en amont du pont de la rue Savoie \u00e0 Plessisville                                                                                                                                                                                                     ","prov":"QC","kind":"river","level":48.908,"discharge":0.14,"time":"2026-09-09T09:30:00Z","src":"qc"}},{"type":"Feature","geometry":{"type":"Point","coordinates":[-71.87717,46.68117]},"properties":{"id":"qc-03300","name":"Fleuve Saint-Laurent \u2014 \u00c0 Portneuf","prov":"QC","kind":"river","level":4.233,"time":"2026-09-09T10:25:00Z","src":"qc"}},{"type":"Feature","geometry":{"type":"Point","coordinates":[-73.762,45.33]},"properties":{"id":"qc-030905","name":"Rivi\u00e8re Ch\u00e2teauguay \u2014 \u00c0 2 km en amont du pont-route 132","prov":"QC","kind":"river","level":28.787,"discharge":11.1,"time":"2026-09-09T09:45:00Z","src":"qc","class":"normal","classBy":"qc-vigilance"}},{"type":"Feature","geometry":{"type":"Point","coordinates":[-73.849,45.517]},"properties":{"id":"qc-043301","name":"Rivi\u00e8re des Prairies \u2014 \u00c0 la t\u00eate des rapides du Cheval Blanc (chenal sud)","prov":"QC","kind":"river","level":19.449,"discharge":785.7,"time":"2026-09-09T09:45:00Z","src":"qc","class":"normal","classBy":"qc-vigilance"}},{"type":"Feature","geometry":{"type":"Point","coordinates":[-73.051,45.159]},"properties":{"id":"qc-030424","name":"Rivi\u00e8re aux Brochets \u2014 \u00c0 Notre-Dame-de-Stanbridge (pont couvert)","prov":"QC","kind":"river","level":49.916,"discharge":0.54,"time":"2026-09-09T09:45:00Z","src":"qc","class":"normal","classBy":"qc-vigilance"}},{"type":"Feature","geometry":{"type":"Point","coordinates":[-73.01622,45.02186]},"properties":{"id":"qc-030425","name":"Rivi\u00e8re de la Roche \u2014 \u00c0 Saint-Armand","prov":"QC","kind":"river","level":47.953,"discharge":0.05,"time":"2026-09-09T09:45:00Z","src":"qc"}},{"type":"Feature","geometry":{"type":"Point","coordinates":[-73.07725,45.12531]},"properties":{"id":"qc-030426","name":"Ruisseau Ewing \u2014 \u00c0 Pike-River","prov":"QC","kind":"river","level":46.217,"discharge":0.01,"time":"2026-09-09T09:30:00Z","src":"qc"}},{"type":"Feature","geometry":{"type":"Point","coordinates":[-74.689,45.738]},"properties":{"id":"qc-040204","name":"Rivi\u00e8re Rouge \u2014 En amont de la chute McNeil","prov":"QC","kind":"river","level":26.981,"discharge":38.81,"time":"2026-09-09T09:45:00Z","src":"qc","class":"normal","classBy":"qc-vigilance"}},{"type":"Feature","geometry":{"type":"Point","coordinates":[-71.27853,45.94256]},"properties":{"id":"qc-030225","name":"Rivi\u00e8re Saint-Fran\u00e7ois \u2014 \u00c0 0,6 km en aval du barrage Jules-Allard","prov":"QC","kind":"river","level":278.746,"discharge":5.16,"time":"2026-09-09T09:45:00Z","src":"qc"}},{"type":"Feature","geometry":{"type":"Point","coordinates":[-76.069,46.078]},"properties":{"id":"qc-040840","name":"Rivi\u00e8re Picanoc \u2014 Sur le chemin du Lac-Cayamant \u00e0 Gracefield","prov":"QC","kind":"river","level":43.211,"discharge":6.98,"time":"2026-09-09T09:45:00Z","src":"qc","class":"normal","classBy":"qc-vigilance"}},{"type":"Feature","geometry":{"type":"Point","coordinates":[-71.9735,45.27631]},"properties":{"id":"qc-030241","name":"Lac Massawipi \u2014 Au quai passerelle \u00e0 North Hatley","prov":"QC","kind":"lake","level":160.222,"time":"2026-09-09T09:30:00Z","src":"qc","class":"normal","classBy":"qc-vigilance"}},{"type":"Feature","geometry":{"type":"Point","coordinates":[-75.122,46.63]},"properties":{"id":"qc-040608","name":"Rivi\u00e8re Kiamika \u2014 Au r\u00e9servoir Kiamika \u00e0 Chute-Saint-Philippe","prov":"QC","kind":"river","level":267.72,"time":"2026-09-09T09:45:00Z","src":"qc"}},{"type":"Feature","geometry":{"type":"Point","coordinates":[-75.176,47.215]},"properties":{"id":"qc-040609","name":"R\u00e9servoir Mitchinamecus \u2014 Au r\u00e9servoir Mitchinamecus \u00e0 Lac-Oscar","prov":"QC","kind":"lake","level":380.768,"time":"2026-09-09T09:00:00Z","src":"qc"}},{"type":"Feature","geometry":{"type":"Point","coordinates":[-70.84271,48.24585]},"properties":{"id":"qc-060603","name":"Bras Rocheux \u2014 \u00c0 350 m de la confluence avec la rivi\u00e8re Ha! Ha!                                                                                                                                                                                                              ","prov":"QC","kind":"river","level":48.049,"discharge":0.81,"time":"2026-09-09T09:45:00Z","src":"qc"}},{"type":"Feature","geometry":{"type":"Point","coordinates":[-73.69727,46.04493]},"properties":{"id":"qc-052237","name":"Lac Rawdon \u2014 \u00c0 Rawdon pr\u00e8s du pont-barrage                                                                                                                                                                                                                                 ","prov":"QC","kind":"lake","level":157.411,"time":"2026-09-09T09:30:00Z","src":"qc"}},{"type":"Feature","geometry":{"type":"Point","coordinates":[-75.148,47.184]},"properties":{"id":"qc-040619","name":"Rivi\u00e8re Mitchinamecus \u2014 \u00c0 la t\u00eate de la chute Rascas","prov":"QC","kind":"river","level":309.344,"discharge":23.38,"time":"2026-09-09T09:00:00Z","src":"qc"}},{"type":"Feature","geometry":{"type":"Point","coordinates":[-75.312,46.785]},"properties":{"id":"qc-040624","name":"Rivi\u00e8re du Li\u00e8vre \u2014 \u00c0 2,2 km en amont du pont-route 311 \u00e0 Lac-Saint-Paul","prov":"QC","kind":"river","level":243.565,"discharge":62.85,"time":"2026-09-09T09:45:00Z","src":"qc","class":"normal","classBy":"qc-vigilance"}},{"type":"Feature","geometry":{"type":"Point","coordinates":[-75.38939,46.50758]},"properties":{"id":"qc-040629","name":"Lac des \u00c9corces \u2014 Au lac des \u00c9corces","prov":"QC","kind":"lake","level":229.539,"time":"2026-09-09T09:45:00Z","src":"qc"}},{"type":"Feature","geometry":{"type":"Point","coordinates":[-71.704,48.412]},"properties":{"id":"qc-061307","name":"La Belle Rivi\u00e8re \u2014 En amont du ruisseau des Aulnaies","prov":"QC","kind":"river","level":93.914,"discharge":2.56,"time":"2026-09-09T09:30:00Z","src":"qc","class":"normal","classBy":"qc-vigilance"}},{"type":"Feature","geometry":{"type":"Point","coordinates":[-75.247,46.65]},"properties":{"id":"qc-040627","name":"Rivi\u00e8re Kiamika \u2014 \u00c0 0,1 km en aval du pont-route \u00e0 Chute-Saint-Philippe","prov":"QC","kind":"river","level":47.652,"discharge":12.74,"time":"2026-09-09T09:45:00Z","src":"qc","class":"normal","classBy":"qc-vigilance"}},{"type":"Feature","geometry":{"type":"Point","coordinates":[-67.13,48.108]},"properties":{"id":"qc-011509","name":"Rivi\u00e8re Matap\u00e9dia \u2014 \u00c0 4 km en amont de l'Assemetquagan","prov":"QC","kind":"river","level":26.261,"discharge":11.43,"time":"2026-09-09T09:00:00Z","src":"qc","class":"normal","classBy":"qc-vigilance"}},{"type":"Feature","geometry":{"type":"Point","coordinates":[-68.59972,47.5375]},"properties":{"id":"qc-011707","name":"Rivi\u00e8re Madawaska \u2014 \u00c0 6 km en aval du barrage T\u00e9miscouata","prov":"QC","kind":"river","level":145.806,"discharge":13.6,"time":"2026-09-09T09:45:00Z","src":"qc","class":"normal","classBy":"qc-vigilance"}},{"type":"Feature","geometry":{"type":"Point","coordinates":[-64.917,48.807]},"properties":{"id":"qc-020404","name":"Rivi\u00e8re York \u2014 \u00c0 1,4 km en aval du ruisseau Dinner Island","prov":"QC","kind":"river","level":46.332,"discharge":3.16,"time":"2026-09-09T09:00:00Z","src":"qc","class":"normal","classBy":"qc-vigilance"}},{"type":"Feature","geometry":{"type":"Point","coordinates":[-71.901,45.284]},"properties":{"id":"qc-030215","name":"Rivi\u00e8re Coaticook \u2014 \u00c0 1,3 km en aval du pont-route 143 \u00e0 Waterville","prov":"QC","kind":"river","level":184.126,"discharge":1.12,"time":"2026-09-09T09:45:00Z","src":"qc","class":"normal","classBy":"qc-vigilance"}},{"type":"Feature","geometry":{"type":"Point","coordinates":[-70.03,48.092]},"properties":{"id":"qc-060102","name":"Rivi\u00e8re Petit Saguenay \u2014 \u00c0 1 km en aval de la confluence avec la d\u00e9charge du lac \u00e0 David","prov":"QC","kind":"river","level":28.348,"discharge":3.67,"time":"2026-09-09T09:30:00Z","src":"qc","class":"normal","classBy":"qc-vigilance"}},{"type":"Feature","geometry":{"type":"Point","coordinates":[-64.7,48.978]},"properties":{"id":"qc-020602","name":"Rivi\u00e8re Dartmouth \u2014 \u00c0 1,6 km en amont du ruisseau du Pas de Dame","prov":"QC","kind":"river","level":29.126,"discharge":2.32,"time":"2026-09-09T09:00:00Z","src":"qc","class":"normal","classBy":"qc-vigilance"}},{"type":"Feature","geometry":{"type":"Point","coordinates":[-70.901,46.816]},"properties":{"id":"qc-023004","name":"Rivi\u00e8re Boyer \u2014 \u00c0 0,1 km en aval du pont de train \u00e0 Saint-Charles-de-Bellechasse","prov":"QC","kind":"river","level":47.199,"discharge":0.75,"time":"2026-09-09T08:45:00Z","src":"qc"}},{"type":"Feature","geometry":{"type":"Point","coordinates":[-70.756,46.82]},"properties":{"id":"qc-023106","name":"Rivi\u00e8re du Sud \u2014 \u00c0 1,0 km en amont du pont-route Rang du Sault \u00e0 Saint-Rapha\u00ebl","prov":"QC","kind":"river","level":27.717,"discharge":1.12,"time":"2026-09-09T09:45:00Z","src":"qc","class":"normal","classBy":"qc-vigilance"}},{"type":"Feature","geometry":{"type":"Point","coordinates":[-72.163,45.983]},"properties":{"id":"qc-030120","name":"Rivi\u00e8re Nicolet \u2014 \u00c0 6,5 km en aval de Saint-Albert","prov":"QC","kind":"river","level":47.725,"discharge":1.77,"time":"2026-09-09T09:45:00Z","src":"qc"}},{"type":"Feature","geometry":{"type":"Point","coordinates":[-70.532,46.06]},"properties":{"id":"qc-023428","name":"Rivi\u00e8re du Loup \u2014 Au pont-route \u00e0 Saint-C\u00f4me-Lini\u00e8re","prov":"QC","kind":"river","level":46.753,"discharge":0.6,"time":"2026-09-09T09:45:00Z","src":"qc"}},{"type":"Feature","geometry":{"type":"Point","coordinates":[-71.068,46.691]},"properties":{"id":"qc-023303","name":"Rivi\u00e8re Etchemin \u2014 Au pont-route 173 \u00e0 Saint-Henri-de-L\u00e9vis","prov":"QC","kind":"river","level":80.855,"discharge":2.71,"time":"2026-09-09T09:30:00Z","src":"qc","class":"normal","classBy":"qc-vigilance"}},{"type":"Feature","geometry":{"type":"Point","coordinates":[-74.308,46.05303]},"properties":{"id":"qc-040107","name":"Lac des Sables \u2014 Au lac des Sables \u00e0 Sainte-Agathe-des-Monts","prov":"QC","kind":"lake","level":376.841,"time":"2026-09-09T09:00:00Z","src":"qc"}},{"type":"Feature","geometry":{"type":"Point","coordinates":[-74.05572,46.03069]},"properties":{"id":"qc-040108","name":"Rivi\u00e8re du Nord \u2014 Au lac Masson \u00e0 Sainte-Marguerite-du-Lac-Masson","prov":"QC","kind":"river","level":335.165,"time":"2026-09-09T09:00:00Z","src":"qc"}},{"type":"Feature","geometry":{"type":"Point","coordinates":[-74.24767,45.96169]},"properties":{"id":"qc-040109","name":"Lac Th\u00e9odore \u2014 Au lac Th\u00e9odore \u00e0 Val-Morin","prov":"QC","kind":"lake","level":365.936,"time":"2026-09-09T09:00:00Z","src":"qc","class":"normal","classBy":"qc-vigilance"}},{"type":"Feature","geometry":{"type":"Point","coordinates":[-74.013,45.795]},"properties":{"id":"qc-040110","name":"Rivi\u00e8re du Nord \u2014 \u00c0 4,8 km en amont du pont du C.N. \u00e0 Saint-J\u00e9r\u00f4me","prov":"QC","kind":"river","level":97.75,"discharge":6.18,"time":"2026-09-09T09:45:00Z","src":"qc","class":"normal","classBy":"qc-vigilance"}},{"type":"Feature","geometry":{"type":"Point","coordinates":[-74.25254,46.04642]},"properties":{"id":"qc-040122","name":"Rivi\u00e8re du Nord \u2014 \u00c0 0,5 km en aval du pont du C.P. pr\u00e8s de Sainte-Agathe-des-Monts","prov":"QC","kind":"river","level":328.4,"discharge":1.88,"time":"2026-09-09T09:45:00Z","src":"qc","class":"normal","classBy":"qc-vigilance"}},{"type":"Feature","geometry":{"type":"Point","coordinates":[-67.60008,57.88856]},"properties":{"id":"qc-104001","name":"Rivi\u00e8re \u00e0 la Baleine \u2014 \u00c0 40,2 km de l'embouchure de la rivi\u00e8re \u00e0 la Baleine","prov":"QC","kind":"river","level":27.512,"discharge":491.5,"time":"2026-09-09T09:00:00Z","src":"qc"}},{"type":"Feature","geometry":{"type":"Point","coordinates":[-71.244,46.411]},"properties":{"id":"qc-023450","name":"Rivi\u00e8re Beaurivage \u2014 Au pont-route Saint-Charles \u00e0 Saint-Patrice-de-Beaurivage","prov":"QC","kind":"river","level":48.115,"discharge":0.11,"time":"2026-09-09T09:45:00Z","src":"qc"}},{"type":"Feature","geometry":{"type":"Point","coordinates":[-72.405,46.586]},"properties":{"id":"qc-050304","name":"Rivi\u00e8re Batiscan \u2014 \u00c0 3,4 km en aval de la rivi\u00e8re des Envies","prov":"QC","kind":"river","level":94.502,"discharge":46.61,"time":"2026-09-09T09:45:00Z","src":"qc","class":"normal","classBy":"qc-vigilance"}},{"type":"Feature","geometry":{"type":"Point","coordinates":[-71.875,46.852]},"properties":{"id":"qc-050408","name":"Rivi\u00e8re Sainte-Anne \u2014 \u00c0 1,3 km en aval du barrage \u00e0 Chute-Panet","prov":"QC","kind":"river","level":27.11,"discharge":27.13,"time":"2026-09-09T09:45:00Z","src":"qc","class":"normal","classBy":"qc-vigilance"}},{"type":"Feature","geometry":{"type":"Point","coordinates":[-71.847,46.977]},"properties":{"id":"qc-050409","name":"Rivi\u00e8re Bras du Nord \u2014 \u00c0 4,5 km en amont de la Mauvaise","prov":"QC","kind":"river","level":28.191,"discharge":8.65,"time":"2026-09-09T09:45:00Z","src":"qc","class":"normal","classBy":"qc-vigilance"}},{"type":"Feature","geometry":{"type":"Point","coordinates":[-71.63722,46.8675]},"properties":{"id":"qc-050805","name":"Lac Saint-Joseph \u2014 Au lac Saint-Joseph \u00e0 Sainte-Catherine-de-la-Jacques-Cartier","prov":"QC","kind":"lake","level":158.861,"time":"2026-09-09T09:00:00Z","src":"qc"}},{"type":"Feature","geometry":{"type":"Point","coordinates":[-70.86917,48.33401]},"properties":{"id":"qc-03460","name":"Rivi\u00e8re Saguenay \u2014 \u00c0 Port-Alfred","prov":"QC","kind":"river","level":1.687,"time":"2026-09-09T10:25:00Z","src":"qc"}},{"type":"Feature","geometry":{"type":"Point","coordinates":[-72.37904,48.58315]},"properties":{"id":"qc-064101","name":"Rivi\u00e8re aux Iroquois \u2014 \u00c0 150 m en amont du pont du 3e rang \u00e0 Saint-Prime","prov":"QC","kind":"river","level":47.093,"discharge":2.33,"time":"2026-09-09T09:45:00Z","src":"qc"}},{"type":"Feature","geometry":{"type":"Point","coordinates":[-68.15719,49.32278]},"properties":{"id":"qc-071203","name":"Rivi\u00e8re aux Anglais \u2014 \u00c0 la d\u00e9charge du lac Inconnu \u00e0 Baie-Comeau","prov":"QC","kind":"river","level":48.907,"discharge":1.28,"time":"2026-09-09T09:45:00Z","src":"qc","class":"normal","classBy":"qc-vigilance"}},{"type":"Feature","geometry":{"type":"Point","coordinates":[-77.67041,48.08944]},"properties":{"id":"qc-080106","name":"Rivi\u00e8re Bourlamaque \u2014 \u00c0 1,1 km en amont du pont de la route 117","prov":"QC","kind":"river","level":49.687,"discharge":2.86,"time":"2026-09-09T09:45:00Z","src":"qc"}},{"type":"Feature","geometry":{"type":"Point","coordinates":[-77.18722,49.8575]},"properties":{"id":"qc-080718","name":"Rivi\u00e8re Waswanipi \u2014 \u00c0 la t\u00eate de la chute Rouge","prov":"QC","kind":"river","level":25.914,"discharge":325.6,"time":"2026-09-09T09:45:00Z","src":"qc"}},{"type":"Feature","geometry":{"type":"Point","coordinates":[-76.38794,50.74581]},"properties":{"id":"qc-080809","name":"Rivi\u00e8re Broadback \u2014 \u00c0 la sortie du lac Kenoniska","prov":"QC","kind":"river","level":28.39,"discharge":131.7,"time":"2026-09-09T09:00:00Z","src":"qc"}},{"type":"Feature","geometry":{"type":"Point","coordinates":[-71.152,46.896]},"properties":{"id":"qc-051001","name":"Rivi\u00e8re Montmorency \u2014 \u00c0 0,6 km en aval du barrage des Marches-Naturelles","prov":"QC","kind":"river","level":26.763,"discharge":18.98,"time":"2026-09-09T09:45:00Z","src":"qc","class":"normal","classBy":"qc-vigilance"}},{"type":"Feature","geometry":{"type":"Point","coordinates":[-72.906,45.5]},"properties":{"id":"qc-030304","name":"Rivi\u00e8re Noire \u2014 \u00c0 7,6 km de la Yamaska","prov":"QC","kind":"river","level":32.646,"discharge":0.9,"time":"2026-09-09T09:30:00Z","src":"qc","class":"normal","classBy":"qc-vigilance"}},{"type":"Feature","geometry":{"type":"Point","coordinates":[-64.57861,50.68556]},"properties":{"id":"qc-073503","name":"Lac Magpie \u2014 \u00c0 la d\u00e9charge du lac Magpie","prov":"QC","kind":"lake","level":27.764,"discharge":112.9,"time":"2026-09-09T09:00:00Z","src":"qc","class":"normal","classBy":"qc-vigilance"}},{"type":"Feature","geometry":{"type":"Point","coordinates":[-57.60111,51.77083]},"properties":{"id":"qc-076601","name":"Rivi\u00e8re Saint-Paul \u2014 \u00c0 0,5 km du ruisseau Chanion","prov":"QC","kind":"river","level":26.321,"discharge":49.24,"time":"2026-09-09T09:00:00Z","src":"qc","class":"normal","classBy":"qc-vigilance"}},{"type":"Feature","geometry":{"type":"Point","coordinates":[-73.58247,45.72147]},"properties":{"id":"qc-046404","name":"Rivi\u00e8re Mascouche \u2014 \u00c0 500 m en amont de l'autoroute 640\u00a0                                                                                                                                                                                                                          ","prov":"QC","kind":"river","level":45.147,"discharge":1.17,"time":"2026-09-09T09:30:00Z","src":"qc"}},{"type":"Feature","geometry":{"type":"Point","coordinates":[-78.73033,47.53564]},"properties":{"id":"qc-043005","name":"Lac Simard \u2014 \u00c0 Laforce","prov":"QC","kind":"lake","level":262.899,"time":"2026-09-09T09:45:00Z","src":"qc"}},{"type":"Feature","geometry":{"type":"Point","coordinates":[-72.09344,46.54056]},"properties":{"id":"qc-023702","name":"Petite rivi\u00e8re du Ch\u00eane \u2014 \u00c0 250 m du pont-route 265 \u00e0 Deschaillons","prov":"QC","kind":"river","level":15.122,"discharge":1.53,"time":"2026-09-09T08:30:00Z","src":"qc"}},{"type":"Feature","geometry":{"type":"Point","coordinates":[-71.274,45.951]},"properties":{"id":"qc-030201","name":"Rivi\u00e8re Saint-Fran\u00e7ois \u2014 Au lac Saint-Fran\u00e7ois \u00e0 Saint-Joseph-de-Coleraine","prov":"QC","kind":"river","level":288.537,"time":"2026-09-09T09:00:00Z","src":"qc"}},{"type":"Feature","geometry":{"type":"Point","coordinates":[-71.963,45.284]},"properties":{"id":"qc-030220","name":"Rivi\u00e8re Massawippi \u2014 \u00c0 1,6 km en aval du lac Massawippi","prov":"QC","kind":"river","level":28.65,"discharge":1.4,"time":"2026-09-09T09:30:00Z","src":"qc","class":"normal","classBy":"qc-vigilance"}},{"type":"Feature","geometry":{"type":"Point","coordinates":[-67.16411,49.81861]},"properties":{"id":"qc-071801","name":"Rivi\u00e8re Riverin \u2014 \u00c0 environ 6.3 km de l'embouchure","prov":"QC","kind":"river","level":49.94,"discharge":3.06,"time":"2026-09-09T09:45:00Z","src":"qc","class":"normal","classBy":"qc-vigilance"}},{"type":"Feature","geometry":{"type":"Point","coordinates":[-72.748,45.206]},"properties":{"id":"qc-030314","name":"Rivi\u00e8re Yamaska Sud-Est \u2014 Au pont-route 202 \u00e0 Cowansville","prov":"QC","kind":"river","level":30.108,"discharge":0.57,"time":"2026-09-09T09:45:00Z","src":"qc","class":"normal","classBy":"qc-vigilance"}},{"type":"Feature","geometry":{"type":"Point","coordinates":[-72.61,45.417]},"properties":{"id":"qc-030326","name":"Rivi\u00e8re Yamaska Nord \u2014 Sur la rivi\u00e8re Yamaska Nord \u00e0 Roxton Pond","prov":"QC","kind":"river","level":141.278,"time":"2026-09-09T09:00:00Z","src":"qc"}},{"type":"Feature","geometry":{"type":"Point","coordinates":[-71.16197,47.28997]},"properties":{"id":"qc-051004","name":"Ruisseau des Aulnaies \u2014 \u00c0 0,2 km en amont du chemin du Belv\u00e9d\u00e8re","prov":"QC","kind":"river","level":28.885,"discharge":0.02,"time":"2026-09-09T09:45:00Z","src":"qc"}},{"type":"Feature","geometry":{"type":"Point","coordinates":[-72.78,45.36]},"properties":{"id":"qc-030340","name":"Rivi\u00e8re Yamaska Nord \u2014 \u00c0 2,4 km en amont de l'autoroute 10","prov":"QC","kind":"river","level":93.719,"discharge":1.32,"time":"2026-09-09T09:45:00Z","src":"qc"}},{"type":"Feature","geometry":{"type":"Point","coordinates":[-75.80331,46.27642]},"properties":{"id":"qc-040829","name":"Lac des Trente et Un Milles \u2014 Au lac des Trente et Un Milles \u00e0 Sainte-Th\u00e9r\u00e8se-de-la-Gatineau","prov":"QC","kind":"lake","level":162.03,"time":"2026-09-09T09:45:00Z","src":"qc","class":"normal","classBy":"qc-vigilance"}},{"type":"Feature","geometry":{"type":"Point","coordinates":[-78.983,46.78]},"properties":{"id":"qc-042611","name":"Lac Kipawa \u2014 Au lac Kipawa \u00e0 Kipawa","prov":"QC","kind":"lake","level":269.408,"time":"2026-09-09T09:45:00Z","src":"qc"}},{"type":"Feature","geometry":{"type":"Point","coordinates":[-77.54872,47.84386]},"properties":{"id":"qc-043003","name":"Rivi\u00e8re des Outaouais \u2014 \u00c0 la sortie du lac Granet","prov":"QC","kind":"river","level":28.519,"discharge":172.3,"time":"2026-09-09T09:45:00Z","src":"qc"}},{"type":"Feature","geometry":{"type":"Point","coordinates":[-71.214,46.587]},"properties":{"id":"qc-023402","name":"Rivi\u00e8re Chaudi\u00e8re \u2014 Au pont-route 218 \u00e0 Saint-Lambert-de-Lauzon","prov":"QC","kind":"river","level":112.089,"discharge":11.3,"time":"2026-09-09T09:45:00Z","src":"qc","class":"normal","classBy":"qc-vigilance"}},{"type":"Feature","geometry":{"type":"Point","coordinates":[-70.639,46.167]},"properties":{"id":"qc-023422","name":"Rivi\u00e8re Famine \u2014 \u00c0 6,3 km en amont du pont-route 173 \u00e0 Saint-Georges","prov":"QC","kind":"river","level":26.91,"discharge":0.96,"time":"2026-09-09T09:45:00Z","src":"qc","class":"normal","classBy":"qc-vigilance"}},{"type":"Feature","geometry":{"type":"Point","coordinates":[-71.997,48.376]},"properties":{"id":"qc-061502","name":"Rivi\u00e8re M\u00e9tabetchouane \u2014 \u00c0 9 km en amont de l'embouchure de la rivi\u00e8re M\u00e9tabetchouane","prov":"QC","kind":"river","level":27.51,"discharge":23.78,"time":"2026-09-09T09:30:00Z","src":"qc","class":"normal","classBy":"qc-vigilance"}},{"type":"Feature","geometry":{"type":"Point","coordinates":[-79.17534,47.57147]},"properties":{"id":"qc-043004","name":"Rivi\u00e8re des Outaouais \u2014 \u00c0 la pointe du Pin Rouge","prov":"QC","kind":"river","level":262.917,"time":"2026-09-09T09:00:00Z","src":"qc"}},{"type":"Feature","geometry":{"type":"Point","coordinates":[-69.24556,57.41692]},"properties":{"id":"qc-103702","name":"Rivi\u00e8re Caniapiscau \u2014 \u00c0 1,0 km en amont de la chute de la Pyrite","prov":"QC","kind":"river","level":35.624,"discharge":642.3,"time":"2026-09-09T09:00:00Z","src":"qc"}},{"type":"Feature","geometry":{"type":"Point","coordinates":[-72.59379,45.30169]},"properties":{"id":"qc-030353","name":"Rivi\u00e8re Yamaska \u2014 Au pont du Chemin de Matap\u00e9dia","prov":"QC","kind":"river","level":48.971,"discharge":0.53,"time":"2026-09-09T09:45:00Z","src":"qc"}},{"type":"Feature","geometry":{"type":"Point","coordinates":[-70.53,47.56]},"properties":{"id":"qc-051305","name":"Rivi\u00e8re du Gouffre \u2014 \u00c0 80 m en amont du pont du village de Saint-Urbain","prov":"QC","kind":"river","level":47.534,"discharge":5.79,"time":"2026-09-09T09:30:00Z","src":"qc","class":"normal","classBy":"qc-vigilance"}},{"type":"Feature","geometry":{"type":"Point","coordinates":[-72.966,45.283]},"properties":{"id":"qc-030302","name":"Rivi\u00e8re Yamaska \u2014 \u00c0 0,6 km en amont du pont-route de la 235 \u00e0 Farnham","prov":"QC","kind":"river","level":62.666,"discharge":4.0,"time":"2026-09-09T09:45:00Z","src":"qc","class":"normal","classBy":"qc-vigilance"}},{"type":"Feature","geometry":{"type":"Point","coordinates":[-71.406,45.761]},"properties":{"id":"qc-030202","name":"Rivi\u00e8re Saint-Fran\u00e7ois \u2014 Au lac Aylmer \u00e0 Weedon","prov":"QC","kind":"river","level":247.563,"time":"2026-09-09T09:45:00Z","src":"qc","class":"normal","classBy":"qc-vigilance"}},{"type":"Feature","geometry":{"type":"Point","coordinates":[-72.50549,45.89654]},"properties":{"id":"qc-030299","name":"Rivi\u00e8re Saint-Germain \u2014 Au pont du boulevard des Pins \u00e0 Drummondville","prov":"QC","kind":"river","level":47.729,"discharge":0.29,"time":"2026-09-09T09:45:00Z","src":"qc"}},{"type":"Feature","geometry":{"type":"Point","coordinates":[-67.44883,48.49172]},"properties":{"id":"qc-011508","name":"Rivi\u00e8re Matap\u00e9dia \u2014 Au pont couvert en amont d'Amqui","prov":"QC","kind":"river","level":156.504,"discharge":2.07,"time":"2026-09-09T09:30:00Z","src":"qc","class":"normal","classBy":"qc-vigilance"}},{"type":"Feature","geometry":{"type":"Point","coordinates":[-75.754,47.083]},"properties":{"id":"qc-040830","name":"Rivi\u00e8re Gatineau \u2014 \u00c0 la t\u00eate des rapides Ceizur","prov":"QC","kind":"river","level":26.04,"discharge":39.86,"time":"2026-09-09T09:00:00Z","src":"qc"}},{"type":"Feature","geometry":{"type":"Point","coordinates":[-77.816,46.346]},"properties":{"id":"qc-041902","name":"Rivi\u00e8re Dumoine \u2014 \u00c0 la sortie du lac Robinson","prov":"QC","kind":"river","level":27.552,"discharge":21.38,"time":"2026-09-09T09:00:00Z","src":"qc"}},{"type":"Feature","geometry":{"type":"Point","coordinates":[-71.32182,46.91762]},"properties":{"id":"qc-050917","name":"Rivi\u00e8re Jaune \u2014 \u00c0 1.5 km en amont de l'autoroute Laurentienne                                                                                                                                                                                                                 ","prov":"QC","kind":"river","level":46.194,"discharge":0.58,"time":"2026-09-09T09:45:00Z","src":"qc"}},{"type":"Feature","geometry":{"type":"Point","coordinates":[-73.14318,46.46383]},"properties":{"id":"qc-052811","name":"Lac Saint-Alexis \u2014 \u00c0 l'\u00e9glise de Saint-Alexis-des-Monts                                                                                                                                                                                                                          ","prov":"QC","kind":"lake","level":155.755,"time":"2026-09-09T09:45:00Z","src":"qc"}},{"type":"Feature","geometry":{"type":"Point","coordinates":[-75.08336,45.87675]},"properties":{"id":"qc-040407","name":"Lac Barri\u00e8re \u2014 Au barrage                                                                                                                                                                                                                                                    ","prov":"QC","kind":"lake","level":198.061,"time":"2026-09-09T09:45:00Z","src":"qc"}},{"type":"Feature","geometry":{"type":"Point","coordinates":[-79.26987,47.0417]},"properties":{"id":"qc-042609","name":"Lac Kipawa \u2014 Au lac Kipawa \u00e0 Laniel","prov":"QC","kind":"lake","level":269.396,"time":"2026-09-09T09:45:00Z","src":"qc"}},{"type":"Feature","geometry":{"type":"Point","coordinates":[-71.00333,46.85817]},"properties":{"id":"qc-03110","name":"Fleuve Saint-Laurent \u2014 Fleuve Saint, \u00e0 Saint-Laurent, \u00cele d'Orl\u00e9ans","prov":"QC","kind":"river","level":4.655,"time":"2026-09-09T10:25:00Z","src":"qc"}},{"type":"Feature","geometry":{"type":"Point","coordinates":[-72.3795,46.40033]},"properties":{"id":"qc-03353","name":"Fleuve Saint-Laurent \u2014 \u00c0 B\u00e9cancour","prov":"QC","kind":"river","level":0.46,"time":"2026-09-09T10:25:00Z","src":"qc","class":"normal","classBy":"qc-vigilance"}},{"type":"Feature","geometry":{"type":"Point","coordinates":[-68.51367,48.47833]},"properties":{"id":"qc-02985","name":"Fleuve Saint-Laurent \u2014 \u00c0 Rimouski","prov":"QC","kind":"river","level":1.138,"time":"2026-09-09T10:25:00Z","src":"qc"}},{"type":"Feature","geometry":{"type":"Point","coordinates":[-72.68907,45.59119]},"properties":{"id":"qc-030348","name":"Ruisseau Runnels \u2014 \u00c0 30 m\u00e8tres en aval du pont-route de Saint-Val\u00e9rien-de-Milton","prov":"QC","kind":"river","level":45.378,"discharge":0.02,"time":"2026-09-09T09:45:00Z","src":"qc"}},{"type":"Feature","geometry":{"type":"Point","coordinates":[-71.289,46.657]},"properties":{"id":"qc-023401","name":"Rivi\u00e8re Beaurivage \u2014 \u00c0 1,1 km en aval du pont-route 171 \u00e0 Saint-\u00c9tienne","prov":"QC","kind":"river","level":89.427,"discharge":1.45,"time":"2026-09-09T09:45:00Z","src":"qc","class":"normal","classBy":"qc-vigilance"}},{"type":"Feature","geometry":{"type":"Point","coordinates":[-66.166,48.629]},"properties":{"id":"qc-011003","name":"Rivi\u00e8re Cascap\u00e9dia \u2014 \u00c0 2,5 km en aval du ruisseau Berry","prov":"QC","kind":"river","level":46.544,"discharge":11.81,"time":"2026-09-09T09:00:00Z","src":"qc","class":"normal","classBy":"qc-vigilance"}},{"type":"Feature","geometry":{"type":"Point","coordinates":[-66.349,48.159]},"properties":{"id":"qc-011204","name":"Rivi\u00e8re Nouvelle \u2014 \u00c0 0,2 km en amont du pont-route 132 \u00e0 Nouvelle","prov":"QC","kind":"river","level":29.095,"discharge":15.4,"time":"2026-09-09T09:30:00Z","src":"qc","class":"normal","classBy":"qc-vigilance"}},{"type":"Feature","geometry":{"type":"Point","coordinates":[-71.451,46.306]},"properties":{"id":"qc-024003","name":"Rivi\u00e8re B\u00e9cancour \u2014 \u00c0 2,1 km en amont de la rivi\u00e8re Palmer","prov":"QC","kind":"river","level":181.778,"discharge":2.15,"time":"2026-09-09T09:45:00Z","src":"qc","class":"normal","classBy":"qc-vigilance"}},{"type":"Feature","geometry":{"type":"Point","coordinates":[-69.51215,47.65095]},"properties":{"id":"qc-022505","name":"Rivi\u00e8re Fourchue \u2014 \u00c0 0,2 km en aval du barrage Morin","prov":"QC","kind":"river","level":180.204,"discharge":2.33,"time":"2026-09-09T09:45:00Z","src":"qc","class":"normal","classBy":"qc-vigilance"}},{"type":"Feature","geometry":{"type":"Point","coordinates":[-71.0723,46.5036]},"properties":{"id":"qc-Scott","name":"Rivi\u00e8re Chaudi\u00e8re \u2014 Au nord du pont-route 171 \u00e0 Scott","prov":"QC","kind":"river","level":138.9,"time":"2026-09-09T10:11:04Z","src":"qc","class":"normal","classBy":"qc-vigilance"}},{"type":"Feature","geometry":{"type":"Point","coordinates":[-70.776,46.211]},"properties":{"id":"qc-Beauceville","name":"Rivi\u00e8re Chaudi\u00e8re \u2014 Au pont-route 108 \u00e0 Beauceville","prov":"QC","kind":"river","level":145.56,"time":"2026-09-09T10:19:59Z","src":"qc","class":"normal","classBy":"qc-vigilance"}},{"type":"Feature","geometry":{"type":"Point","coordinates":[-71.63981,46.8673]},"properties":{"id":"qc-050807","name":"Rivi\u00e8re Ontaritzi \u2014 \u00c0 0,2 km en aval du barrage du lac Saint-Joseph","prov":"QC","kind":"river","level":156.991,"discharge":2.13,"time":"2026-09-09T09:00:00Z","src":"qc","class":"normal","classBy":"qc-vigilance"}},{"type":"Feature","geometry":{"type":"Point","coordinates":[-72.51456,45.34948]},"properties":{"id":"qc-030343","name":"Rivi\u00e8re Yamaska Nord \u2014 \u00c0 0,1 km en aval du barrage du lac Waterloo","prov":"QC","kind":"river","level":205.045,"discharge":0.02,"time":"2026-09-09T09:00:00Z","src":"qc"}},{"type":"Feature","geometry":{"type":"Point","coordinates":[-72.51701,45.34998]},"properties":{"id":"qc-030342","name":"Lac Waterloo \u2014 \u00c0 Waterloo","prov":"QC","kind":"lake","level":207.942,"time":"2026-09-09T09:00:00Z","src":"qc"}},{"type":"Feature","geometry":{"type":"Point","coordinates":[-74.27669,46.11825]},"properties":{"id":"qc-040132","name":"Rivi\u00e8re du Nord \u2014 \u00c0 0,01 km en aval du barrage Ludger","prov":"QC","kind":"river","level":373.709,"discharge":0.21,"time":"2026-09-09T09:00:00Z","src":"qc"}},{"type":"Feature","geometry":{"type":"Point","coordinates":[-73.43989,45.97733]},"properties":{"id":"qc-052235","name":"Ruisseau Saint-Pierre \u2014 Au pont-route du chemin du Vieux-Moulin \u00e0 0,2 km de la route 343","prov":"QC","kind":"river","level":48.917,"discharge":0.29,"time":"2026-09-09T09:45:00Z","src":"qc"}},{"type":"Feature","geometry":{"type":"Point","coordinates":[-73.9148,46.68411]},"properties":{"id":"qc-050119","name":"Rivi\u00e8re Matawin \u2014 \u00c0 4,0 km en aval du pont-route 131 \u00e0 Saint-Michel-des-Saints","prov":"QC","kind":"river","level":26.521,"discharge":8.18,"time":"2026-09-09T09:30:00Z","src":"qc","class":"normal","classBy":"qc-vigilance"}},{"type":"Feature","geometry":{"type":"Point","coordinates":[-75.74368,45.48464]},"properties":{"id":"qc-411","name":"Rivi\u00e8re Gatineau \u2014 Rue Cartier","prov":"QC","kind":"river","level":42.3,"time":"2026-09-08T16:50:00Z","src":"qc"}},{"type":"Feature","geometry":{"type":"Point","coordinates":[-75.69979,45.45739]},"properties":{"id":"qc-412","name":"Rivi\u00e8re Gatineau \u2014 Quai des Artistes","prov":"QC","kind":"river","level":41.326,"time":"2026-09-08T17:20:00Z","src":"qc"}},{"type":"Feature","geometry":{"type":"Point","coordinates":[-71.30058,46.65121]},"properties":{"id":"qc-893","name":"Rivi\u00e8re Beaurivage \u2014 Au pont de la route 171","prov":"QC","kind":"river","level":89.554,"time":"2026-09-08T17:20:00Z","src":"qc"}},{"type":"Feature","geometry":{"type":"Point","coordinates":[-75.41105,45.52658]},"properties":{"id":"qc-410","name":"Rivi\u00e8re des Outaouais \u2014 Traversier Masson","prov":"QC","kind":"river","level":41.28,"time":"2026-09-08T17:20:00Z","src":"qc"}},{"type":"Feature","geometry":{"type":"Point","coordinates":[-73.38913,46.40358]},"properties":{"id":"qc-490","name":"Rivi\u00e8re Mastigouche \u2014 \u00c0 10 km en amont du lac Maskinong\u00e9, \u00e0 Mandeville","prov":"QC","kind":"river","level":150.96,"time":"2026-09-08T17:20:00Z","src":"qc"}},{"type":"Feature","geometry":{"type":"Point","coordinates":[-72.098,46.199]},"properties":{"id":"qc-024014","name":"Rivi\u00e8re B\u00e9cancour \u2014 \u00c0 6 km en aval du pont de l'autoroute 20 (Madington)","prov":"QC","kind":"river","level":46.829,"discharge":5.37,"time":"2026-09-09T09:45:00Z","src":"qc","class":"normal","classBy":"qc-vigilance"}},{"type":"Feature","geometry":{"type":"Point","coordinates":[-71.97661,46.06914]},"properties":{"id":"qc-030118","name":"R\u00e9servoir Beaudet \u2014 Au r\u00e9servoir Beaudet \u00e0 Victoriaville","prov":"QC","kind":"lake","level":128.827,"time":"2026-09-09T09:00:00Z","src":"qc","class":"normal","classBy":"qc-vigilance"}},{"type":"Feature","geometry":{"type":"Point","coordinates":[-71.978,46.071]},"properties":{"id":"qc-030106","name":"Rivi\u00e8re Bulstrode \u2014 \u00c0 120 m\u00e8tres en aval du Barrage Beaudet","prov":"QC","kind":"river","level":124.176,"discharge":0.28,"time":"2026-09-09T09:45:00Z","src":"qc","class":"normal","classBy":"qc-vigilance"}},{"type":"Feature","geometry":{"type":"Point","coordinates":[-67.66602,48.76705]},"properties":{"id":"qc-021702","name":"Rivi\u00e8re Blanche \u2014 \u00c0 3,5 km en amont du pont-route 132","prov":"QC","kind":"river","level":29.019,"discharge":0.54,"time":"2026-09-09T09:30:00Z","src":"qc"}},{"type":"Feature","geometry":{"type":"Point","coordinates":[-76.71458,47.72881]},"properties":{"id":"qc-043030","name":"Rivi\u00e8re Capitachouane \u2014 Dans la ZEC Capitachouane","prov":"QC","kind":"river","level":48.685,"discharge":8.49,"time":"2026-09-09T09:00:00Z","src":"qc"}},{"type":"Feature","geometry":{"type":"Point","coordinates":[-79.236,47.552]},"properties":{"id":"qc-043031","name":"Rivi\u00e8re des Outaouais \u2014 Au barrage des Quinze, \u00e0 proximit\u00e9 du bateau T. E. Draper","prov":"QC","kind":"river","level":262.857,"time":"2026-09-09T09:45:00Z","src":"qc"}},{"type":"Feature","geometry":{"type":"Point","coordinates":[-73.978,45.489]},"properties":{"id":"qc-043108","name":"Lac des Deux Montagnes \u2014 \u00c0 Pointe-Calumet","prov":"QC","kind":"lake","level":21.609,"time":"2026-09-09T09:45:00Z","src":"qc","class":"normal","classBy":"qc-vigilance"}},{"type":"Feature","geometry":{"type":"Point","coordinates":[-73.88236,45.53319]},"properties":{"id":"qc-043205","name":"Rivi\u00e8re des Mille \u00celes \u2014 En amont du barrage du Grand-Moulin \u00e0 Deux-Montagnes","prov":"QC","kind":"river","level":21.461,"time":"2026-09-09T09:45:00Z","src":"qc","class":"normal","classBy":"qc-vigilance"}},{"type":"Feature","geometry":{"type":"Point","coordinates":[-73.882,45.533]},"properties":{"id":"qc-043206","name":"Rivi\u00e8re des Mille \u00celes \u2014 En aval du barrage du Grand-Moulin \u00e0 Deux-Montagnes","prov":"QC","kind":"river","level":21.478,"time":"2026-09-09T09:45:00Z","src":"qc","class":"normal","classBy":"qc-vigilance"}},{"type":"Feature","geometry":{"type":"Point","coordinates":[-73.97539,45.5599]},"properties":{"id":"qc-046709","name":"Rivi\u00e8re du Ch\u00eane \u2014 \u00c0 la passerelle Lauzon sur la mont\u00e9e Lauzon","prov":"QC","kind":"river","level":48.036,"discharge":0.22,"time":"2026-09-09T09:30:00Z","src":"qc"}},{"type":"Feature","geometry":{"type":"Point","coordinates":[-79.02787,46.76702]},"properties":{"id":"qc-048603","name":"Ruisseau Gordon \u2014 \u00c0 la d\u00e9charge du lac Tee \u00e0 Kipawa","prov":"QC","kind":"river","level":260.78,"discharge":10.5,"time":"2026-09-09T09:45:00Z","src":"qc"}},{"type":"Feature","geometry":{"type":"Point","coordinates":[-78.854,48.366]},"properties":{"id":"qc-043012","name":"Rivi\u00e8re Kinojevis \u2014 \u00c0 0,3 km en amont du pont-route \u00e0 Cl\u00e9ricy","prov":"QC","kind":"river","level":269.712,"discharge":15.68,"time":"2026-09-09T09:30:00Z","src":"qc","class":"normal","classBy":"qc-vigilance"}},{"type":"Feature","geometry":{"type":"Point","coordinates":[-69.84931,47.53266]},"properties":{"id":"qc-022601","name":"Rivi\u00e8re Kamouraska \u2014 Au pont du rang de l'Embarras","prov":"QC","kind":"river","level":46.984,"discharge":0.21,"time":"2026-09-09T09:30:00Z","src":"qc","class":"normal","classBy":"qc-vigilance"}},{"type":"Feature","geometry":{"type":"Point","coordinates":[-70.88,45.573]},"properties":{"id":"qc-023409","name":"Lac M\u00e9gantic \u2014 Au lac M\u00e9gantic \u00e0 Lac-M\u00e9gantic","prov":"QC","kind":"lake","level":394.308,"time":"2026-09-09T09:00:00Z","src":"qc","class":"normal","classBy":"qc-vigilance"}},{"type":"Feature","geometry":{"type":"Point","coordinates":[-72.313,46.06]},"properties":{"id":"qc-030103","name":"Rivi\u00e8re Nicolet \u2014 \u00c0 5,8 km en aval de la Bulstrode","prov":"QC","kind":"river","level":25.374,"discharge":4.0,"time":"2026-09-09T08:45:00Z","src":"qc","class":"normal","classBy":"qc-vigilance"}},{"type":"Feature","geometry":{"type":"Point","coordinates":[-71.91176,45.03639]},"properties":{"id":"qc-030297","name":"Lac Lyster \u2014 \u00c0 Coaticook","prov":"QC","kind":"lake","level":470.72,"time":"2026-09-09T09:00:00Z","src":"qc"}},{"type":"Feature","geometry":{"type":"Point","coordinates":[-69.47361,48.37139]},"properties":{"id":"qc-070204","name":"Rivi\u00e8re des Escoumins \u2014 \u00c0 9,0 km de l'embouchure de la rivi\u00e8re des Escoumins","prov":"QC","kind":"river","level":52.176,"discharge":6.4,"time":"2026-09-09T09:30:00Z","src":"qc","class":"normal","classBy":"qc-vigilance"}},{"type":"Feature","geometry":{"type":"Point","coordinates":[-78.11,48.598]},"properties":{"id":"qc-080101","name":"Rivi\u00e8re Harricana \u2014 \u00c0 3,1 km en aval du pont-route 111 \u00e0 Amos","prov":"QC","kind":"river","level":292.883,"discharge":31.86,"time":"2026-09-09T09:45:00Z","src":"qc","class":"normal","classBy":"qc-vigilance"}},{"type":"Feature","geometry":{"type":"Point","coordinates":[-69.645,47.612]},"properties":{"id":"qc-022507","name":"Rivi\u00e8re du Loup \u2014 Au pont-route \u00e0 Saint-Joseph-de-Kamouraska","prov":"QC","kind":"river","level":125.571,"discharge":0.72,"time":"2026-09-09T09:45:00Z","src":"qc","class":"normal","classBy":"qc-vigilance"}},{"type":"Feature","geometry":{"type":"Point","coordinates":[-69.51667,47.82194]},"properties":{"id":"qc-022513","name":"Rivi\u00e8re du Loup \u2014 \u00c0 1.4 km en aval du pont-route 185","prov":"QC","kind":"river","level":90.256,"discharge":3.91,"time":"2026-09-09T09:00:00Z","src":"qc","class":"normal","classBy":"qc-vigilance"}},{"type":"Feature","geometry":{"type":"Point","coordinates":[-69.195,48.089]},"properties":{"id":"qc-022301","name":"Rivi\u00e8re des Trois Pistoles \u2014 \u00c0 2,1 km en amont du pont-route 132","prov":"QC","kind":"river","level":39.293,"discharge":0.84,"time":"2026-09-09T09:45:00Z","src":"qc","class":"normal","classBy":"qc-vigilance"}},{"type":"Feature","geometry":{"type":"Point","coordinates":[-73.11567,46.04717]},"properties":{"id":"qc-15930","name":"Fleuve Saint-Laurent \u2014 \u00c0 Sorel","prov":"QC","kind":"river","level":0.506,"time":"2026-09-09T10:25:00Z","src":"qc","class":"normal","classBy":"qc-vigilance"}},{"type":"Feature","geometry":{"type":"Point","coordinates":[-70.80817,46.9965]},"properties":{"id":"qc-03100","name":"Fleuve Saint-Laurent \u2014 \u00c0 Saint-Fran\u00e7ois","prov":"QC","kind":"river","level":4.628,"time":"2026-09-09T10:25:00Z","src":"qc","class":"normal","classBy":"qc-vigilance"}},{"type":"Feature","geometry":{"type":"Point","coordinates":[-72.61933,46.2725]},"properties":{"id":"qc-03365","name":"Fleuve Saint-Laurent \u2014 \u00c0 Port-Saint-Fran\u00e7ois","prov":"QC","kind":"river","level":0.654,"time":"2026-09-09T10:25:00Z","src":"qc","class":"normal","classBy":"qc-vigilance"}},{"type":"Feature","geometry":{"type":"Point","coordinates":[-72.53917,46.3405]},"properties":{"id":"qc-03360","name":"Fleuve Saint-Laurent \u2014 \u00c0 Trois-Rivi\u00e8res","prov":"QC","kind":"river","level":0.53,"time":"2026-09-09T10:25:00Z","src":"qc","class":"normal","classBy":"qc-vigilance"}},{"type":"Feature","geometry":{"type":"Point","coordinates":[-72.8955,46.19483]},"properties":{"id":"qc-15975","name":"Lac Saint-Pierre \u2014 Au lac-Saint-Pierre","prov":"QC","kind":"lake","level":0.485,"time":"2026-09-09T10:25:00Z","src":"qc","class":"normal","classBy":"qc-vigilance"}},{"type":"Feature","geometry":{"type":"Point","coordinates":[-66.37683,50.19483]},"properties":{"id":"qc-02780","name":"Fleuve Saint-Laurent \u2014 \u00c0 Sept-\u00celes","prov":"QC","kind":"river","level":0.597,"time":"2026-09-09T10:25:00Z","src":"qc"}},{"type":"Feature","geometry":{"type":"Point","coordinates":[-72.10583,46.561]},"properties":{"id":"qc-03335","name":"Fleuve Saint-Laurent \u2014 \u00c0 Cap-\u00e0-la-Roche","prov":"QC","kind":"river","level":2.14,"time":"2026-09-09T10:25:00Z","src":"qc","class":"normal","classBy":"qc-vigilance"}},{"type":"Feature","geometry":{"type":"Point","coordinates":[-64.3805,48.997]},"properties":{"id":"qc-02330","name":"Golfe du Saint-Laurent \u2014 Golfe du Saint-Laurent, \u00e0 Rivi\u00e8re-au-Renard","prov":"QC","kind":"river","level":0.592,"time":"2026-09-09T10:25:00Z","src":"qc"}},{"type":"Feature","geometry":{"type":"Point","coordinates":[-65.559,48.187]},"properties":{"id":"qc-010802","name":"Rivi\u00e8re Bonaventure \u2014 \u00c0 2,4 km en amont du ruisseau Creux","prov":"QC","kind":"river","level":47.629,"discharge":9.24,"time":"2026-09-09T09:00:00Z","src":"qc","class":"normal","classBy":"qc-vigilance"}},{"type":"Feature","geometry":{"type":"Point","coordinates":[-65.733,48.232]},"properties":{"id":"qc-010902","name":"Rivi\u00e8re Petite Cascap\u00e9dia \u2014 \u00c0 0,9 km sur la rive gauche en aval du pont-route couvert \u00e0 Saint-Edgar","prov":"QC","kind":"river","level":22.536,"discharge":10.62,"time":"2026-09-09T09:30:00Z","src":"qc","class":"normal","classBy":"qc-vigilance"}},{"type":"Feature","geometry":{"type":"Point","coordinates":[-73.28317,45.83267]},"properties":{"id":"qc-15780","name":"Fleuve Saint-Laurent \u2014 \u00c0 Contrecoeur","prov":"QC","kind":"river","level":0.378,"time":"2026-09-09T10:25:00Z","src":"qc","class":"normal","classBy":"qc-vigilance"}},{"type":"Feature","geometry":{"type":"Point","coordinates":[-66.476,49.044]},"properties":{"id":"qc-021407","name":"Rivi\u00e8re Sainte-Anne \u2014 \u00c0 9,7 km en amont du pont-route 132","prov":"QC","kind":"river","level":26.842,"discharge":6.95,"time":"2026-09-09T09:00:00Z","src":"qc","class":"normal","classBy":"qc-vigilance"}},{"type":"Feature","geometry":{"type":"Point","coordinates":[-67.54,48.774]},"properties":{"id":"qc-021601","name":"Rivi\u00e8re Matane \u2014 \u00c0 8,5 km en amont du pont-route 132 \u00e0 Matane","prov":"QC","kind":"river","level":15.792,"discharge":9.01,"time":"2026-09-09T09:45:00Z","src":"qc","class":"normal","classBy":"qc-vigilance"}},{"type":"Feature","geometry":{"type":"Point","coordinates":[-67.52936,48.84336]},"properties":{"id":"qc-021605","name":"Rivi\u00e8re Matane \u2014 Du c\u00f4t\u00e9 ouest du barrage Mathieu-D'Amours","prov":"QC","kind":"river","level":5.428,"time":"2026-09-09T09:00:00Z","src":"qc"}},{"type":"Feature","geometry":{"type":"Point","coordinates":[-68.35611,48.41972]},"properties":{"id":"qc-021916","name":"Rivi\u00e8re Petite Neigette \u2014 \u00c0 0,5 km en aval  du lac \u00e0 la Peinture","prov":"QC","kind":"river","level":47.921,"discharge":0.56,"time":"2026-09-09T09:00:00Z","src":"qc","class":"normal","classBy":"qc-vigilance"}},{"type":"Feature","geometry":{"type":"Point","coordinates":[-71.425,46.868]},"properties":{"id":"qc-050915","name":"Rivi\u00e8re Nelson \u2014 Au pont de l'autoroute 573 (Henri IV), secteur Val-B\u00e9lair \u00e0 Qu\u00e9bec","prov":"QC","kind":"river","level":155.029,"discharge":0.64,"time":"2026-09-09T09:45:00Z","src":"qc","class":"normal","classBy":"qc-vigilance"}},{"type":"Feature","geometry":{"type":"Point","coordinates":[-71.362,47.003]},"properties":{"id":"qc-050916","name":"Rivi\u00e8re des Hurons \u2014 Au pont de la rue Crawford \u00e0 Stoneham","prov":"QC","kind":"river","level":48.949,"discharge":1.31,"time":"2026-09-09T09:45:00Z","src":"qc","class":"normal","classBy":"qc-vigilance"}},{"type":"Feature","geometry":{"type":"Point","coordinates":[-73.186,46.601]},"properties":{"id":"qc-052805","name":"Rivi\u00e8re du Loup \u2014 \u00c0 0,3 km en aval du ruisseau Carufel","prov":"QC","kind":"river","level":27.633,"discharge":3.22,"time":"2026-09-09T09:45:00Z","src":"qc","class":"normal","classBy":"qc-vigilance"}},{"type":"Feature","geometry":{"type":"Point","coordinates":[-72.513,48.684]},"properties":{"id":"qc-061909","name":"Rivi\u00e8re aux Saumons \u2014 \u00c0 1,3 km de la rivi\u00e8re Ashuapmushuan","prov":"QC","kind":"river","level":30.165,"discharge":11.47,"time":"2026-09-09T09:45:00Z","src":"qc","class":"normal","classBy":"qc-vigilance"}},{"type":"Feature","geometry":{"type":"Point","coordinates":[-72.49206,48.80378]},"properties":{"id":"qc-062002","name":"Rivi\u00e8re Rouge \u2014 En amont du ponceau sur la route 373 (rang Saint-Cyrille)","prov":"QC","kind":"river","level":48.418,"discharge":0.28,"time":"2026-09-09T09:30:00Z","src":"qc"}},{"type":"Feature","geometry":{"type":"Point","coordinates":[-72.272,48.889]},"properties":{"id":"qc-062102","name":"Rivi\u00e8re Mistassini \u2014 \u00c0 3,4 km en amont de la rivi\u00e8re Mistassibi","prov":"QC","kind":"river","level":26.883,"discharge":112.8,"time":"2026-09-08T22:30:00Z","src":"qc"}},{"type":"Feature","geometry":{"type":"Point","coordinates":[-79.01145,48.77667]},"properties":{"id":"qc-089903","name":"Lac Macamic \u2014 \u00c0 Macamic","prov":"QC","kind":"lake","level":279.193,"time":"2026-09-09T09:45:00Z","src":"qc","class":"normal","classBy":"qc-vigilance"}},{"type":"Feature","geometry":{"type":"Point","coordinates":[-78.86184,48.74409]},"properties":{"id":"qc-089907","name":"Rivi\u00e8re Bellefeuille \u2014 Au pont de la route 11 \u00e0 Authier","prov":"QC","kind":"river","level":286.762,"discharge":1.25,"time":"2026-09-09T09:45:00Z","src":"qc"}},{"type":"Feature","geometry":{"type":"Point","coordinates":[-71.16222,47.27172]},"properties":{"id":"qc-051002","name":"Ruisseau des Eaux Vol\u00e9es \u2014 \u00c0 0,2 km en amont du chemin du Belv\u00e9d\u00e8re","prov":"QC","kind":"river","level":29.184,"discharge":0.08,"time":"2026-09-09T09:45:00Z","src":"qc"}},{"type":"Feature","geometry":{"type":"Point","coordinates":[-71.15972,47.27183]},"properties":{"id":"qc-051007","name":"Ruisseau des Aulnaies \u2014 \u00c0 30 m du ruisseau des Eaux Vol\u00e9es","prov":"QC","kind":"river","level":29.688,"discharge":0.06,"time":"2026-09-09T09:45:00Z","src":"qc"}},{"type":"Feature","geometry":{"type":"Point","coordinates":[-71.27,48.36]},"properties":{"id":"qc-061002","name":"Lac-K\u00e9nogami \u2014 Au Lac-K\u00e9nogami au barrage de Pibrac-Est","prov":"QC","kind":"lake","level":163.488,"time":"2026-09-09T09:00:00Z","src":"qc"}},{"type":"Feature","geometry":{"type":"Point","coordinates":[-73.35388,44.99992]},"properties":{"id":"qc-04295000","name":"Lac Champlain \u2014 \u00c0 Rouses Point","prov":"QC","kind":"lake","level":28.733,"time":"2026-09-09T08:00:00Z","src":"qc","class":"normal","classBy":"qc-vigilance"}},{"type":"Feature","geometry":{"type":"Point","coordinates":[-73.825,45.158]},"properties":{"id":"qc-030907","name":"Rivi\u00e8re des Anglais \u2014 \u00c0 1,1 km en aval du pont-route \u00e0 Tr\u00e8s-Saint-Sacrement","prov":"QC","kind":"river","level":37.249,"discharge":1.42,"time":"2026-09-09T09:30:00Z","src":"qc"}},{"type":"Feature","geometry":{"type":"Point","coordinates":[-74.172,45.087]},"properties":{"id":"qc-030919","name":"Rivi\u00e8re Ch\u00e2teauguay \u2014 \u00c0 Huntingdon","prov":"QC","kind":"river","level":29.015,"discharge":6.12,"time":"2026-09-09T09:30:00Z","src":"qc","class":"normal","classBy":"qc-vigilance"}},{"type":"Feature","geometry":{"type":"Point","coordinates":[-75.41889,46.54842]},"properties":{"id":"qc-040605","name":"Lac des \u00c9corces \u2014 \u00c0 Mont-Laurier","prov":"QC","kind":"lake","level":229.637,"time":"2026-09-09T09:15:00Z","src":"qc"}},{"type":"Feature","geometry":{"type":"Point","coordinates":[-71.889,45.406]},"properties":{"id":"qc-030208","name":"Rivi\u00e8re Saint-Fran\u00e7ois \u2014 Au parc Saint-Fran\u00e7ois, en face de l'embouchure de la rivi\u00e8re Magog","prov":"QC","kind":"river","level":140.155,"discharge":29.11,"time":"2026-09-09T09:45:00Z","src":"qc","class":"normal","classBy":"qc-vigilance"}},{"type":"Feature","geometry":{"type":"Point","coordinates":[-74.27974,46.08318]},"properties":{"id":"qc-040104","name":"Rivi\u00e8re du Nord \u2014 Au lac Br\u00fbl\u00e9 \u00e0 Sainte-Agathe-des-Monts","prov":"QC","kind":"river","level":367.059,"time":"2026-09-09T09:45:00Z","src":"qc"}},{"type":"Feature","geometry":{"type":"Point","coordinates":[-74.42692,46.09097]},"properties":{"id":"qc-040105","name":"Lac Cornu \u2014 Au lac Cornu \u00e0 Saint-Faustin-Lac-Carr\u00e9","prov":"QC","kind":"lake","level":389.636,"time":"2026-09-09T09:00:00Z","src":"qc"}},{"type":"Feature","geometry":{"type":"Point","coordinates":[-76.74333,45.83944]},"properties":{"id":"qc-FOR_COUL.1","name":"Rivi\u00e8re des Outaouais \u2014 \u00c0 Fort-Coulonge","prov":"QC","kind":"river","level":106.164,"time":"2026-09-09T09:00:00Z","src":"qc","class":"normal","classBy":"qc-vigilance"}},{"type":"Feature","geometry":{"type":"Point","coordinates":[-70.71083,47.0895]},"properties":{"id":"qc-03075","name":"Fleuve Saint-Laurent \u2014 Au Cap du Banc Br\u00fbl\u00e9","prov":"QC","kind":"river","level":4.462,"time":"2026-09-09T10:25:00Z","src":"qc"}},{"type":"Feature","geometry":{"type":"Point","coordinates":[-74.8168,46.3648]},"properties":{"id":"qc-040241","name":"Lac Barri\u00e8re \u2014 \u00c0 8 km en aval de la ville de Rivi\u00e8re Rouge","prov":"QC","kind":"lake","level":44.533,"discharge":18.04,"time":"2026-09-09T09:30:00Z","src":"qc"}},{"type":"Feature","geometry":{"type":"Point","coordinates":[-72.17256,48.94253]},"properties":{"id":"qc-062114","name":"Rivi\u00e8re Mistassibi \u2014 En amont de la chute Bouchard","prov":"QC","kind":"river","level":45.33,"discharge":131.7,"time":"2026-09-09T09:45:00Z","src":"qc","class":"normal","classBy":"qc-vigilance"}},{"type":"Feature","geometry":{"type":"Point","coordinates":[-71.28608,48.37239]},"properties":{"id":"qc-061029","name":"Rivi\u00e8re aux Sables \u2014 \u00c0 75 m en amont du pont suspendu du complexe Cepal","prov":"QC","kind":"river","level":44.304,"discharge":10.37,"time":"2026-09-09T09:00:00Z","src":"qc","class":"normal","classBy":"qc-vigilance"}},{"type":"Feature","geometry":{"type":"Point","coordinates":[-70.3655,47.44883]},"properties":{"id":"qc-03057","name":"Fleuve Saint-Laurent \u2014 \u00c0 Saint-Joseph-de-la-Rive","prov":"QC","kind":"river","level":3.824,"time":"2026-09-09T10:25:00Z","src":"qc"}},{"type":"Feature","geometry":{"type":"Point","coordinates":[-72.74258,47.58421]},"properties":{"id":"qc-050117","name":"Rivi\u00e8re Croche \u2014 \u00c0 2,6 km en aval du ruisseau du Huard","prov":"QC","kind":"river","level":46.609,"discharge":18.84,"time":"2026-09-09T09:45:00Z","src":"qc"}},{"type":"Feature","geometry":{"type":"Point","coordinates":[-71.526,46.893]},"properties":{"id":"qc-050801","name":"Rivi\u00e8re Jacques-Cartier \u2014 En aval du pont du Chemin Gosford","prov":"QC","kind":"river","level":150.959,"discharge":40.13,"time":"2026-09-09T09:30:00Z","src":"qc","class":"normal","classBy":"qc-vigilance"}},{"type":"Feature","geometry":{"type":"Point","coordinates":[-73.32447,45.50911]},"properties":{"id":"qc-030432","name":"Ruisseau Mass\u00e9 \u2014 Au secteur Carignan sur le Golf","prov":"QC","kind":"river","level":47.445,"discharge":0.29,"time":"2026-09-09T09:45:00Z","src":"qc"}},{"type":"Feature","geometry":{"type":"Point","coordinates":[-114.0975,51.0006]},"properties":{"id":"ab-05BJ008","name":"Glenmore Reservoir","prov":"AB","kind":"reservoir","level":1076.804,"time":"2026-09-09T10:00:00Z","src":"ab","resName":"Glenmore Reservoir","resOperator":"City of Calgary Water Services","capacityKm3":0.0235,"fillPct":98.8,"estStorageKm3":0.023}},{"type":"Feature","geometry":{"type":"Point","coordinates":[-114.0533,49.612]},"properties":{"id":"ab-05AA032","name":"Oldman River Dam Reservoir","prov":"AB","kind":"reservoir","level":1112.671,"time":"2026-09-09T09:10:00Z","src":"ab","resName":"Oldman River Dam Reservoir","resOperator":"Alberta Environment and Protected Areas","capacityKm3":0.495,"fillPct":74.8,"estStorageKm3":0.37}},{"type":"Feature","geometry":{"type":"Point","coordinates":[-113.1146,49.363]},"properties":{"id":"ab-05AE025","name":"St. Mary Reservoir","prov":"AB","kind":"reservoir","level":1098.81,"time":"2026-09-09T09:30:00Z","src":"ab","resName":"St. Mary Reservoir","resOperator":"Alberta Environment / SMRID","capacityKm3":0.369,"fillPct":61.0,"estStorageKm3":0.225}},{"type":"Feature","geometry":{"type":"Point","coordinates":[-114.7167,51.2167]},"properties":{"id":"ab-05BE005","name":"Ghost Lake Reservoir","prov":"AB","kind":"reservoir","level":1190.707,"time":"2026-09-09T09:00:00Z","src":"ab","resName":"Ghost Lake Reservoir","resOperator":"TransAlta","capacityKm3":0.0657,"fillPct":82.1,"estStorageKm3":0.054}},{"type":"Feature","geometry":{"type":"Point","coordinates":[-118.45,52.13]},"properties":{"id":"res-kinbasket-reservoir-mica-dam","name":"Kinbasket Reservoir (Mica Dam)","prov":"BC","kind":"reservoir","resName":"Kinbasket Reservoir (Mica Dam)","resOperator":"BC Hydro","src":"static","capacityKm3":14.8,"fslM":754.4,"resNote":"gauge not currently in realtime feed"}},{"type":"Feature","geometry":{"type":"Point","coordinates":[-100.169,53.329]},"properties":{"id":"res-cedar-lake-grand-rapids-gs","name":"Cedar Lake (Grand Rapids GS)","prov":"MB","kind":"reservoir","resName":"Cedar Lake (Grand Rapids GS)","resOperator":"Manitoba Hydro","src":"static","fslM":256.64}},{"type":"Feature","geometry":{"type":"Point","coordinates":[-123.697,48.5556]},"properties":{"id":"res-sooke-lake-reservoir","name":"Sooke Lake Reservoir","prov":"BC","kind":"reservoir","resName":"Sooke Lake Reservoir","resOperator":"Capital Regional District","src":"static","capacityKm3":0.16,"resNote":"Greater Victoria main supply; CRD publishes weekly PDF only \u2014 no live gauge"}},{"type":"Feature","geometry":{"type":"Point","coordinates":[-123.1113,49.3596]},"properties":{"id":"res-capilano-reservoir-cleveland-dam","name":"Capilano Reservoir (Cleveland Dam)","prov":"BC","kind":"reservoir","resName":"Capilano Reservoir (Cleveland Dam)","resOperator":"Metro Vancouver","src":"static","resNote":"weekly aggregate dashboard only \u2014 no live gauge"}},{"type":"Feature","geometry":{"type":"Point","coordinates":[-122.9653,49.4403]},"properties":{"id":"res-seymour-falls-reservoir","name":"Seymour Falls Reservoir","prov":"BC","kind":"reservoir","resName":"Seymour Falls Reservoir","resOperator":"Metro Vancouver","src":"static","resNote":"weekly aggregate dashboard only \u2014 no live gauge"}},{"type":"Feature","geometry":{"type":"Point","coordinates":[-105.3861,50.5833]},"properties":{"id":"res-buffalo-pound-lake","name":"Buffalo Pound Lake","prov":"SK","kind":"reservoir","resName":"Buffalo Pound Lake","resOperator":"Sask. WSA / Buffalo Pound WTP","src":"static","capacityKm3":0.092,"fslM":509.47,"resNote":"WSC gauge not in realtime feed \u2014 no live path currently"}}]}